Item	Gloss	Site_Code	PDF_Page	Printed_Page	Column	Manual_Transcription	Review_Status	Confidence	Uncertainty	Reviewer_Method	Reviewed_At	Reviewer_Declaration
176	different	KEL	126	118	left	1 dʒuɖõ	attested	high		manual-source-image; rendered-400dpi+900dpi-rereview; OCR-not-accepted	2026-08-28	hand-keyed-from-rendered-source; OCR-not-copied
176	different	DHA	126	118	left	1 dʒuɖo	attested	high		manual-source-image; rendered-400dpi+900dpi-rereview; OCR-not-accepted	2026-08-28	hand-keyed-from-rendered-source; OCR-not-copied
176	different	DIG	126	118	left	1 dʒuɖõ	attested	high		manual-source-image; rendered-400dpi+900dpi-rereview; OCR-not-accepted	2026-08-28	hand-keyed-from-rendered-source; OCR-not-copied
176	different	AMO	126	118	left	3 alʌgʌlʌg	attested	high		manual-source-image; rendered-400dpi+900dpi-rereview; OCR-not-accepted	2026-08-28	hand-keyed-from-rendered-source; OCR-not-copied
176	different	MUN	126	118	left	1 dzuɖu, 2 alog	attested	high		manual-source-image; rendered-400dpi+900dpi-rereview; OCR-not-accepted	2026-08-28	hand-keyed-from-rendered-source; OCR-not-copied
176	different	AST	126	118	left	2 alog	attested	high		manual-source-image; rendered-400dpi+900dpi-rereview; OCR-not-accepted	2026-08-28	hand-keyed-from-rendered-source; OCR-not-copied
176	different	MAN	126	118	right	1 dʒuɖo	attested	high		manual-source-image; rendered-400dpi+900dpi-rereview; OCR-not-accepted	2026-08-28	hand-keyed-from-rendered-source; OCR-not-copied
176	different	BHU	126	118	right	2 olʌg	attested	high		manual-source-image; rendered-400dpi+900dpi-rereview; OCR-not-accepted	2026-08-28	hand-keyed-from-rendered-source; OCR-not-copied
176	different	AML	126	118	right	3 alʌgʌlʌg, 4 phorok	attested	high		manual-source-image; rendered-400dpi+900dpi-rereview; OCR-not-accepted	2026-08-28	hand-keyed-from-rendered-source; OCR-not-copied
176	different	SEG	126	118	right	3 alʌgʌlʌg	attested	high		manual-source-image; rendered-400dpi+900dpi-rereview; OCR-not-accepted	2026-08-28	hand-keyed-from-rendered-source; OCR-not-copied
176	different	KAN	126	118	right	3 olʌgʌlʌg	attested	high		manual-source-image; rendered-400dpi+900dpi-rereview; OCR-not-accepted	2026-08-28	hand-keyed-from-rendered-source; OCR-not-copied
176	different	SHA	126	118	right	3 alʌgʌlʌg	attested	high		manual-source-image; rendered-400dpi+900dpi-rereview; OCR-not-accepted	2026-08-28	hand-keyed-from-rendered-source; OCR-not-copied
176	different	TOR	126	118	right	4 pharek	attested	high		manual-source-image; rendered-400dpi+900dpi-rereview; OCR-not-accepted	2026-08-28	hand-keyed-from-rendered-source; OCR-not-copied
177	whole	KEL	126	118	left	1 purõ	attested	high		manual-source-image; rendered-400dpi+900dpi-rereview; OCR-not-accepted	2026-08-28	hand-keyed-from-rendered-source; OCR-not-copied
177	whole	DHA	126	118	left	1 puro	attested	high		manual-source-image; rendered-400dpi+900dpi-rereview; OCR-not-accepted	2026-08-28	hand-keyed-from-rendered-source; OCR-not-copied
177	whole	DIG	126	118	left	1 puro	attested	high		manual-source-image; rendered-400dpi+900dpi-rereview; OCR-not-accepted	2026-08-28	hand-keyed-from-rendered-source; OCR-not-copied
177	whole	AMO	126	118	left	4 buɖkõ	attested	high		manual-source-image; rendered-400dpi+900dpi-rereview; OCR-not-accepted	2026-08-28	hand-keyed-from-rendered-source; OCR-not-copied
177	whole	MUN	126	118	left	2 akhuwo	attested	high		manual-source-image; rendered-400dpi+900dpi-rereview; OCR-not-accepted	2026-08-28	hand-keyed-from-rendered-source; OCR-not-copied
177	whole	AST	126	118	left	2 akhuwo	attested	high		manual-source-image; rendered-400dpi+900dpi-rereview; OCR-not-accepted	2026-08-28	hand-keyed-from-rendered-source; OCR-not-copied
177	whole	MAN	126	118	right	2 akhlo	attested	high		manual-source-image; rendered-400dpi+900dpi-rereview; OCR-not-accepted	2026-08-28	hand-keyed-from-rendered-source; OCR-not-copied
177	whole	BHU	126	118	right	2 akhlo	attested	high		manual-source-image; rendered-400dpi+900dpi-rereview; OCR-not-accepted	2026-08-28	hand-keyed-from-rendered-source; OCR-not-copied
177	whole	AML	126	118	right		blank	high	Confirmed printed horizontal dash rule; no lexical response.	manual-source-image; rendered-400dpi+900dpi-rereview; OCR-not-accepted	2026-08-28	hand-keyed-from-rendered-source; OCR-not-copied
177	whole	SEG	126	118	right	3 gulʌ	attested	high		manual-source-image; rendered-400dpi+900dpi-rereview; OCR-not-accepted	2026-08-28	hand-keyed-from-rendered-source; OCR-not-copied
177	whole	KAN	126	118	right		blank	high	Confirmed printed horizontal dash rule; no lexical response.	manual-source-image; rendered-400dpi+900dpi-rereview; OCR-not-accepted	2026-08-28	hand-keyed-from-rendered-source; OCR-not-copied
177	whole	SHA	126	118	right		blank	high	Confirmed printed horizontal dash rule; no lexical response.	manual-source-image; rendered-400dpi+900dpi-rereview; OCR-not-accepted	2026-08-28	hand-keyed-from-rendered-source; OCR-not-copied
177	whole	TOR	126	118	right	2 akhwalo	attested	high		manual-source-image; rendered-400dpi+900dpi-rereview; OCR-not-accepted	2026-08-28	hand-keyed-from-rendered-source; OCR-not-copied
178	broken	KEL	126	118	left	1 phuʈʌlõ	attested	high		manual-source-image; rendered-400dpi+900dpi-rereview; OCR-not-accepted	2026-08-28	hand-keyed-from-rendered-source; OCR-not-copied
178	broken	DHA	126	118	left	1 ɸuʈʌlo	attested	high		manual-source-image; rendered-400dpi+900dpi-rereview; OCR-not-accepted	2026-08-28	hand-keyed-from-rendered-source; OCR-not-copied
178	broken	DIG	126	118	left	1 ɸuʈʌlo	attested	high		manual-source-image; rendered-400dpi+900dpi-rereview; OCR-not-accepted	2026-08-28	hand-keyed-from-rendered-source; OCR-not-copied
178	broken	AMO	126	118	left	1 phuʈʈo	attested	high		manual-source-image; rendered-400dpi+900dpi-rereview; OCR-not-accepted	2026-08-28	hand-keyed-from-rendered-source; OCR-not-copied
178	broken	MUN	126	118	left	1 puʈʈio	attested	high		manual-source-image; rendered-400dpi+900dpi-rereview; OCR-not-accepted	2026-08-28	hand-keyed-from-rendered-source; OCR-not-copied
178	broken	AST	126	118	left	1 puʈno	attested	high		manual-source-image; rendered-400dpi+900dpi-rereview; OCR-not-accepted	2026-08-28	hand-keyed-from-rendered-source; OCR-not-copied
178	broken	MAN	126	118	right	1 phuʈʈo	attested	high		manual-source-image; rendered-400dpi+900dpi-rereview; OCR-not-accepted	2026-08-28	hand-keyed-from-rendered-source; OCR-not-copied
178	broken	BHU	126	118	right	1 phuʈlo	attested	high		manual-source-image; rendered-400dpi+900dpi-rereview; OCR-not-accepted	2026-08-28	hand-keyed-from-rendered-source; OCR-not-copied
178	broken	AML	126	118	right	1 phuʈlo	attested	high		manual-source-image; rendered-400dpi+900dpi-rereview; OCR-not-accepted	2026-08-28	hand-keyed-from-rendered-source; OCR-not-copied
178	broken	SEG	126	118	right	1 phuʈʈʌ	attested	high		manual-source-image; rendered-400dpi+900dpi-rereview; OCR-not-accepted	2026-08-28	hand-keyed-from-rendered-source; OCR-not-copied
178	broken	KAN	126	118	right	1 phuʈʈo	attested	high		manual-source-image; rendered-400dpi+900dpi-rereview; OCR-not-accepted	2026-08-28	hand-keyed-from-rendered-source; OCR-not-copied
178	broken	SHA	126	118	right	1 phuʈlu	attested	high		manual-source-image; rendered-400dpi+900dpi-rereview; OCR-not-accepted	2026-08-28	hand-keyed-from-rendered-source; OCR-not-copied
178	broken	TOR	126	118	right	1 phuʈel	attested	high		manual-source-image; rendered-400dpi+900dpi-rereview; OCR-not-accepted	2026-08-28	hand-keyed-from-rendered-source; OCR-not-copied
179	few	KEL	126	118	left	1 wai	attested	high		manual-source-image; rendered-400dpi+900dpi-rereview; OCR-not-accepted	2026-08-28	hand-keyed-from-rendered-source; OCR-not-copied
179	few	DHA	126	118	left	1 wai	attested	high		manual-source-image; rendered-400dpi+900dpi-rereview; OCR-not-accepted	2026-08-28	hand-keyed-from-rendered-source; OCR-not-copied
179	few	DIG	126	118	left	1 wai	attested	high		manual-source-image; rendered-400dpi+900dpi-rereview; OCR-not-accepted	2026-08-28	hand-keyed-from-rendered-source; OCR-not-copied
179	few	AMO	126	118	left	3 dzʌraksõ	attested	high		manual-source-image; rendered-400dpi+900dpi-rereview; OCR-not-accepted	2026-08-28	hand-keyed-from-rendered-source; OCR-not-copied
179	few	MUN	126	118	left	2 t̪oɖo	attested	high		manual-source-image; rendered-400dpi+900dpi-rereview; OCR-not-accepted	2026-08-28	hand-keyed-from-rendered-source; OCR-not-copied
179	few	AST	126	118	left	2 t̪oɖo	attested	high		manual-source-image; rendered-400dpi+900dpi-rereview; OCR-not-accepted	2026-08-28	hand-keyed-from-rendered-source; OCR-not-copied
179	few	MAN	126	118	right	2 t̪huɖo	attested	high		manual-source-image; rendered-400dpi+900dpi-rereview; OCR-not-accepted	2026-08-28	hand-keyed-from-rendered-source; OCR-not-copied
179	few	BHU	126	118	right	2 t̪uɖo	attested	high		manual-source-image; rendered-400dpi+900dpi-rereview; OCR-not-accepted	2026-08-28	hand-keyed-from-rendered-source; OCR-not-copied
179	few	AML	126	118	right	2 t̪huɖa	attested	high		manual-source-image; rendered-400dpi+900dpi-rereview; OCR-not-accepted	2026-08-28	hand-keyed-from-rendered-source; OCR-not-copied
179	few	SEG	126	118	right	2, 4 t̪huɖʌk	attested	high		manual-source-image; rendered-400dpi+900dpi-rereview; OCR-not-accepted	2026-08-28	hand-keyed-from-rendered-source; OCR-not-copied
179	few	KAN	126	118	right	2, 4 t̪huɖʌk	attested	high		manual-source-image; rendered-400dpi+900dpi-rereview; OCR-not-accepted	2026-08-28	hand-keyed-from-rendered-source; OCR-not-copied
179	few	SHA	126	118	right	2 t̪hulo	attested	high		manual-source-image; rendered-400dpi+900dpi-rereview; OCR-not-accepted	2026-08-28	hand-keyed-from-rendered-source; OCR-not-copied
179	few	TOR	126	118	right	4 t̪horaʂ	attested	high		manual-source-image; rendered-400dpi+900dpi-rereview; OCR-not-accepted	2026-08-28	hand-keyed-from-rendered-source; OCR-not-copied
180	many	KEL	127	119	left	1 dzahakõ	attested	high		manual-source-image; rendered-400dpi+900dpi-rereview; OCR-not-accepted	2026-08-28	hand-keyed-from-rendered-source; OCR-not-copied
180	many	DHA	127	119	left	1 dʒahakõ	attested	high		manual-source-image; rendered-400dpi+900dpi-rereview; OCR-not-accepted	2026-08-28	hand-keyed-from-rendered-source; OCR-not-copied
180	many	DIG	127	119	left	1 dʒahako	attested	high		manual-source-image; rendered-400dpi+900dpi-rereview; OCR-not-accepted	2026-08-28	hand-keyed-from-rendered-source; OCR-not-copied
180	many	AMO	127	119	left	2 haoto	attested	high		manual-source-image; rendered-400dpi+900dpi-rereview; OCR-not-accepted	2026-08-28	hand-keyed-from-rendered-source; OCR-not-copied
180	many	MUN	127	119	left	1 dzaʔakho	attested	high		manual-source-image; rendered-400dpi+900dpi-rereview; OCR-not-accepted	2026-08-28	hand-keyed-from-rendered-source; OCR-not-copied
180	many	AST	127	119	left	1 dzaʔakho	attested	high		manual-source-image; rendered-400dpi+900dpi-rereview; OCR-not-accepted	2026-08-28	hand-keyed-from-rendered-source; OCR-not-copied
180	many	MAN	127	119	right	2 hoʈo	attested	high		manual-source-image; rendered-400dpi+900dpi-rereview; OCR-not-accepted	2026-08-28	hand-keyed-from-rendered-source; OCR-not-copied
180	many	BHU	127	119	right	2 huɭʈo	attested	high		manual-source-image; rendered-400dpi+900dpi-rereview; OCR-not-accepted	2026-08-28	hand-keyed-from-rendered-source; OCR-not-copied
180	many	AML	127	119	right	1 dʒahti	attested	high		manual-source-image; rendered-400dpi+900dpi-rereview; OCR-not-accepted	2026-08-28	hand-keyed-from-rendered-source; OCR-not-copied
180	many	SEG	127	119	right	3 gɦʌɳʂʌʈʌ	attested	high		manual-source-image; rendered-400dpi+900dpi-rereview; OCR-not-accepted	2026-08-28	hand-keyed-from-rendered-source; OCR-not-copied
180	many	KAN	127	119	right	2 holʈa	attested	high		manual-source-image; rendered-400dpi+900dpi-rereview; OCR-not-accepted	2026-08-28	hand-keyed-from-rendered-source; OCR-not-copied
180	many	SHA	127	119	right	2 hʌɭʈa	attested	high		manual-source-image; rendered-400dpi+900dpi-rereview; OCR-not-accepted	2026-08-28	hand-keyed-from-rendered-source; OCR-not-copied
180	many	TOR	127	119	right	4 dʒobeɖ	attested	high		manual-source-image; rendered-400dpi+900dpi-rereview; OCR-not-accepted	2026-08-28	hand-keyed-from-rendered-source; OCR-not-copied
181	all	KEL	127	119	left	1 baɖõ	attested	high		manual-source-image; rendered-400dpi+900dpi-rereview; OCR-not-accepted	2026-08-28	hand-keyed-from-rendered-source; OCR-not-copied
181	all	DHA	127	119	left	1 baɖẽ	attested	high		manual-source-image; rendered-400dpi+900dpi-rereview; OCR-not-accepted	2026-08-28	hand-keyed-from-rendered-source; OCR-not-copied
181	all	DIG	127	119	left	1 baɖ:e	attested	high		manual-source-image; rendered-400dpi+900dpi-rereview; OCR-not-accepted	2026-08-28	hand-keyed-from-rendered-source; OCR-not-copied
181	all	AMO	127	119	left	1, 3 hʌlɪχ	attested	high		manual-source-image; rendered-400dpi+900dpi-rereview; OCR-not-accepted	2026-08-28	hand-keyed-from-rendered-source; OCR-not-copied
181	all	MUN	127	119	left	1 baɖe	attested	high		manual-source-image; rendered-400dpi+900dpi-rereview; OCR-not-accepted	2026-08-28	hand-keyed-from-rendered-source; OCR-not-copied
181	all	AST	127	119	left	2 akhe	attested	high		manual-source-image; rendered-400dpi+900dpi-rereview; OCR-not-accepted	2026-08-28	hand-keyed-from-rendered-source; OCR-not-copied
181	all	MAN	127	119	right	2 akho	attested	high		manual-source-image; rendered-400dpi+900dpi-rereview; OCR-not-accepted	2026-08-28	hand-keyed-from-rendered-source; OCR-not-copied
181	all	BHU	127	119	right	2 akho	attested	high		manual-source-image; rendered-400dpi+900dpi-rereview; OCR-not-accepted	2026-08-28	hand-keyed-from-rendered-source; OCR-not-copied
181	all	AML	127	119	right	2 akha	attested	high		manual-source-image; rendered-400dpi+900dpi-rereview; OCR-not-accepted	2026-08-28	hand-keyed-from-rendered-source; OCR-not-copied
181	all	SEG	127	119	right	2 akha	attested	high		manual-source-image; rendered-400dpi+900dpi-rereview; OCR-not-accepted	2026-08-28	hand-keyed-from-rendered-source; OCR-not-copied
181	all	KAN	127	119	right	2 akha	attested	high		manual-source-image; rendered-400dpi+900dpi-rereview; OCR-not-accepted	2026-08-28	hand-keyed-from-rendered-source; OCR-not-copied
181	all	SHA	127	119	right	2 akha	attested	high		manual-source-image; rendered-400dpi+900dpi-rereview; OCR-not-accepted	2026-08-28	hand-keyed-from-rendered-source; OCR-not-copied
181	all	TOR	127	119	right	2 akha, 3 boʈha	attested	high		manual-source-image; rendered-400dpi+900dpi-rereview; OCR-not-accepted	2026-08-28	hand-keyed-from-rendered-source; OCR-not-copied
182	eat	KEL	127	119	left	1 khaɖʌlo	attested	high		manual-source-image; rendered-400dpi+900dpi-rereview; OCR-not-accepted	2026-08-28	hand-keyed-from-rendered-source; OCR-not-copied
182	eat	DHA	127	119	left	1 khaɖõ	attested	high		manual-source-image; rendered-400dpi+900dpi-rereview; OCR-not-accepted	2026-08-28	hand-keyed-from-rendered-source; OCR-not-copied
182	eat	DIG	127	119	left	1 khaɖo	attested	high		manual-source-image; rendered-400dpi+900dpi-rereview; OCR-not-accepted	2026-08-28	hand-keyed-from-rendered-source; OCR-not-copied
182	eat	AMO	127	119	left	1 khaɖʌlo	attested	high		manual-source-image; rendered-400dpi+900dpi-rereview; OCR-not-accepted	2026-08-28	hand-keyed-from-rendered-source; OCR-not-copied
182	eat	MUN	127	119	left	1 khaɖo	attested	high		manual-source-image; rendered-400dpi+900dpi-rereview; OCR-not-accepted	2026-08-28	hand-keyed-from-rendered-source; OCR-not-copied
182	eat	AST	127	119	left	1 khaɖo	attested	high		manual-source-image; rendered-400dpi+900dpi-rereview; OCR-not-accepted	2026-08-28	hand-keyed-from-rendered-source; OCR-not-copied
182	eat	MAN	127	119	right	1 khaɖʌlo	attested	high		manual-source-image; rendered-400dpi+900dpi-rereview; OCR-not-accepted	2026-08-28	hand-keyed-from-rendered-source; OCR-not-copied
182	eat	BHU	127	119	right	1 khaɖʌlo	attested	high		manual-source-image; rendered-400dpi+900dpi-rereview; OCR-not-accepted	2026-08-28	hand-keyed-from-rendered-source; OCR-not-copied
182	eat	AML	127	119	right	1 khaɖʌlo	attested	high		manual-source-image; rendered-400dpi+900dpi-rereview; OCR-not-accepted	2026-08-28	hand-keyed-from-rendered-source; OCR-not-copied
182	eat	SEG	127	119	right	1 khaɖulo	attested	high		manual-source-image; rendered-400dpi+900dpi-rereview; OCR-not-accepted	2026-08-28	hand-keyed-from-rendered-source; OCR-not-copied
182	eat	KAN	127	119	right	1 khaɖʌlo	attested	high		manual-source-image; rendered-400dpi+900dpi-rereview; OCR-not-accepted	2026-08-28	hand-keyed-from-rendered-source; OCR-not-copied
182	eat	SHA	127	119	right	1 khaɖʌlu	attested	high		manual-source-image; rendered-400dpi+900dpi-rereview; OCR-not-accepted	2026-08-28	hand-keyed-from-rendered-source; OCR-not-copied
182	eat	TOR	127	119	right	1 khaije	attested	high		manual-source-image; rendered-400dpi+900dpi-rereview; OCR-not-accepted	2026-08-28	hand-keyed-from-rendered-source; OCR-not-copied
183	bite	KEL	127	119	left	1 tsaolo	attested	high		manual-source-image; rendered-400dpi+900dpi-rereview; OCR-not-accepted	2026-08-28	hand-keyed-from-rendered-source; OCR-not-copied
183	bite	DHA	127	119	left	1 tʃaolo	attested	high		manual-source-image; rendered-400dpi+900dpi-rereview; OCR-not-accepted	2026-08-28	hand-keyed-from-rendered-source; OCR-not-copied
183	bite	DIG	127	119	left	1 tʃawijo	attested	high		manual-source-image; rendered-400dpi+900dpi-rereview; OCR-not-accepted	2026-08-28	hand-keyed-from-rendered-source; OCR-not-copied
183	bite	AMO	127	119	left	1 tsaolo	attested	high		manual-source-image; rendered-400dpi+900dpi-rereview; OCR-not-accepted	2026-08-28	hand-keyed-from-rendered-source; OCR-not-copied
183	bite	MUN	127	119	left	1 sauwio	attested	high		manual-source-image; rendered-400dpi+900dpi-rereview; OCR-not-accepted	2026-08-28	hand-keyed-from-rendered-source; OCR-not-copied
183	bite	AST	127	119	left	1 saulio	attested	high		manual-source-image; rendered-400dpi+900dpi-rereview; OCR-not-accepted	2026-08-28	hand-keyed-from-rendered-source; OCR-not-copied
183	bite	MAN	127	119	right	1 tsaolo	attested	high		manual-source-image; rendered-400dpi+900dpi-rereview; OCR-not-accepted	2026-08-28	hand-keyed-from-rendered-source; OCR-not-copied
183	bite	BHU	127	119	right	1 tsaolo	attested	high		manual-source-image; rendered-400dpi+900dpi-rereview; OCR-not-accepted	2026-08-28	hand-keyed-from-rendered-source; OCR-not-copied
183	bite	AML	127	119	right	1 tsaijo	attested	high		manual-source-image; rendered-400dpi+900dpi-rereview; OCR-not-accepted	2026-08-28	hand-keyed-from-rendered-source; OCR-not-copied
183	bite	SEG	127	119	right	1 tsailu	attested	high		manual-source-image; rendered-400dpi+900dpi-rereview; OCR-not-accepted	2026-08-28	hand-keyed-from-rendered-source; OCR-not-copied
183	bite	KAN	127	119	right	1 tsaula	attested	high		manual-source-image; rendered-400dpi+900dpi-rereview; OCR-not-accepted	2026-08-28	hand-keyed-from-rendered-source; OCR-not-copied
183	bite	SHA	127	119	right	1 tsaolu	attested	high		manual-source-image; rendered-400dpi+900dpi-rereview; OCR-not-accepted	2026-08-28	hand-keyed-from-rendered-source; OCR-not-copied
183	bite	TOR	127	119	right	1 tsaiel	attested	high		manual-source-image; rendered-400dpi+900dpi-rereview; OCR-not-accepted	2026-08-28	hand-keyed-from-rendered-source; OCR-not-copied
184	to-be_hungry	KEL	127	119	left	1 pukh-lagʌli	attested	high		manual-source-image; rendered-400dpi+900dpi-rereview; OCR-not-accepted	2026-08-28	hand-keyed-from-rendered-source; OCR-not-copied
184	to-be_hungry	DHA	127	119	left	1 pukh-lagli	attested	high		manual-source-image; rendered-400dpi+900dpi-rereview; OCR-not-accepted	2026-08-28	hand-keyed-from-rendered-source; OCR-not-copied
184	to-be_hungry	DIG	127	119	left	1 pukh-lagi	attested	high		manual-source-image; rendered-400dpi+900dpi-rereview; OCR-not-accepted	2026-08-28	hand-keyed-from-rendered-source; OCR-not-copied
184	to-be_hungry	AMO	127	119	left	1 bhukh-lagɦi	attested	high		manual-source-image; rendered-400dpi+900dpi-rereview; OCR-not-accepted	2026-08-28	hand-keyed-from-rendered-source; OCR-not-copied
184	to-be_hungry	MUN	127	119	left	1 pukh-lagi	attested	high		manual-source-image; rendered-400dpi+900dpi-rereview; OCR-not-accepted	2026-08-28	hand-keyed-from-rendered-source; OCR-not-copied
184	to-be_hungry	AST	127	119	left	1 pukh-lagi	attested	high		manual-source-image; rendered-400dpi+900dpi-rereview; OCR-not-accepted	2026-08-28	hand-keyed-from-rendered-source; OCR-not-copied
184	to-be_hungry	MAN	127	119	right	1 bukhlo	attested	high		manual-source-image; rendered-400dpi+900dpi-rereview; OCR-not-accepted	2026-08-28	hand-keyed-from-rendered-source; OCR-not-copied
184	to-be_hungry	BHU	127	119	right	1 bhukh-lagʌle	attested	high		manual-source-image; rendered-400dpi+900dpi-rereview; OCR-not-accepted	2026-08-28	hand-keyed-from-rendered-source; OCR-not-copied
184	to-be_hungry	AML	127	119	right	1 bhukulu	attested	high		manual-source-image; rendered-400dpi+900dpi-rereview; OCR-not-accepted	2026-08-28	hand-keyed-from-rendered-source; OCR-not-copied
184	to-be_hungry	SEG	127	119	right	1 bhuklu	attested	high		manual-source-image; rendered-400dpi+900dpi-rereview; OCR-not-accepted	2026-08-28	hand-keyed-from-rendered-source; OCR-not-copied
184	to-be_hungry	KAN	127	119	right	1 bhuk-lagli	attested	high		manual-source-image; rendered-400dpi+900dpi-rereview; OCR-not-accepted	2026-08-28	hand-keyed-from-rendered-source; OCR-not-copied
184	to-be_hungry	SHA	127	119	right	1 bhukh-lagʌle	attested	high		manual-source-image; rendered-400dpi+900dpi-rereview; OCR-not-accepted	2026-08-28	hand-keyed-from-rendered-source; OCR-not-copied
184	to-be_hungry	TOR	127	119	right	1 bukh-lagʌɳo	attested	high		manual-source-image; rendered-400dpi+900dpi-rereview; OCR-not-accepted	2026-08-28	hand-keyed-from-rendered-source; OCR-not-copied
185	drink	KEL	128	120	left	1 piɖʌlõ	attested	high		manual-source-image; rendered-400dpi+900dpi-rereview; OCR-not-accepted	2026-08-28	hand-keyed-from-rendered-source; OCR-not-copied
185	drink	DHA	128	120	left	1 piɖõ	attested	high		manual-source-image; rendered-400dpi+900dpi-rereview; OCR-not-accepted	2026-08-28	hand-keyed-from-rendered-source; OCR-not-copied
185	drink	DIG	128	120	left	1 piɖo	attested	high		manual-source-image; rendered-400dpi+900dpi-rereview; OCR-not-accepted	2026-08-28	hand-keyed-from-rendered-source; OCR-not-copied
185	drink	AMO	128	120	left	1 piɖʌlo	attested	high		manual-source-image; rendered-400dpi+900dpi-rereview; OCR-not-accepted	2026-08-28	hand-keyed-from-rendered-source; OCR-not-copied
185	drink	MUN	128	120	left	1 piɖo	attested	high		manual-source-image; rendered-400dpi+900dpi-rereview; OCR-not-accepted	2026-08-28	hand-keyed-from-rendered-source; OCR-not-copied
185	drink	AST	128	120	left	1 piɖo	attested	high		manual-source-image; rendered-400dpi+900dpi-rereview; OCR-not-accepted	2026-08-28	hand-keyed-from-rendered-source; OCR-not-copied
185	drink	MAN	128	120	right	1 piɖʌlo	attested	high		manual-source-image; rendered-400dpi+900dpi-rereview; OCR-not-accepted	2026-08-28	hand-keyed-from-rendered-source; OCR-not-copied
185	drink	BHU	128	120	right	1 piɖʌlo	attested	high		manual-source-image; rendered-400dpi+900dpi-rereview; OCR-not-accepted	2026-08-28	hand-keyed-from-rendered-source; OCR-not-copied
185	drink	AML	128	120	right	1 piɖʌlo	attested	high		manual-source-image; rendered-400dpi+900dpi-rereview; OCR-not-accepted	2026-08-28	hand-keyed-from-rendered-source; OCR-not-copied
185	drink	SEG	128	120	right	1 piɖʌlu	attested	high		manual-source-image; rendered-400dpi+900dpi-rereview; OCR-not-accepted	2026-08-28	hand-keyed-from-rendered-source; OCR-not-copied
185	drink	KAN	128	120	right	1 piɖʌlo	attested	high		manual-source-image; rendered-400dpi+900dpi-rereview; OCR-not-accepted	2026-08-28	hand-keyed-from-rendered-source; OCR-not-copied
185	drink	SHA	128	120	right	1 piɖʌlu	attested	high		manual-source-image; rendered-400dpi+900dpi-rereview; OCR-not-accepted	2026-08-28	hand-keyed-from-rendered-source; OCR-not-copied
185	drink	TOR	128	120	right	1 piɭ	attested	high		manual-source-image; rendered-400dpi+900dpi-rereview; OCR-not-accepted	2026-08-28	hand-keyed-from-rendered-source; OCR-not-copied
186	be_thirsty	KEL	128	120	left	1 pãhpi-lagʌli	attested	high		manual-source-image; rendered-400dpi+900dpi-rereview; OCR-not-accepted	2026-08-28	hand-keyed-from-rendered-source; OCR-not-copied
186	be_thirsty	DHA	128	120	left	1 pahpi-lagli	attested	high		manual-source-image; rendered-400dpi+900dpi-rereview; OCR-not-accepted	2026-08-28	hand-keyed-from-rendered-source; OCR-not-copied
186	be_thirsty	DIG	128	120	left	1 phahpi-lagi	attested	high		manual-source-image; rendered-400dpi+900dpi-rereview; OCR-not-accepted	2026-08-28	hand-keyed-from-rendered-source; OCR-not-copied
186	be_thirsty	AMO	128	120	left	2 t̪ʌhʌro-lagɦi	attested	high		manual-source-image; rendered-400dpi+900dpi-rereview; OCR-not-accepted	2026-08-28	hand-keyed-from-rendered-source; OCR-not-copied
186	be_thirsty	MUN	128	120	left	2 toroho-lagi	attested	high		manual-source-image; rendered-400dpi+900dpi-rereview; OCR-not-accepted	2026-08-28	hand-keyed-from-rendered-source; OCR-not-copied
186	be_thirsty	AST	128	120	left	2 toroho-lagi	attested	high		manual-source-image; rendered-400dpi+900dpi-rereview; OCR-not-accepted	2026-08-28	hand-keyed-from-rendered-source; OCR-not-copied
186	be_thirsty	MAN	128	120	right	3 ʈihlu	attested	high		manual-source-image; rendered-400dpi+900dpi-rereview; OCR-not-accepted	2026-08-28	hand-keyed-from-rendered-source; OCR-not-copied
186	be_thirsty	BHU	128	120	right	3 ʈih-lagʌɳe	attested	high		manual-source-image; rendered-400dpi+900dpi-rereview; OCR-not-accepted	2026-08-28	hand-keyed-from-rendered-source; OCR-not-copied
186	be_thirsty	AML	128	120	right	3 ʈihulu	attested	high		manual-source-image; rendered-400dpi+900dpi-rereview; OCR-not-accepted	2026-08-28	hand-keyed-from-rendered-source; OCR-not-copied
186	be_thirsty	SEG	128	120	right	3 ʈiʂʌlu	attested	high		manual-source-image; rendered-400dpi+900dpi-rereview; OCR-not-accepted	2026-08-28	hand-keyed-from-rendered-source; OCR-not-copied
186	be_thirsty	KAN	128	120	right	3 ʈiʂ-lagli	attested	high		manual-source-image; rendered-400dpi+900dpi-rereview; OCR-not-accepted	2026-08-28	hand-keyed-from-rendered-source; OCR-not-copied
186	be_thirsty	SHA	128	120	right	3 ʈih-lagʌɳe	attested	high		manual-source-image; rendered-400dpi+900dpi-rereview; OCR-not-accepted	2026-08-28	hand-keyed-from-rendered-source; OCR-not-copied
186	be_thirsty	TOR	128	120	right	3 ʈih-lagʌɳo	attested	high		manual-source-image; rendered-400dpi+900dpi-rereview; OCR-not-accepted	2026-08-28	hand-keyed-from-rendered-source; OCR-not-copied
187	sleep	KEL	128	120	left	1 huʈʌlo	attested	high		manual-source-image; rendered-400dpi+900dpi-rereview; OCR-not-accepted	2026-08-28	hand-keyed-from-rendered-source; OCR-not-copied
187	sleep	DHA	128	120	left	1 huʈʌlo	attested	high		manual-source-image; rendered-400dpi+900dpi-rereview; OCR-not-accepted	2026-08-28	hand-keyed-from-rendered-source; OCR-not-copied
187	sleep	DIG	128	120	left	1 huʈʌlo	attested	high		manual-source-image; rendered-400dpi+900dpi-rereview; OCR-not-accepted	2026-08-28	hand-keyed-from-rendered-source; OCR-not-copied
187	sleep	AMO	128	120	left	1 huʈʌlo	attested	high		manual-source-image; rendered-400dpi+900dpi-rereview; OCR-not-accepted	2026-08-28	hand-keyed-from-rendered-source; OCR-not-copied
187	sleep	MUN	128	120	left	1 huwio	attested	high		manual-source-image; rendered-400dpi+900dpi-rereview; OCR-not-accepted	2026-08-28	hand-keyed-from-rendered-source; OCR-not-copied
187	sleep	AST	128	120	left	1 huwio	attested	high		manual-source-image; rendered-400dpi+900dpi-rereview; OCR-not-accepted	2026-08-28	hand-keyed-from-rendered-source; OCR-not-copied
187	sleep	MAN	128	120	right	1 hulo	attested	high		manual-source-image; rendered-400dpi+900dpi-rereview; OCR-not-accepted	2026-08-28	hand-keyed-from-rendered-source; OCR-not-copied
187	sleep	BHU	128	120	right	1 hulo	attested	high		manual-source-image; rendered-400dpi+900dpi-rereview; OCR-not-accepted	2026-08-28	hand-keyed-from-rendered-source; OCR-not-copied
187	sleep	AML	128	120	right	1 hulo	attested	high		manual-source-image; rendered-400dpi+900dpi-rereview; OCR-not-accepted	2026-08-28	hand-keyed-from-rendered-source; OCR-not-copied
187	sleep	SEG	128	120	right	1 sulu	attested	high		manual-source-image; rendered-400dpi+900dpi-rereview; OCR-not-accepted	2026-08-28	hand-keyed-from-rendered-source; OCR-not-copied
187	sleep	KAN	128	120	right	1 sulo	attested	high		manual-source-image; rendered-400dpi+900dpi-rereview; OCR-not-accepted	2026-08-28	hand-keyed-from-rendered-source; OCR-not-copied
187	sleep	SHA	128	120	right	1 hulu	attested	high		manual-source-image; rendered-400dpi+900dpi-rereview; OCR-not-accepted	2026-08-28	hand-keyed-from-rendered-source; OCR-not-copied
187	sleep	TOR	128	120	right	1 hujel	attested	high		manual-source-image; rendered-400dpi+900dpi-rereview; OCR-not-accepted	2026-08-28	hand-keyed-from-rendered-source; OCR-not-copied
188	lie_down	KEL	128	120	left	1 uɳɖʌli-poɖʌlo	attested	high		manual-source-image; rendered-400dpi+900dpi-rereview; OCR-not-accepted	2026-08-28	hand-keyed-from-rendered-source; OCR-not-copied
188	lie_down	DHA	128	120	left	1 uɳɖʌli-poɖʌlo	attested	high		manual-source-image; rendered-400dpi+900dpi-rereview; OCR-not-accepted	2026-08-28	hand-keyed-from-rendered-source; OCR-not-copied
188	lie_down	DIG	128	120	left	1 uɳɖʌli-poɖʌlo	attested	high		manual-source-image; rendered-400dpi+900dpi-rereview; OCR-not-accepted	2026-08-28	hand-keyed-from-rendered-source; OCR-not-copied
188	lie_down	AMO	128	120	left	2 huβirʌ	attested	high		manual-source-image; rendered-400dpi+900dpi-rereview; OCR-not-accepted	2026-08-28	hand-keyed-from-rendered-source; OCR-not-copied
188	lie_down	MUN	128	120	left	3 loʈu	attested	high		manual-source-image; rendered-400dpi+900dpi-rereview; OCR-not-accepted	2026-08-28	hand-keyed-from-rendered-source; OCR-not-copied
188	lie_down	AST	128	120	left	3 noʈio	attested	high		manual-source-image; rendered-400dpi+900dpi-rereview; OCR-not-accepted	2026-08-28	hand-keyed-from-rendered-source; OCR-not-copied
188	lie_down	MAN	128	120	right	3 l:uʈʈo	attested	high		manual-source-image; rendered-400dpi+900dpi-rereview; OCR-not-accepted	2026-08-28	hand-keyed-from-rendered-source; OCR-not-copied
188	lie_down	BHU	128	120	right	3 luʈlo	attested	high		manual-source-image; rendered-400dpi+900dpi-rereview; OCR-not-accepted	2026-08-28	hand-keyed-from-rendered-source; OCR-not-copied
188	lie_down	AML	128	120	right	3 luʈhʈo	attested	high		manual-source-image; rendered-400dpi+900dpi-rereview; OCR-not-accepted	2026-08-28	hand-keyed-from-rendered-source; OCR-not-copied
188	lie_down	SEG	128	120	right	3 bhima-luʈiu	attested	high		manual-source-image; rendered-400dpi+900dpi-rereview; OCR-not-accepted	2026-08-28	hand-keyed-from-rendered-source; OCR-not-copied
188	lie_down	KAN	128	120	right	3 luʈʈo	attested	high		manual-source-image; rendered-400dpi+900dpi-rereview; OCR-not-accepted	2026-08-28	hand-keyed-from-rendered-source; OCR-not-copied
188	lie_down	SHA	128	120	right	3 luʈlu	attested	high		manual-source-image; rendered-400dpi+900dpi-rereview; OCR-not-accepted	2026-08-28	hand-keyed-from-rendered-source; OCR-not-copied
188	lie_down	TOR	128	120	right	3 loʈel	attested	high		manual-source-image; rendered-400dpi+900dpi-rereview; OCR-not-accepted	2026-08-28	hand-keyed-from-rendered-source; OCR-not-copied
189	sit_down	KEL	128	120	left	1 boʈʈo	attested	high		manual-source-image; rendered-400dpi+900dpi-rereview; OCR-not-accepted	2026-08-28	hand-keyed-from-rendered-source; OCR-not-copied
189	sit_down	DHA	128	120	left	1 boʈhʈo	attested	high		manual-source-image; rendered-400dpi+900dpi-rereview; OCR-not-accepted	2026-08-28	hand-keyed-from-rendered-source; OCR-not-copied
189	sit_down	DIG	128	120	left	1 boʈho	attested	high		manual-source-image; rendered-400dpi+900dpi-rereview; OCR-not-accepted	2026-08-28	hand-keyed-from-rendered-source; OCR-not-copied
189	sit_down	AMO	128	120	left	1 boʈhʈo	attested	high		manual-source-image; rendered-400dpi+900dpi-rereview; OCR-not-accepted	2026-08-28	hand-keyed-from-rendered-source; OCR-not-copied
189	sit_down	MUN	128	120	left	1 boʈhuhu	attested	high		manual-source-image; rendered-400dpi+900dpi-rereview; OCR-not-accepted	2026-08-28	hand-keyed-from-rendered-source; OCR-not-copied
189	sit_down	AST	128	120	left	1 boʈhio	attested	high		manual-source-image; rendered-400dpi+900dpi-rereview; OCR-not-accepted	2026-08-28	hand-keyed-from-rendered-source; OCR-not-copied
189	sit_down	MAN	128	120	right	1 bohʌlo	attested	high		manual-source-image; rendered-400dpi+900dpi-rereview; OCR-not-accepted	2026-08-28	hand-keyed-from-rendered-source; OCR-not-copied
189	sit_down	BHU	128	120	right	1 boʈhlu	attested	high		manual-source-image; rendered-400dpi+900dpi-rereview; OCR-not-accepted	2026-08-28	hand-keyed-from-rendered-source; OCR-not-copied
189	sit_down	AML	128	120	right	1 boʈhio	attested	high		manual-source-image; rendered-400dpi+900dpi-rereview; OCR-not-accepted	2026-08-28	hand-keyed-from-rendered-source; OCR-not-copied
189	sit_down	SEG	128	120	right	2 bhim-baʃiu	attested	high		manual-source-image; rendered-400dpi+900dpi-rereview; OCR-not-accepted	2026-08-28	hand-keyed-from-rendered-source; OCR-not-copied
189	sit_down	KAN	128	120	right	1 bohoɳo	attested	high		manual-source-image; rendered-400dpi+900dpi-rereview; OCR-not-accepted	2026-08-28	hand-keyed-from-rendered-source; OCR-not-copied
189	sit_down	SHA	128	120	right	1 bohʌlo	attested	high		manual-source-image; rendered-400dpi+900dpi-rereview; OCR-not-accepted	2026-08-28	hand-keyed-from-rendered-source; OCR-not-copied
189	sit_down	TOR	128	120	right	1 bohel	attested	high		manual-source-image; rendered-400dpi+900dpi-rereview; OCR-not-accepted	2026-08-28	hand-keyed-from-rendered-source; OCR-not-copied
190	give	KEL	129	121	left	1 dedo	attested	high		manual-source-image; rendered-400dpi+900dpi-rereview; OCR-not-accepted	2026-08-28	hand-keyed-from-rendered-source; OCR-not-copied
190	give	DHA	129	121	left	1 dedo	attested	high		manual-source-image; rendered-400dpi+900dpi-rereview; OCR-not-accepted	2026-08-28	hand-keyed-from-rendered-source; OCR-not-copied
190	give	DIG	129	121	left	1 deɖo	attested	high		manual-source-image; rendered-400dpi+900dpi-rereview; OCR-not-accepted	2026-08-28	hand-keyed-from-rendered-source; OCR-not-copied
190	give	AMO	129	121	left	1 dʌɖʌlo	attested	high		manual-source-image; rendered-400dpi+900dpi-rereview; OCR-not-accepted	2026-08-28	hand-keyed-from-rendered-source; OCR-not-copied
190	give	MUN	129	121	left	2 apʈho	attested	high		manual-source-image; rendered-400dpi+900dpi-rereview; OCR-not-accepted	2026-08-28	hand-keyed-from-rendered-source; OCR-not-copied
190	give	AST	129	121	left	2 apʈho	attested	high		manual-source-image; rendered-400dpi+900dpi-rereview; OCR-not-accepted	2026-08-28	hand-keyed-from-rendered-source; OCR-not-copied
190	give	MAN	129	121	right	2 aplo	attested	high		manual-source-image; rendered-400dpi+900dpi-rereview; OCR-not-accepted	2026-08-28	hand-keyed-from-rendered-source; OCR-not-copied
190	give	BHU	129	121	right	2 aplo	attested	high		manual-source-image; rendered-400dpi+900dpi-rereview; OCR-not-accepted	2026-08-28	hand-keyed-from-rendered-source; OCR-not-copied
190	give	AML	129	121	right	2 aplo	attested	high		manual-source-image; rendered-400dpi+900dpi-rereview; OCR-not-accepted	2026-08-28	hand-keyed-from-rendered-source; OCR-not-copied
190	give	SEG	129	121	right	2 apli	attested	high		manual-source-image; rendered-400dpi+900dpi-rereview; OCR-not-accepted	2026-08-28	hand-keyed-from-rendered-source; OCR-not-copied
190	give	KAN	129	121	right	2 aplo	attested	high		manual-source-image; rendered-400dpi+900dpi-rereview; OCR-not-accepted	2026-08-28	hand-keyed-from-rendered-source; OCR-not-copied
190	give	SHA	129	121	right	2 aplu	attested	high		manual-source-image; rendered-400dpi+900dpi-rereview; OCR-not-accepted	2026-08-28	hand-keyed-from-rendered-source; OCR-not-copied
190	give	TOR	129	121	right	2 apil	attested	high		manual-source-image; rendered-400dpi+900dpi-rereview; OCR-not-accepted	2026-08-28	hand-keyed-from-rendered-source; OCR-not-copied
191	burn	KEL	129	121	left	1 ʂilgi-geɦlo	attested	high		manual-source-image; rendered-400dpi+900dpi-rereview; OCR-not-accepted	2026-08-28	hand-keyed-from-rendered-source; OCR-not-copied
191	burn	DHA	129	121	left	1 ʂilgi-geɦlo	attested	high		manual-source-image; rendered-400dpi+900dpi-rereview; OCR-not-accepted	2026-08-28	hand-keyed-from-rendered-source; OCR-not-copied
191	burn	DIG	129	121	left	2 boljo	attested	high		manual-source-image; rendered-400dpi+900dpi-rereview; OCR-not-accepted	2026-08-28	hand-keyed-from-rendered-source; OCR-not-copied
191	burn	AMO	129	121	left	1 hilgi-gʌilo	attested	high		manual-source-image; rendered-400dpi+900dpi-rereview; OCR-not-accepted	2026-08-28	hand-keyed-from-rendered-source; OCR-not-copied
191	burn	MUN	129	121	left	2 holehe	attested	high		manual-source-image; rendered-400dpi+900dpi-rereview; OCR-not-accepted	2026-08-28	hand-keyed-from-rendered-source; OCR-not-copied
191	burn	AST	129	121	left	2 balio	attested	high		manual-source-image; rendered-400dpi+900dpi-rereview; OCR-not-accepted	2026-08-28	hand-keyed-from-rendered-source; OCR-not-copied
191	burn	MAN	129	121	right	2 bol:o	attested	high		manual-source-image; rendered-400dpi+900dpi-rereview; OCR-not-accepted	2026-08-28	hand-keyed-from-rendered-source; OCR-not-copied
191	burn	BHU	129	121	right	2 balo	attested	high		manual-source-image; rendered-400dpi+900dpi-rereview; OCR-not-accepted	2026-08-28	hand-keyed-from-rendered-source; OCR-not-copied
191	burn	AML	129	121	right	3 bauɳe	attested	high		manual-source-image; rendered-400dpi+900dpi-rereview; OCR-not-accepted	2026-08-28	hand-keyed-from-rendered-source; OCR-not-copied
191	burn	SEG	129	121	right	4 ɖɦʌpiju	attested	high		manual-source-image; rendered-400dpi+900dpi-rereview; OCR-not-accepted	2026-08-28	hand-keyed-from-rendered-source; OCR-not-copied
191	burn	KAN	129	121	right	2 bol-gʌilo	attested	high		manual-source-image; rendered-400dpi+900dpi-rereview; OCR-not-accepted	2026-08-28	hand-keyed-from-rendered-source; OCR-not-copied
191	burn	SHA	129	121	right	2 baulu	attested	high		manual-source-image; rendered-400dpi+900dpi-rereview; OCR-not-accepted	2026-08-28	hand-keyed-from-rendered-source; OCR-not-copied
191	burn	TOR	129	121	right	2 bolil	attested	high		manual-source-image; rendered-400dpi+900dpi-rereview; OCR-not-accepted	2026-08-28	hand-keyed-from-rendered-source; OCR-not-copied
192	die	KEL	129	121	left	1 modzo	attested	high		manual-source-image; rendered-400dpi+900dpi-rereview; OCR-not-accepted	2026-08-28	hand-keyed-from-rendered-source; OCR-not-copied
192	die	DHA	129	121	left	1 modʒo	attested	high		manual-source-image; rendered-400dpi+900dpi-rereview; OCR-not-accepted	2026-08-28	hand-keyed-from-rendered-source; OCR-not-copied
192	die	DIG	129	121	left	1 moi-gijo	attested	high		manual-source-image; rendered-400dpi+900dpi-rereview; OCR-not-accepted	2026-08-28	hand-keyed-from-rendered-source; OCR-not-copied
192	die	AMO	129	121	left	1 moi jo	attested	high		manual-source-image; rendered-400dpi+900dpi-rereview; OCR-not-accepted	2026-08-28	hand-keyed-from-rendered-source; OCR-not-copied
192	die	MUN	129	121	left	1 maju	attested	high		manual-source-image; rendered-400dpi+900dpi-rereview; OCR-not-accepted	2026-08-28	hand-keyed-from-rendered-source; OCR-not-copied
192	die	AST	129	121	left	1 maju	attested	high		manual-source-image; rendered-400dpi+900dpi-rereview; OCR-not-accepted	2026-08-28	hand-keyed-from-rendered-source; OCR-not-copied
192	die	MAN	129	121	right	1 moilu	attested	high		manual-source-image; rendered-400dpi+900dpi-rereview; OCR-not-accepted	2026-08-28	hand-keyed-from-rendered-source; OCR-not-copied
192	die	BHU	129	121	right	1 mal:o	attested	high		manual-source-image; rendered-400dpi+900dpi-rereview; OCR-not-accepted	2026-08-28	hand-keyed-from-rendered-source; OCR-not-copied
192	die	AML	129	121	right	1 mʌr-gijo	attested	high		manual-source-image; rendered-400dpi+900dpi-rereview; OCR-not-accepted	2026-08-28	hand-keyed-from-rendered-source; OCR-not-copied
192	die	SEG	129	121	right	1 mʌr-giju	attested	high		manual-source-image; rendered-400dpi+900dpi-rereview; OCR-not-accepted	2026-08-28	hand-keyed-from-rendered-source; OCR-not-copied
192	die	KAN	129	121	right	1 mor-gʌijo	attested	high		manual-source-image; rendered-400dpi+900dpi-rereview; OCR-not-accepted	2026-08-28	hand-keyed-from-rendered-source; OCR-not-copied
192	die	SHA	129	121	right	1 mol:u	attested	high		manual-source-image; rendered-400dpi+900dpi-rereview; OCR-not-accepted	2026-08-28	hand-keyed-from-rendered-source; OCR-not-copied
192	die	TOR	129	121	right	1 morjel	attested	high		manual-source-image; rendered-400dpi+900dpi-rereview; OCR-not-accepted	2026-08-28	hand-keyed-from-rendered-source; OCR-not-copied
193	kill	KEL	129	121	left	1 maijõ	attested	high		manual-source-image; rendered-400dpi+900dpi-rereview; OCR-not-accepted	2026-08-28	hand-keyed-from-rendered-source; OCR-not-copied
193	kill	DHA	129	121	left	1 maijõ	attested	high		manual-source-image; rendered-400dpi+900dpi-rereview; OCR-not-accepted	2026-08-28	hand-keyed-from-rendered-source; OCR-not-copied
193	kill	DIG	129	121	left	1 maiʈakjo	attested	high		manual-source-image; rendered-400dpi+900dpi-rereview; OCR-not-accepted	2026-08-28	hand-keyed-from-rendered-source; OCR-not-copied
193	kill	AMO	129	121	left	1 maiʈakẽ	attested	high		manual-source-image; rendered-400dpi+900dpi-rereview; OCR-not-accepted	2026-08-28	hand-keyed-from-rendered-source; OCR-not-copied
193	kill	MUN	129	121	left	1 mait-ʈakju	attested	high		manual-source-image; rendered-400dpi+900dpi-rereview; OCR-not-accepted	2026-08-28	hand-keyed-from-rendered-source; OCR-not-copied
193	kill	AST	129	121	left	1 mait-ʈekju	attested	high		manual-source-image; rendered-400dpi+900dpi-rereview; OCR-not-accepted	2026-08-28	hand-keyed-from-rendered-source; OCR-not-copied
193	kill	MAN	129	121	right	1 mal:o	attested	high		manual-source-image; rendered-400dpi+900dpi-rereview; OCR-not-accepted	2026-08-28	hand-keyed-from-rendered-source; OCR-not-copied
193	kill	BHU	129	121	right	1 mol:o	attested	high		manual-source-image; rendered-400dpi+900dpi-rereview; OCR-not-accepted	2026-08-28	hand-keyed-from-rendered-source; OCR-not-copied
193	kill	AML	129	121	right	1 mari	attested	high		manual-source-image; rendered-400dpi+900dpi-rereview; OCR-not-accepted	2026-08-28	hand-keyed-from-rendered-source; OCR-not-copied
193	kill	SEG	129	121	right	1 mariu	attested	high		manual-source-image; rendered-400dpi+900dpi-rereview; OCR-not-accepted	2026-08-28	hand-keyed-from-rendered-source; OCR-not-copied
193	kill	KAN	129	121	right	2 marnakhjo	attested	high		manual-source-image; rendered-400dpi+900dpi-rereview; OCR-not-accepted	2026-08-28	hand-keyed-from-rendered-source; OCR-not-copied
193	kill	SHA	129	121	right	1 mar-del:u	attested	high		manual-source-image; rendered-400dpi+900dpi-rereview; OCR-not-accepted	2026-08-28	hand-keyed-from-rendered-source; OCR-not-copied
193	kill	TOR	129	121	right	1 maril	attested	high		manual-source-image; rendered-400dpi+900dpi-rereview; OCR-not-accepted	2026-08-28	hand-keyed-from-rendered-source; OCR-not-copied
194	fly	KEL	129	121	left	1 uɖʌlõ	attested	high		manual-source-image; rendered-400dpi+900dpi-rereview; OCR-not-accepted	2026-08-28	hand-keyed-from-rendered-source; OCR-not-copied
194	fly	DHA	129	121	left	1 uɖʌlõ	attested	high		manual-source-image; rendered-400dpi+900dpi-rereview; OCR-not-accepted	2026-08-28	hand-keyed-from-rendered-source; OCR-not-copied
194	fly	DIG	129	121	left	1 uɖulo	attested	high		manual-source-image; rendered-400dpi+900dpi-rereview; OCR-not-accepted	2026-08-28	hand-keyed-from-rendered-source; OCR-not-copied
194	fly	AMO	129	121	left	1 uɖi-gʌijo	attested	high		manual-source-image; rendered-400dpi+900dpi-rereview; OCR-not-accepted	2026-08-28	hand-keyed-from-rendered-source; OCR-not-copied
194	fly	MUN	129	121	left	1 uɖio	attested	high		manual-source-image; rendered-400dpi+900dpi-rereview; OCR-not-accepted	2026-08-28	hand-keyed-from-rendered-source; OCR-not-copied
194	fly	AST	129	121	left	1 uɖio	attested	high		manual-source-image; rendered-400dpi+900dpi-rereview; OCR-not-accepted	2026-08-28	hand-keyed-from-rendered-source; OCR-not-copied
194	fly	MAN	129	121	right	1 uɖlo	attested	high		manual-source-image; rendered-400dpi+900dpi-rereview; OCR-not-accepted	2026-08-28	hand-keyed-from-rendered-source; OCR-not-copied
194	fly	BHU	129	121	right	1 uɖlo	attested	high		manual-source-image; rendered-400dpi+900dpi-rereview; OCR-not-accepted	2026-08-28	hand-keyed-from-rendered-source; OCR-not-copied
194	fly	AML	129	121	right	1 uɖ-gijo	attested	high		manual-source-image; rendered-400dpi+900dpi-rereview; OCR-not-accepted	2026-08-28	hand-keyed-from-rendered-source; OCR-not-copied
194	fly	SEG	129	121	right	1 uɖ-gojo	attested	high		manual-source-image; rendered-400dpi+900dpi-rereview; OCR-not-accepted	2026-08-28	hand-keyed-from-rendered-source; OCR-not-copied
194	fly	KAN	129	121	right	1 uɖ-gʌijo	attested	high		manual-source-image; rendered-400dpi+900dpi-rereview; OCR-not-accepted	2026-08-28	hand-keyed-from-rendered-source; OCR-not-copied
194	fly	SHA	129	121	right	1 uɖlu	attested	high		manual-source-image; rendered-400dpi+900dpi-rereview; OCR-not-accepted	2026-08-28	hand-keyed-from-rendered-source; OCR-not-copied
194	fly	TOR	129	121	right	1 uɖel	attested	high		manual-source-image; rendered-400dpi+900dpi-rereview; OCR-not-accepted	2026-08-28	hand-keyed-from-rendered-source; OCR-not-copied
195	walk	KEL	130	122	left	1 tsali-geɦlo	attested	high		manual-source-image; rendered-400dpi+900dpi-rereview; OCR-not-accepted	2026-08-28	hand-keyed-from-rendered-source; OCR-not-copied
195	walk	DHA	130	122	left	1 tsali-geɦlo	attested	high		manual-source-image; rendered-400dpi+900dpi-rereview; OCR-not-accepted	2026-08-28	hand-keyed-from-rendered-source; OCR-not-copied
195	walk	DIG	130	122	left	1 t̪s̪alulo	attested	high		manual-source-image; rendered-400dpi+900dpi-rereview; OCR-not-accepted	2026-08-28	hand-keyed-from-rendered-source; OCR-not-copied
195	walk	AMO	130	122	left	1 tsailijo	attested	high		manual-source-image; rendered-400dpi+900dpi-rereview; OCR-not-accepted	2026-08-28	hand-keyed-from-rendered-source; OCR-not-copied
195	walk	MUN	130	122	left	1 saliu	attested	high		manual-source-image; rendered-400dpi+900dpi-rereview; OCR-not-accepted	2026-08-28	hand-keyed-from-rendered-source; OCR-not-copied
195	walk	AST	130	122	left	2 gojo	attested	high		manual-source-image; rendered-400dpi+900dpi-rereview; OCR-not-accepted	2026-08-28	hand-keyed-from-rendered-source; OCR-not-copied
195	walk	MAN	130	122	right	3 dzaʈʌlo	attested	high		manual-source-image; rendered-400dpi+900dpi-rereview; OCR-not-accepted	2026-08-28	hand-keyed-from-rendered-source; OCR-not-copied
195	walk	BHU	130	122	right	2 goilu	attested	high		manual-source-image; rendered-400dpi+900dpi-rereview; OCR-not-accepted	2026-08-28	hand-keyed-from-rendered-source; OCR-not-copied
195	walk	AML	130	122	right	3 dzaʈʌlo	attested	high		manual-source-image; rendered-400dpi+900dpi-rereview; OCR-not-accepted	2026-08-28	hand-keyed-from-rendered-source; OCR-not-copied
195	walk	SEG	130	122	right	3 dzaʈriu	attested	high		manual-source-image; rendered-400dpi+900dpi-rereview; OCR-not-accepted	2026-08-28	hand-keyed-from-rendered-source; OCR-not-copied
195	walk	KAN	130	122	right	1 tsal:u	attested	high		manual-source-image; rendered-400dpi+900dpi-rereview; OCR-not-accepted	2026-08-28	hand-keyed-from-rendered-source; OCR-not-copied
195	walk	SHA	130	122	right	1 tsal:u	attested	high		manual-source-image; rendered-400dpi+900dpi-rereview; OCR-not-accepted	2026-08-28	hand-keyed-from-rendered-source; OCR-not-copied
195	walk	TOR	130	122	right	1 tsalel	attested	high		manual-source-image; rendered-400dpi+900dpi-rereview; OCR-not-accepted	2026-08-28	hand-keyed-from-rendered-source; OCR-not-copied
196	run	KEL	130	122	left	1 dɦauɖio	attested	high		manual-source-image; rendered-400dpi+900dpi-rereview; OCR-not-accepted	2026-08-28	hand-keyed-from-rendered-source; OCR-not-copied
196	run	DHA	130	122	left	1 dɦʌuɖu-togijo	attested	high		manual-source-image; rendered-400dpi+900dpi-rereview; OCR-not-accepted	2026-08-28	hand-keyed-from-rendered-source; OCR-not-copied
196	run	DIG	130	122	left	1 dɦʌuɖulo	attested	high		manual-source-image; rendered-400dpi+900dpi-rereview; OCR-not-accepted	2026-08-28	hand-keyed-from-rendered-source; OCR-not-copied
196	run	AMO	130	122	left	1 ɖoɖi-gʌijo	attested	high		manual-source-image; rendered-400dpi+900dpi-rereview; OCR-not-accepted	2026-08-28	hand-keyed-from-rendered-source; OCR-not-copied
196	run	MUN	130	122	left	3 gugdiu	attested	high		manual-source-image; rendered-400dpi+900dpi-rereview; OCR-not-accepted	2026-08-28	hand-keyed-from-rendered-source; OCR-not-copied
196	run	AST	130	122	left	3 gugdiu	attested	high		manual-source-image; rendered-400dpi+900dpi-rereview; OCR-not-accepted	2026-08-28	hand-keyed-from-rendered-source; OCR-not-copied
196	run	MAN	130	122	right	1 ɖouɖu	attested	high		manual-source-image; rendered-400dpi+900dpi-rereview; OCR-not-accepted	2026-08-28	hand-keyed-from-rendered-source; OCR-not-copied
196	run	BHU	130	122	right	1 ɖoɖo	attested	high		manual-source-image; rendered-400dpi+900dpi-rereview; OCR-not-accepted	2026-08-28	hand-keyed-from-rendered-source; OCR-not-copied
196	run	AML	130	122	right	1 ɖoɭɳe	attested	high		manual-source-image; rendered-400dpi+900dpi-rereview; OCR-not-accepted	2026-08-28	hand-keyed-from-rendered-source; OCR-not-copied
196	run	SEG	130	122	right	1 dauɖi-gʌɖiu	attested	high		manual-source-image; rendered-400dpi+900dpi-rereview; OCR-not-accepted	2026-08-28	hand-keyed-from-rendered-source; OCR-not-copied
196	run	KAN	130	122	right	1 ɖoweɖu	attested	high		manual-source-image; rendered-400dpi+900dpi-rereview; OCR-not-accepted	2026-08-28	hand-keyed-from-rendered-source; OCR-not-copied
196	run	SHA	130	122	right	1 ɖoɖu	attested	high		manual-source-image; rendered-400dpi+900dpi-rereview; OCR-not-accepted	2026-08-28	hand-keyed-from-rendered-source; OCR-not-copied
196	run	TOR	130	122	right	1 ɖowɖil	attested	high		manual-source-image; rendered-400dpi+900dpi-rereview; OCR-not-accepted	2026-08-28	hand-keyed-from-rendered-source; OCR-not-copied
197	go	KEL	130	122	left	1 gehlo	attested	high		manual-source-image; rendered-400dpi+900dpi-rereview; OCR-not-accepted	2026-08-28	hand-keyed-from-rendered-source; OCR-not-copied
197	go	DHA	130	122	left	1 ghio	attested	high		manual-source-image; rendered-400dpi+900dpi-rereview; OCR-not-accepted	2026-08-28	hand-keyed-from-rendered-source; OCR-not-copied
197	go	DIG	130	122	left	1 gijo	attested	high		manual-source-image; rendered-400dpi+900dpi-rereview; OCR-not-accepted	2026-08-28	hand-keyed-from-rendered-source; OCR-not-copied
197	go	AMO	130	122	left	1 gʌijo	attested	high		manual-source-image; rendered-400dpi+900dpi-rereview; OCR-not-accepted	2026-08-28	hand-keyed-from-rendered-source; OCR-not-copied
197	go	MUN	130	122	left	1 goju	attested	high		manual-source-image; rendered-400dpi+900dpi-rereview; OCR-not-accepted	2026-08-28	hand-keyed-from-rendered-source; OCR-not-copied
197	go	AST	130	122	left	1 gojo	attested	high		manual-source-image; rendered-400dpi+900dpi-rereview; OCR-not-accepted	2026-08-28	hand-keyed-from-rendered-source; OCR-not-copied
197	go	MAN	130	122	right	2 dzaʈrilo	attested	high		manual-source-image; rendered-400dpi+900dpi-rereview; OCR-not-accepted	2026-08-28	hand-keyed-from-rendered-source; OCR-not-copied
197	go	BHU	130	122	right	1 goilu	attested	high		manual-source-image; rendered-400dpi+900dpi-rereview; OCR-not-accepted	2026-08-28	hand-keyed-from-rendered-source; OCR-not-copied
197	go	AML	130	122	right	2 dzaɳe	attested	high		manual-source-image; rendered-400dpi+900dpi-rereview; OCR-not-accepted	2026-08-28	hand-keyed-from-rendered-source; OCR-not-copied
197	go	SEG	130	122	right	2 dzaɳe	attested	high		manual-source-image; rendered-400dpi+900dpi-rereview; OCR-not-accepted	2026-08-28	hand-keyed-from-rendered-source; OCR-not-copied
197	go	KAN	130	122	right	1 goju	attested	high		manual-source-image; rendered-400dpi+900dpi-rereview; OCR-not-accepted	2026-08-28	hand-keyed-from-rendered-source; OCR-not-copied
197	go	SHA	130	122	right	2 dzaʈrilu	attested	high		manual-source-image; rendered-400dpi+900dpi-rereview; OCR-not-accepted	2026-08-28	hand-keyed-from-rendered-source; OCR-not-copied
197	go	TOR	130	122	right	1 giljo, 2 dzael	attested	high		manual-source-image; rendered-400dpi+900dpi-rereview; OCR-not-accepted	2026-08-28	hand-keyed-from-rendered-source; OCR-not-copied
198	come	KEL	130	122	left	1 aodʒe	attested	high		manual-source-image; rendered-400dpi+900dpi-rereview; OCR-not-accepted	2026-08-28	hand-keyed-from-rendered-source; OCR-not-copied
198	come	DHA	130	122	left	1 alo	attested	high		manual-source-image; rendered-400dpi+900dpi-rereview; OCR-not-accepted	2026-08-28	hand-keyed-from-rendered-source; OCR-not-copied
198	come	DIG	130	122	left	1 aβulo	attested	high		manual-source-image; rendered-400dpi+900dpi-rereview; OCR-not-accepted	2026-08-28	hand-keyed-from-rendered-source; OCR-not-copied
198	come	AMO	130	122	left	1 ano	attested	high		manual-source-image; rendered-400dpi+900dpi-rereview; OCR-not-accepted	2026-08-28	hand-keyed-from-rendered-source; OCR-not-copied
198	come	MUN	130	122	left	1 aiju	attested	high		manual-source-image; rendered-400dpi+900dpi-rereview; OCR-not-accepted	2026-08-28	hand-keyed-from-rendered-source; OCR-not-copied
198	come	AST	130	122	left	1 aiju	attested	high		manual-source-image; rendered-400dpi+900dpi-rereview; OCR-not-accepted	2026-08-28	hand-keyed-from-rendered-source; OCR-not-copied
198	come	MAN	130	122	right	1 aulu	attested	high		manual-source-image; rendered-400dpi+900dpi-rereview; OCR-not-accepted	2026-08-28	hand-keyed-from-rendered-source; OCR-not-copied
198	come	BHU	130	122	right	1 aolo	attested	high		manual-source-image; rendered-400dpi+900dpi-rereview; OCR-not-accepted	2026-08-28	hand-keyed-from-rendered-source; OCR-not-copied
198	come	AML	130	122	right	1 aulu	attested	high		manual-source-image; rendered-400dpi+900dpi-rereview; OCR-not-accepted	2026-08-28	hand-keyed-from-rendered-source; OCR-not-copied
198	come	SEG	130	122	right	1 aiju	attested	high		manual-source-image; rendered-400dpi+900dpi-rereview; OCR-not-accepted	2026-08-28	hand-keyed-from-rendered-source; OCR-not-copied
198	come	KAN	130	122	right	1 aolu	attested	high		manual-source-image; rendered-400dpi+900dpi-rereview; OCR-not-accepted	2026-08-28	hand-keyed-from-rendered-source; OCR-not-copied
198	come	SHA	130	122	right	1 aul:u	attested	high		manual-source-image; rendered-400dpi+900dpi-rereview; OCR-not-accepted	2026-08-28	hand-keyed-from-rendered-source; OCR-not-copied
198	come	TOR	130	122	right	1 aijel	attested	high		manual-source-image; rendered-400dpi+900dpi-rereview; OCR-not-accepted	2026-08-28	hand-keyed-from-rendered-source; OCR-not-copied
199	speak	KEL	130	122	left	1 gogʌlo	attested	high		manual-source-image; rendered-400dpi+900dpi-rereview; OCR-not-accepted	2026-08-28	hand-keyed-from-rendered-source; OCR-not-copied
199	speak	DHA	130	122	left	1 gogʌlo	attested	high		manual-source-image; rendered-400dpi+900dpi-rereview; OCR-not-accepted	2026-08-28	hand-keyed-from-rendered-source; OCR-not-copied
199	speak	DIG	130	122	left	1 gogulo	attested	high		manual-source-image; rendered-400dpi+900dpi-rereview; OCR-not-accepted	2026-08-28	hand-keyed-from-rendered-source; OCR-not-copied
199	speak	AMO	130	122	left	2 bolio	attested	high		manual-source-image; rendered-400dpi+900dpi-rereview; OCR-not-accepted	2026-08-28	hand-keyed-from-rendered-source; OCR-not-copied
199	speak	MUN	130	122	left	1 gogijo	attested	high		manual-source-image; rendered-400dpi+900dpi-rereview; OCR-not-accepted	2026-08-28	hand-keyed-from-rendered-source; OCR-not-copied
199	speak	AST	130	122	left	1 gogijo	attested	high		manual-source-image; rendered-400dpi+900dpi-rereview; OCR-not-accepted	2026-08-28	hand-keyed-from-rendered-source; OCR-not-copied
199	speak	MAN	130	122	right	2 bul:o	attested	high		manual-source-image; rendered-400dpi+900dpi-rereview; OCR-not-accepted	2026-08-28	hand-keyed-from-rendered-source; OCR-not-copied
199	speak	BHU	130	122	right	2 bul:u	attested	high		manual-source-image; rendered-400dpi+900dpi-rereview; OCR-not-accepted	2026-08-28	hand-keyed-from-rendered-source; OCR-not-copied
199	speak	AML	130	122	right	2 buliu	attested	high		manual-source-image; rendered-400dpi+900dpi-rereview; OCR-not-accepted	2026-08-28	hand-keyed-from-rendered-source; OCR-not-copied
199	speak	SEG	130	122	right	2 buliu	attested	high		manual-source-image; rendered-400dpi+900dpi-rereview; OCR-not-accepted	2026-08-28	hand-keyed-from-rendered-source; OCR-not-copied
199	speak	KAN	130	122	right	2 bul:u	attested	high		manual-source-image; rendered-400dpi+900dpi-rereview; OCR-not-accepted	2026-08-28	hand-keyed-from-rendered-source; OCR-not-copied
199	speak	SHA	130	122	right	2 bul:u	attested	high		manual-source-image; rendered-400dpi+900dpi-rereview; OCR-not-accepted	2026-08-28	hand-keyed-from-rendered-source; OCR-not-copied
199	speak	TOR	130	122	right	2 bolil	attested	high		manual-source-image; rendered-400dpi+900dpi-rereview; OCR-not-accepted	2026-08-28	hand-keyed-from-rendered-source; OCR-not-copied
200	hear	KEL	131	123	left	1 uɳʌlo	attested	high		manual-source-image; rendered-400dpi+900dpi-rereview; OCR-not-accepted	2026-08-28	hand-keyed-from-rendered-source; OCR-not-copied
200	hear	DHA	131	123	left	1 uɳʌlo	attested	high		manual-source-image; rendered-400dpi+900dpi-rereview; OCR-not-accepted	2026-08-28	hand-keyed-from-rendered-source; OCR-not-copied
200	hear	DIG	131	123	left	1 uɳaulo	attested	high		manual-source-image; rendered-400dpi+900dpi-rereview; OCR-not-accepted	2026-08-28	hand-keyed-from-rendered-source; OCR-not-copied
200	hear	AMO	131	123	left	2 hombʌilo	attested	high		manual-source-image; rendered-400dpi+900dpi-rereview; OCR-not-accepted	2026-08-28	hand-keyed-from-rendered-source; OCR-not-copied
200	hear	MUN	131	123	left	1 uɳaiju	attested	high		manual-source-image; rendered-400dpi+900dpi-rereview; OCR-not-accepted	2026-08-28	hand-keyed-from-rendered-source; OCR-not-copied
200	hear	AST	131	123	left	1 uɳaiju	attested	high		manual-source-image; rendered-400dpi+900dpi-rereview; OCR-not-accepted	2026-08-28	hand-keyed-from-rendered-source; OCR-not-copied
200	hear	MAN	131	123	right	2 hombʌl:o	attested	high		manual-source-image; rendered-400dpi+900dpi-rereview; OCR-not-accepted	2026-08-28	hand-keyed-from-rendered-source; OCR-not-copied
200	hear	BHU	131	123	right	2 hombʌlo	attested	high		manual-source-image; rendered-400dpi+900dpi-rereview; OCR-not-accepted	2026-08-28	hand-keyed-from-rendered-source; OCR-not-copied
200	hear	AML	131	123	right	2 hombiliu	attested	high		manual-source-image; rendered-400dpi+900dpi-rereview; OCR-not-accepted	2026-08-28	hand-keyed-from-rendered-source; OCR-not-copied
200	hear	SEG	131	123	right	2 sʌmiliu	attested	high		manual-source-image; rendered-400dpi+900dpi-rereview; OCR-not-accepted	2026-08-28	hand-keyed-from-rendered-source; OCR-not-copied
200	hear	KAN	131	123	right	2 homel:o	attested	high		manual-source-image; rendered-400dpi+900dpi-rereview; OCR-not-accepted	2026-08-28	hand-keyed-from-rendered-source; OCR-not-copied
200	hear	SHA	131	123	right	2 hombol:u	attested	high		manual-source-image; rendered-400dpi+900dpi-rereview; OCR-not-accepted	2026-08-28	hand-keyed-from-rendered-source; OCR-not-copied
200	hear	TOR	131	123	right	2 hombʌlil	attested	high		manual-source-image; rendered-400dpi+900dpi-rereview; OCR-not-accepted	2026-08-28	hand-keyed-from-rendered-source; OCR-not-copied
201	see	KEL	131	123	left	1 elõ	attested	high		manual-source-image; rendered-400dpi+900dpi-rereview; OCR-not-accepted	2026-08-28	hand-keyed-from-rendered-source; OCR-not-copied
201	see	DHA	131	123	left	1 βelo	attested	high		manual-source-image; rendered-400dpi+900dpi-rereview; OCR-not-accepted	2026-08-28	hand-keyed-from-rendered-source; OCR-not-copied
201	see	DIG	131	123	left	2 herulo	attested	high		manual-source-image; rendered-400dpi+900dpi-rereview; OCR-not-accepted	2026-08-28	hand-keyed-from-rendered-source; OCR-not-copied
201	see	AMO	131	123	left	2 helo	attested	high		manual-source-image; rendered-400dpi+900dpi-rereview; OCR-not-accepted	2026-08-28	hand-keyed-from-rendered-source; OCR-not-copied
201	see	MUN	131	123	left	4 palio	attested	high		manual-source-image; rendered-400dpi+900dpi-rereview; OCR-not-accepted	2026-08-28	hand-keyed-from-rendered-source; OCR-not-copied
201	see	AST	131	123	left	4 palio	attested	high		manual-source-image; rendered-400dpi+900dpi-rereview; OCR-not-accepted	2026-08-28	hand-keyed-from-rendered-source; OCR-not-copied
201	see	MAN	131	123	right	5 ɖekhʈo	attested	high		manual-source-image; rendered-400dpi+900dpi-rereview; OCR-not-accepted	2026-08-28	hand-keyed-from-rendered-source; OCR-not-copied
201	see	BHU	131	123	right	5 ɖekhlo	attested	high		manual-source-image; rendered-400dpi+900dpi-rereview; OCR-not-accepted	2026-08-28	hand-keyed-from-rendered-source; OCR-not-copied
201	see	AML	131	123	right	5 ɖekhlo	attested	high		manual-source-image; rendered-400dpi+900dpi-rereview; OCR-not-accepted	2026-08-28	hand-keyed-from-rendered-source; OCR-not-copied
201	see	SEG	131	123	right	5 ɖekhlu	attested	high		manual-source-image; rendered-400dpi+900dpi-rereview; OCR-not-accepted	2026-08-28	hand-keyed-from-rendered-source; OCR-not-copied
201	see	KAN	131	123	right	5 ɖekhʈo	attested	high		manual-source-image; rendered-400dpi+900dpi-rereview; OCR-not-accepted	2026-08-28	hand-keyed-from-rendered-source; OCR-not-copied
201	see	SHA	131	123	right	5 ɖekhlo	attested	high		manual-source-image; rendered-400dpi+900dpi-rereview; OCR-not-accepted	2026-08-28	hand-keyed-from-rendered-source; OCR-not-copied
201	see	TOR	131	123	right	5 ɖekhel	attested	high		manual-source-image; rendered-400dpi+900dpi-rereview; OCR-not-accepted	2026-08-28	hand-keyed-from-rendered-source; OCR-not-copied
202	I	KEL	131	123	left	1 ai	attested	high		manual-source-image; rendered-400dpi+900dpi-rereview; OCR-not-accepted	2026-08-28	hand-keyed-from-rendered-source; OCR-not-copied
202	I	DHA	131	123	left	1 aɪ	attested	high		manual-source-image; rendered-400dpi+900dpi-rereview; OCR-not-accepted	2026-08-28	hand-keyed-from-rendered-source; OCR-not-copied
202	I	DIG	131	123	left	1 aɪ	attested	high		manual-source-image; rendered-400dpi+900dpi-rereview; OCR-not-accepted	2026-08-28	hand-keyed-from-rendered-source; OCR-not-copied
202	I	AMO	131	123	left	3 mʌi	attested	high		manual-source-image; rendered-400dpi+900dpi-rereview; OCR-not-accepted	2026-08-28	hand-keyed-from-rendered-source; OCR-not-copied
202	I	MUN	131	123	left	1 ai	attested	high		manual-source-image; rendered-400dpi+900dpi-rereview; OCR-not-accepted	2026-08-28	hand-keyed-from-rendered-source; OCR-not-copied
202	I	AST	131	123	left	1 ai	attested	high		manual-source-image; rendered-400dpi+900dpi-rereview; OCR-not-accepted	2026-08-28	hand-keyed-from-rendered-source; OCR-not-copied
202	I	MAN	131	123	right	2 mi	attested	high		manual-source-image; rendered-400dpi+900dpi-rereview; OCR-not-accepted	2026-08-28	hand-keyed-from-rendered-source; OCR-not-copied
202	I	BHU	131	123	right	2 mi	attested	high		manual-source-image; rendered-400dpi+900dpi-rereview; OCR-not-accepted	2026-08-28	hand-keyed-from-rendered-source; OCR-not-copied
202	I	AML	131	123	right	2 mi	attested	high		manual-source-image; rendered-400dpi+900dpi-rereview; OCR-not-accepted	2026-08-28	hand-keyed-from-rendered-source; OCR-not-copied
202	I	SEG	131	123	right	2 me	attested	high		manual-source-image; rendered-400dpi+900dpi-rereview; OCR-not-accepted	2026-08-28	hand-keyed-from-rendered-source; OCR-not-copied
202	I	KAN	131	123	right	2 mi	attested	high		manual-source-image; rendered-400dpi+900dpi-rereview; OCR-not-accepted	2026-08-28	hand-keyed-from-rendered-source; OCR-not-copied
202	I	SHA	131	123	right	2 mi	attested	high		manual-source-image; rendered-400dpi+900dpi-rereview; OCR-not-accepted	2026-08-28	hand-keyed-from-rendered-source; OCR-not-copied
202	I	TOR	131	123	right	2 mi	attested	high		manual-source-image; rendered-400dpi+900dpi-rereview; OCR-not-accepted	2026-08-28	hand-keyed-from-rendered-source; OCR-not-copied
203	you_(informal)	KEL	131	123	left	1 t̪ũ	attested	high		manual-source-image; rendered-400dpi+900dpi-rereview; OCR-not-accepted	2026-08-28	hand-keyed-from-rendered-source; OCR-not-copied
203	you_(informal)	DHA	131	123	left	1 t̪u	attested	high		manual-source-image; rendered-400dpi+900dpi-rereview; OCR-not-accepted	2026-08-28	hand-keyed-from-rendered-source; OCR-not-copied
203	you_(informal)	DIG	131	123	left	1 t̪ũ	attested	high		manual-source-image; rendered-400dpi+900dpi-rereview; OCR-not-accepted	2026-08-28	hand-keyed-from-rendered-source; OCR-not-copied
203	you_(informal)	AMO	131	123	left	1 t̪u	attested	high		manual-source-image; rendered-400dpi+900dpi-rereview; OCR-not-accepted	2026-08-28	hand-keyed-from-rendered-source; OCR-not-copied
203	you_(informal)	MUN	131	123	left	1 t̪u	attested	high		manual-source-image; rendered-400dpi+900dpi-rereview; OCR-not-accepted	2026-08-28	hand-keyed-from-rendered-source; OCR-not-copied
203	you_(informal)	AST	131	123	left	1 t̪u	attested	high		manual-source-image; rendered-400dpi+900dpi-rereview; OCR-not-accepted	2026-08-28	hand-keyed-from-rendered-source; OCR-not-copied
203	you_(informal)	MAN	131	123	right	1 t̪u	attested	high		manual-source-image; rendered-400dpi+900dpi-rereview; OCR-not-accepted	2026-08-28	hand-keyed-from-rendered-source; OCR-not-copied
203	you_(informal)	BHU	131	123	right	1 t̪ũ	attested	high		manual-source-image; rendered-400dpi+900dpi-rereview; OCR-not-accepted	2026-08-28	hand-keyed-from-rendered-source; OCR-not-copied
203	you_(informal)	AML	131	123	right	1 t̪u	attested	high		manual-source-image; rendered-400dpi+900dpi-rereview; OCR-not-accepted	2026-08-28	hand-keyed-from-rendered-source; OCR-not-copied
203	you_(informal)	SEG	131	123	right	1 t̪u	attested	high		manual-source-image; rendered-400dpi+900dpi-rereview; OCR-not-accepted	2026-08-28	hand-keyed-from-rendered-source; OCR-not-copied
203	you_(informal)	KAN	131	123	right	1 t̪u	attested	high		manual-source-image; rendered-400dpi+900dpi-rereview; OCR-not-accepted	2026-08-28	hand-keyed-from-rendered-source; OCR-not-copied
203	you_(informal)	SHA	131	123	right	1 t̪u	attested	high		manual-source-image; rendered-400dpi+900dpi-rereview; OCR-not-accepted	2026-08-28	hand-keyed-from-rendered-source; OCR-not-copied
203	you_(informal)	TOR	131	123	right	1 t̪u	attested	high		manual-source-image; rendered-400dpi+900dpi-rereview; OCR-not-accepted	2026-08-28	hand-keyed-from-rendered-source; OCR-not-copied
204	you_(formal)	KEL	131	123	left	1 t̪uma	attested	high		manual-source-image; rendered-400dpi+900dpi-rereview; OCR-not-accepted	2026-08-28	hand-keyed-from-rendered-source; OCR-not-copied
204	you_(formal)	DHA	131	123	left	1 t̪uma	attested	high		manual-source-image; rendered-400dpi+900dpi-rereview; OCR-not-accepted	2026-08-28	hand-keyed-from-rendered-source; OCR-not-copied
204	you_(formal)	DIG	131	123	left	1 t̪umã	attested	high		manual-source-image; rendered-400dpi+900dpi-rereview; OCR-not-accepted	2026-08-28	hand-keyed-from-rendered-source; OCR-not-copied
204	you_(formal)	AMO	131	123	left	1 t̪umu	attested	high		manual-source-image; rendered-400dpi+900dpi-rereview; OCR-not-accepted	2026-08-28	hand-keyed-from-rendered-source; OCR-not-copied
204	you_(formal)	MUN	131	123	left	1 t̪umu	attested	high		manual-source-image; rendered-400dpi+900dpi-rereview; OCR-not-accepted	2026-08-28	hand-keyed-from-rendered-source; OCR-not-copied
204	you_(formal)	AST	131	123	left	1 t̪umo	attested	high		manual-source-image; rendered-400dpi+900dpi-rereview; OCR-not-accepted	2026-08-28	hand-keyed-from-rendered-source; OCR-not-copied
204	you_(formal)	MAN	131	123	right	1 t̪umu	attested	high		manual-source-image; rendered-400dpi+900dpi-rereview; OCR-not-accepted	2026-08-28	hand-keyed-from-rendered-source; OCR-not-copied
204	you_(formal)	BHU	131	123	right		blank	high	Confirmed printed horizontal dash rule; no lexical response.	manual-source-image; rendered-400dpi+900dpi-rereview; OCR-not-accepted	2026-08-28	hand-keyed-from-rendered-source; OCR-not-copied
204	you_(formal)	AML	131	123	right	1 t̪umo	attested	high		manual-source-image; rendered-400dpi+900dpi-rereview; OCR-not-accepted	2026-08-28	hand-keyed-from-rendered-source; OCR-not-copied
204	you_(formal)	SEG	131	123	right	1 t̪umo	attested	high		manual-source-image; rendered-400dpi+900dpi-rereview; OCR-not-accepted	2026-08-28	hand-keyed-from-rendered-source; OCR-not-copied
204	you_(formal)	KAN	131	123	right	1 t̪umu	attested	high		manual-source-image; rendered-400dpi+900dpi-rereview; OCR-not-accepted	2026-08-28	hand-keyed-from-rendered-source; OCR-not-copied
204	you_(formal)	SHA	131	123	right		blank	high	Confirmed printed horizontal dash rule; no lexical response.	manual-source-image; rendered-400dpi+900dpi-rereview; OCR-not-accepted	2026-08-28	hand-keyed-from-rendered-source; OCR-not-copied
204	you_(formal)	TOR	131	123	right	1 t̪umo	attested	high		manual-source-image; rendered-400dpi+900dpi-rereview; OCR-not-accepted	2026-08-28	hand-keyed-from-rendered-source; OCR-not-copied
205	he	KEL	132	124	left	1 ʈo	attested	high		manual-source-image; rendered-400dpi+900dpi-rereview; OCR-not-accepted	2026-08-28	hand-keyed-from-rendered-source; OCR-not-copied
205	he	DHA	132	124	left	1 ʈo	attested	high		manual-source-image; rendered-400dpi+900dpi-rereview; OCR-not-accepted	2026-08-28	hand-keyed-from-rendered-source; OCR-not-copied
205	he	DIG	132	124	left	1 ʈo	attested	high		manual-source-image; rendered-400dpi+900dpi-rereview; OCR-not-accepted	2026-08-28	hand-keyed-from-rendered-source; OCR-not-copied
205	he	AMO	132	124	left	1 ʈo	attested	high		manual-source-image; rendered-400dpi+900dpi-rereview; OCR-not-accepted	2026-08-28	hand-keyed-from-rendered-source; OCR-not-copied
205	he	MUN	132	124	left	1 ʈo	attested	high		manual-source-image; rendered-400dpi+900dpi-rereview; OCR-not-accepted	2026-08-28	hand-keyed-from-rendered-source; OCR-not-copied
205	he	AST	132	124	left	1 ʈo	attested	high		manual-source-image; rendered-400dpi+900dpi-rereview; OCR-not-accepted	2026-08-28	hand-keyed-from-rendered-source; OCR-not-copied
205	he	MAN	132	124	right	2 tʃu	attested	high		manual-source-image; rendered-400dpi+900dpi-rereview; OCR-not-accepted	2026-08-28	hand-keyed-from-rendered-source; OCR-not-copied
205	he	BHU	132	124	right	2 tʃu	attested	high		manual-source-image; rendered-400dpi+900dpi-rereview; OCR-not-accepted	2026-08-28	hand-keyed-from-rendered-source; OCR-not-copied
205	he	AML	132	124	right	2 t̪ʂu	attested	high		manual-source-image; rendered-400dpi+900dpi-rereview; OCR-not-accepted	2026-08-28	hand-keyed-from-rendered-source; OCR-not-copied
205	he	SEG	132	124	right	2 t̪ʂu	attested	high		manual-source-image; rendered-400dpi+900dpi-rereview; OCR-not-accepted	2026-08-28	hand-keyed-from-rendered-source; OCR-not-copied
205	he	KAN	132	124	right	2 t̪ʂo	attested	high		manual-source-image; rendered-400dpi+900dpi-rereview; OCR-not-accepted	2026-08-28	hand-keyed-from-rendered-source; OCR-not-copied
205	he	SHA	132	124	right	2 tʃu	attested	high		manual-source-image; rendered-400dpi+900dpi-rereview; OCR-not-accepted	2026-08-28	hand-keyed-from-rendered-source; OCR-not-copied
205	he	TOR	132	124	right	1 ʈo	attested	high		manual-source-image; rendered-400dpi+900dpi-rereview; OCR-not-accepted	2026-08-28	hand-keyed-from-rendered-source; OCR-not-copied
206	she	KEL	132	124	left	1 ʈi	attested	high		manual-source-image; rendered-400dpi+900dpi-rereview; OCR-not-accepted	2026-08-28	hand-keyed-from-rendered-source; OCR-not-copied
206	she	DHA	132	124	left	1 ʈi	attested	high		manual-source-image; rendered-400dpi+900dpi-rereview; OCR-not-accepted	2026-08-28	hand-keyed-from-rendered-source; OCR-not-copied
206	she	DIG	132	124	left	1 ʈi	attested	high		manual-source-image; rendered-400dpi+900dpi-rereview; OCR-not-accepted	2026-08-28	hand-keyed-from-rendered-source; OCR-not-copied
206	she	AMO	132	124	left	1 ʈi	attested	high		manual-source-image; rendered-400dpi+900dpi-rereview; OCR-not-accepted	2026-08-28	hand-keyed-from-rendered-source; OCR-not-copied
206	she	MUN	132	124	left	1 ʈe	attested	high		manual-source-image; rendered-400dpi+900dpi-rereview; OCR-not-accepted	2026-08-28	hand-keyed-from-rendered-source; OCR-not-copied
206	she	AST	132	124	left	1 ʈe	attested	high		manual-source-image; rendered-400dpi+900dpi-rereview; OCR-not-accepted	2026-08-28	hand-keyed-from-rendered-source; OCR-not-copied
206	she	MAN	132	124	right	2 tʃi	attested	high		manual-source-image; rendered-400dpi+900dpi-rereview; OCR-not-accepted	2026-08-28	hand-keyed-from-rendered-source; OCR-not-copied
206	she	BHU	132	124	right	2 tʃi	attested	high		manual-source-image; rendered-400dpi+900dpi-rereview; OCR-not-accepted	2026-08-28	hand-keyed-from-rendered-source; OCR-not-copied
206	she	AML	132	124	right	2 tʃi	attested	high		manual-source-image; rendered-400dpi+900dpi-rereview; OCR-not-accepted	2026-08-28	hand-keyed-from-rendered-source; OCR-not-copied
206	she	SEG	132	124	right	2 tʃi	attested	high		manual-source-image; rendered-400dpi+900dpi-rereview; OCR-not-accepted	2026-08-28	hand-keyed-from-rendered-source; OCR-not-copied
206	she	KAN	132	124	right	2 tʃi	attested	high		manual-source-image; rendered-400dpi+900dpi-rereview; OCR-not-accepted	2026-08-28	hand-keyed-from-rendered-source; OCR-not-copied
206	she	SHA	132	124	right	2 tʃi	attested	high		manual-source-image; rendered-400dpi+900dpi-rereview; OCR-not-accepted	2026-08-28	hand-keyed-from-rendered-source; OCR-not-copied
206	she	TOR	132	124	right	1 ʈi	attested	high		manual-source-image; rendered-400dpi+900dpi-rereview; OCR-not-accepted	2026-08-28	hand-keyed-from-rendered-source; OCR-not-copied
207	we_(inclusive)	KEL	132	124	left	1 apu	attested	high		manual-source-image; rendered-400dpi+900dpi-rereview; OCR-not-accepted	2026-08-28	hand-keyed-from-rendered-source; OCR-not-copied
207	we_(inclusive)	DHA	132	124	left	1 apuhõ	attested	high		manual-source-image; rendered-400dpi+900dpi-rereview; OCR-not-accepted	2026-08-28	hand-keyed-from-rendered-source; OCR-not-copied
207	we_(inclusive)	DIG	132	124	left	1 apu	attested	high		manual-source-image; rendered-400dpi+900dpi-rereview; OCR-not-accepted	2026-08-28	hand-keyed-from-rendered-source; OCR-not-copied
207	we_(inclusive)	AMO	132	124	left	1 apu	attested	high		manual-source-image; rendered-400dpi+900dpi-rereview; OCR-not-accepted	2026-08-28	hand-keyed-from-rendered-source; OCR-not-copied
207	we_(inclusive)	MUN	132	124	left	1 apu	attested	high		manual-source-image; rendered-400dpi+900dpi-rereview; OCR-not-accepted	2026-08-28	hand-keyed-from-rendered-source; OCR-not-copied
207	we_(inclusive)	AST	132	124	left	1 apu	attested	high		manual-source-image; rendered-400dpi+900dpi-rereview; OCR-not-accepted	2026-08-28	hand-keyed-from-rendered-source; OCR-not-copied
207	we_(inclusive)	MAN	132	124	right	1 apu	attested	high		manual-source-image; rendered-400dpi+900dpi-rereview; OCR-not-accepted	2026-08-28	hand-keyed-from-rendered-source; OCR-not-copied
207	we_(inclusive)	BHU	132	124	right	1 apu	attested	high		manual-source-image; rendered-400dpi+900dpi-rereview; OCR-not-accepted	2026-08-28	hand-keyed-from-rendered-source; OCR-not-copied
207	we_(inclusive)	AML	132	124	right	1 apu	attested	high		manual-source-image; rendered-400dpi+900dpi-rereview; OCR-not-accepted	2026-08-28	hand-keyed-from-rendered-source; OCR-not-copied
207	we_(inclusive)	SEG	132	124	right	1 apʌɳo	attested	high		manual-source-image; rendered-400dpi+900dpi-rereview; OCR-not-accepted	2026-08-28	hand-keyed-from-rendered-source; OCR-not-copied
207	we_(inclusive)	KAN	132	124	right	1 apu	attested	high		manual-source-image; rendered-400dpi+900dpi-rereview; OCR-not-accepted	2026-08-28	hand-keyed-from-rendered-source; OCR-not-copied
207	we_(inclusive)	SHA	132	124	right	1 apu	attested	high		manual-source-image; rendered-400dpi+900dpi-rereview; OCR-not-accepted	2026-08-28	hand-keyed-from-rendered-source; OCR-not-copied
207	we_(inclusive)	TOR	132	124	right		blank	high	Confirmed printed horizontal dash rule; no lexical response.	manual-source-image; rendered-400dpi+900dpi-rereview; OCR-not-accepted	2026-08-28	hand-keyed-from-rendered-source; OCR-not-copied
208	we_(exclusive)	KEL	132	124	left	1 amã	attested	high		manual-source-image; rendered-400dpi+900dpi-rereview; OCR-not-accepted	2026-08-28	hand-keyed-from-rendered-source; OCR-not-copied
208	we_(exclusive)	DHA	132	124	left	1 amã	attested	high		manual-source-image; rendered-400dpi+900dpi-rereview; OCR-not-accepted	2026-08-28	hand-keyed-from-rendered-source; OCR-not-copied
208	we_(exclusive)	DIG	132	124	left	1 amã	attested	high		manual-source-image; rendered-400dpi+900dpi-rereview; OCR-not-accepted	2026-08-28	hand-keyed-from-rendered-source; OCR-not-copied
208	we_(exclusive)	AMO	132	124	left	1 amu	attested	high		manual-source-image; rendered-400dpi+900dpi-rereview; OCR-not-accepted	2026-08-28	hand-keyed-from-rendered-source; OCR-not-copied
208	we_(exclusive)	MUN	132	124	left	1 amu	attested	high		manual-source-image; rendered-400dpi+900dpi-rereview; OCR-not-accepted	2026-08-28	hand-keyed-from-rendered-source; OCR-not-copied
208	we_(exclusive)	AST	132	124	left	1 amu	attested	high		manual-source-image; rendered-400dpi+900dpi-rereview; OCR-not-accepted	2026-08-28	hand-keyed-from-rendered-source; OCR-not-copied
208	we_(exclusive)	MAN	132	124	right	1 amu	attested	high		manual-source-image; rendered-400dpi+900dpi-rereview; OCR-not-accepted	2026-08-28	hand-keyed-from-rendered-source; OCR-not-copied
208	we_(exclusive)	BHU	132	124	right	1 amu	attested	high		manual-source-image; rendered-400dpi+900dpi-rereview; OCR-not-accepted	2026-08-28	hand-keyed-from-rendered-source; OCR-not-copied
208	we_(exclusive)	AML	132	124	right	1 amu	attested	high		manual-source-image; rendered-400dpi+900dpi-rereview; OCR-not-accepted	2026-08-28	hand-keyed-from-rendered-source; OCR-not-copied
208	we_(exclusive)	SEG	132	124	right	1 amo	attested	high		manual-source-image; rendered-400dpi+900dpi-rereview; OCR-not-accepted	2026-08-28	hand-keyed-from-rendered-source; OCR-not-copied
208	we_(exclusive)	KAN	132	124	right	1 amu	attested	high		manual-source-image; rendered-400dpi+900dpi-rereview; OCR-not-accepted	2026-08-28	hand-keyed-from-rendered-source; OCR-not-copied
208	we_(exclusive)	SHA	132	124	right	1 amu	attested	high		manual-source-image; rendered-400dpi+900dpi-rereview; OCR-not-accepted	2026-08-28	hand-keyed-from-rendered-source; OCR-not-copied
208	we_(exclusive)	TOR	132	124	right	1 amu	attested	high		manual-source-image; rendered-400dpi+900dpi-rereview; OCR-not-accepted	2026-08-28	hand-keyed-from-rendered-source; OCR-not-copied
209	you_(plural)	KEL	132	124	left	1 t̪umã	attested	high		manual-source-image; rendered-400dpi+900dpi-rereview; OCR-not-accepted	2026-08-28	hand-keyed-from-rendered-source; OCR-not-copied
209	you_(plural)	DHA	132	124	left	1 t̪umo	attested	high		manual-source-image; rendered-400dpi+900dpi-rereview; OCR-not-accepted	2026-08-28	hand-keyed-from-rendered-source; OCR-not-copied
209	you_(plural)	DIG	132	124	left	1 t̪umuhõ	attested	high		manual-source-image; rendered-400dpi+900dpi-rereview; OCR-not-accepted	2026-08-28	hand-keyed-from-rendered-source; OCR-not-copied
209	you_(plural)	AMO	132	124	left	1 t̪umo	attested	high		manual-source-image; rendered-400dpi+900dpi-rereview; OCR-not-accepted	2026-08-28	hand-keyed-from-rendered-source; OCR-not-copied
209	you_(plural)	MUN	132	124	left	1 t̪umu	attested	high		manual-source-image; rendered-400dpi+900dpi-rereview; OCR-not-accepted	2026-08-28	hand-keyed-from-rendered-source; OCR-not-copied
209	you_(plural)	AST	132	124	left	1 t̪umo	attested	high		manual-source-image; rendered-400dpi+900dpi-rereview; OCR-not-accepted	2026-08-28	hand-keyed-from-rendered-source; OCR-not-copied
209	you_(plural)	MAN	132	124	right	1 t̪umu	attested	high		manual-source-image; rendered-400dpi+900dpi-rereview; OCR-not-accepted	2026-08-28	hand-keyed-from-rendered-source; OCR-not-copied
209	you_(plural)	BHU	132	124	right	1 t̪umo	attested	high		manual-source-image; rendered-400dpi+900dpi-rereview; OCR-not-accepted	2026-08-28	hand-keyed-from-rendered-source; OCR-not-copied
209	you_(plural)	AML	132	124	right	1 t̪umo	attested	high		manual-source-image; rendered-400dpi+900dpi-rereview; OCR-not-accepted	2026-08-28	hand-keyed-from-rendered-source; OCR-not-copied
209	you_(plural)	SEG	132	124	right	1 t̪umo	attested	high		manual-source-image; rendered-400dpi+900dpi-rereview; OCR-not-accepted	2026-08-28	hand-keyed-from-rendered-source; OCR-not-copied
209	you_(plural)	KAN	132	124	right	1 t̪umu	attested	high		manual-source-image; rendered-400dpi+900dpi-rereview; OCR-not-accepted	2026-08-28	hand-keyed-from-rendered-source; OCR-not-copied
209	you_(plural)	SHA	132	124	right	1 t̪umu	attested	high		manual-source-image; rendered-400dpi+900dpi-rereview; OCR-not-accepted	2026-08-28	hand-keyed-from-rendered-source; OCR-not-copied
209	you_(plural)	TOR	132	124	right	1 tumu	attested	high		manual-source-image; rendered-400dpi+900dpi-rereview; OCR-not-accepted	2026-08-28	hand-keyed-from-rendered-source; OCR-not-copied
210	they	KEL	133	125	left	1 ʈe	attested	high		manual-source-image; rendered-400dpi+900dpi-rereview; OCR-not-accepted	2026-08-28	hand-keyed-from-rendered-source; OCR-not-copied
210	they	DHA	133	125	left	1 ʈe	attested	high		manual-source-image; rendered-400dpi+900dpi-rereview; OCR-not-accepted	2026-08-28	hand-keyed-from-rendered-source; OCR-not-copied
210	they	DIG	133	125	left	1 ʈe	attested	high		manual-source-image; rendered-400dpi+900dpi-rereview; OCR-not-accepted	2026-08-28	hand-keyed-from-rendered-source; OCR-not-copied
210	they	AMO	133	125	left	1 ʈẽ	attested	high		manual-source-image; rendered-400dpi+900dpi-rereview; OCR-not-accepted	2026-08-28	hand-keyed-from-rendered-source; OCR-not-copied
210	they	MUN	133	125	left	1 ʈe	attested	high		manual-source-image; rendered-400dpi+900dpi-rereview; OCR-not-accepted	2026-08-28	hand-keyed-from-rendered-source; OCR-not-copied
210	they	AST	133	125	left	1 ʈe	attested	high		manual-source-image; rendered-400dpi+900dpi-rereview; OCR-not-accepted	2026-08-28	hand-keyed-from-rendered-source; OCR-not-copied
210	they	MAN	133	125	right	2 tʃja	attested	high		manual-source-image; rendered-400dpi+900dpi-rereview; OCR-not-accepted	2026-08-28	hand-keyed-from-rendered-source; OCR-not-copied
210	they	BHU	133	125	right	2 tʃa	attested	high		manual-source-image; rendered-400dpi+900dpi-rereview; OCR-not-accepted	2026-08-28	hand-keyed-from-rendered-source; OCR-not-copied
210	they	AML	133	125	right	2 tʃe	attested	high		manual-source-image; rendered-400dpi+900dpi-rereview; OCR-not-accepted	2026-08-28	hand-keyed-from-rendered-source; OCR-not-copied
210	they	SEG	133	125	right	2 tʃe	attested	high		manual-source-image; rendered-400dpi+900dpi-rereview; OCR-not-accepted	2026-08-28	hand-keyed-from-rendered-source; OCR-not-copied
210	they	KAN	133	125	right	2 tʃe	attested	high		manual-source-image; rendered-400dpi+900dpi-rereview; OCR-not-accepted	2026-08-28	hand-keyed-from-rendered-source; OCR-not-copied
210	they	SHA	133	125	right	2 tʃju	attested	high		manual-source-image; rendered-400dpi+900dpi-rereview; OCR-not-accepted	2026-08-28	hand-keyed-from-rendered-source; OCR-not-copied
210	they	TOR	133	125	right	3 ʈa	attested	high		manual-source-image; rendered-400dpi+900dpi-rereview; OCR-not-accepted	2026-08-28	hand-keyed-from-rendered-source; OCR-not-copied
