Khol,227,acen,to come,,at͡ʃen,,kholosi,,,legacy:20220913-kholosi:row:1,,,,
Khol,574,ambe,mother,,ambe,,kholosi,,,legacy:20220913-kholosi:row:2,,,,
Khol,1268,ambo,mango,,ambo,,kholosi,,,legacy:20220913-kholosi:row:3,,,,
Khol,385,andāđo,dark,,andɔðo,,kholosi,,,legacy:20220913-kholosi:row:4,,,,
Khol,941,aterā,eight,,aterɔ,,kholosi,,,legacy:20220913-kholosi:row:5,,,,
Khol,1338,atto,flour,,atto,,kholosi,,,legacy:20220913-kholosi:row:6,,,,
Khol,5889,attū,you (sg.),,attu,,kholosi,,,legacy:20220913-kholosi:row:7,,,,
Khol,43,ax,eye,,ax,,kholosi,,,legacy:20220913-kholosi:row:8,,,,
Khol,1174,ānen,to bring,,ɔnen,,kholosi,,,legacy:20220913-kholosi:row:9,,,,
Khol,134,āngūl,finger,,ɔŋgul,,kholosi,,,legacy:20220913-kholosi:row:10,,,,
Khol,1111,āno,egg,,ɔno,,kholosi,,,legacy:20220913-kholosi:row:11,,,,
Khol,603,ārak,elbow,,ɔrak,,kholosi,,,legacy:20220913-kholosi:row:12,,,,
Khol,986,āse,we,,ɔse,,kholosi,,,legacy:20220913-kholosi:row:13,,,,
Khol,10511,āve,you (pl.),,ɔʋe,,kholosi,,,legacy:20220913-kholosi:row:14,,,,
Khol,9600,bakkāū,frog,,bakkɔu,"attested in Balochi, probably not IA",kholosi,,,legacy:20220913-kholosi:row:15,,,,
Khol,11405,balen,to run,,balen,"unlikely, v > b is not a Sindhic change",kholosi,,,legacy:20220913-kholosi:row:16,,,,
Khol,9161,bal,strength,,ball,or bal?,kholosi,,,legacy:20220913-kholosi:row:17,,,,
Khol,6648,barā,two,,barɔ,,kholosi,,,legacy:20220913-kholosi:row:18,,,,
Khol,9153,baxoro,sheep,,baxoro,,kholosi,,,legacy:20220913-kholosi:row:19,,,,
Khol,9209,bābo,father's brother,,bɔbo,,kholosi,,,legacy:20220913-kholosi:row:20,,,,
Khol,9187,bere,"very; much, many",,bere,,kholosi,,,legacy:20220913-kholosi:row:21,,,,
Khol,9193,bere,"very; much, many",,bere,,kholosi,,,legacy:20220913-kholosi:row:22,,,,
Khol,4711,caben,to chew,,t͡ʃaben,,kholosi,,,legacy:20220913-kholosi:row:23,,,,
Khol,4564,cango,good,,t͡ʃaŋgo,,kholosi,,,legacy:20220913-kholosi:row:24,,,,
Khol,4724,cayen,to say,,t͡ʃajen,,kholosi,,,legacy:20220913-kholosi:row:25,,,,
Khol,4655,cāllo,four,,t͡ʃɔllo,,kholosi,,,legacy:20220913-kholosi:row:26,,,,
Khol,e18,cel,waist,,t͡ʃel,,kholosi,,,legacy:20220913-kholosi:row:27,,,,
Khol,4937,cūrī,theft,,t͡ʃuri,,kholosi,,,legacy:20220913-kholosi:row:28,,,,
Khol,5041,cʰīyen,to hit,,t͡ʃʰijen,,kholosi,,,legacy:20220913-kholosi:row:29,,,,
Khol,6250,dahrī,beard,,dahri,,kholosi,,,legacy:20220913-kholosi:row:30,,,,
Khol,6152,dand,tooth,,dand,,kholosi,,,legacy:20220913-kholosi:row:31,,,,
Khol,6190,darpen,to scare,,darpen,?,kholosi,,,legacy:20220913-kholosi:row:32,,,,
Khol,6227,dazerā,ten,,dazerɔ,,kholosi,,,legacy:20220913-kholosi:row:33,,,,
Khol,6261,dāzo,elder brother,,dɔzo,,kholosi,,,legacy:20220913-kholosi:row:34,,,,
Khol,6333,deh,sun,,deh,"unlikely, s > h is not active in Kholosi",kholosi,,,legacy:20220913-kholosi:row:35,,,,
Khol,6327,deđā,elder sister,,deðɔ,,kholosi,,,legacy:20220913-kholosi:row:36,,,,
Khol,6140,dīyen,to give,,dijen,,kholosi,,,legacy:20220913-kholosi:row:37,,,,
Khol,6333,dīzīn,day,,dizin,,kholosi,,,legacy:20220913-kholosi:row:38,,,,
Khol,6605,doter,grandchild,,doter,,kholosi,,,legacy:20220913-kholosi:row:39,,,,
Khol,6495,dūr,far,,dur,or from Persian,kholosi,,,legacy:20220913-kholosi:row:40,,,,
Khol,4118,gahro,red,,gahro,,kholosi,,,legacy:20220913-kholosi:row:41,,,,
Khol,4209,gavoro,heavy,,gavoro,,kholosi,,,legacy:20220913-kholosi:row:42,,,,
Khol,4147,gāv,cow,,gɔʋ,or from Persian,kholosi,,,legacy:20220913-kholosi:row:43,,,,
Khol,4135,gāy,song,,gɔj,,kholosi,,,legacy:20220913-kholosi:row:44,,,,
Khol,4135,gāyen,to sing,,gɔjen,,kholosi,,,legacy:20220913-kholosi:row:45,,,,
Khol,4251,geh,room; house,,geh,,kholosi,,,legacy:20220913-kholosi:row:46,,,,
Khol,4236,genen,to take,,genen,,kholosi,,,legacy:20220913-kholosi:row:47,,,,
Khol,4154,gecī,neck,,get͡ʃi,,kholosi,,,legacy:20220913-kholosi:row:48,,,,
Khol,4516,gohro,horse,,gohro,,kholosi,,,legacy:20220913-kholosi:row:49,,,,
Khol,4321,golāndo,round,,golɔndo,,kholosi,,,legacy:20220913-kholosi:row:50,,,,
Khol,14024,hat,hand,,hat,,kholosi,,,legacy:20220913-kholosi:row:51,,,,
Khol,10896,havolo,slow,,haʋolo,,kholosi,,,legacy:20220913-kholosi:row:52,,,,
Khol,14152,hīyo,heart,,hijo,,kholosi,,,legacy:20220913-kholosi:row:53,,,,
Khol,2462,hoko,one,,hoko,,kholosi,,,legacy:20220913-kholosi:row:54,,,,
Khol,10391,jo,"who, which; correlative pronoun",,d͡ʒo,,kholosi,,,legacy:20220913-kholosi:row:55,,,,
Khol,5213,jolo,spider,,d͡ʒolo,?,kholosi,,,legacy:20220913-kholosi:row:56,,,,
Khol,2615,kacera,rubbish (piece),,kat͡ʃera,,kholosi,,,legacy:20220913-kholosi:row:57,,,,
Khol,2660,kadden,to pull,,kadden,,kholosi,,,legacy:20220913-kholosi:row:58,,,,
Khol,2830,kan,ear,,kan,,kholosi,,,legacy:20220913-kholosi:row:59,,,,
Khol,2814,karen,to do,,karen,,kholosi,,,legacy:20220913-kholosi:row:60,,,,
Khol,3104,kāl,yesterday,,kɔl,,kholosi,,,legacy:20220913-kholosi:row:61,,,,
Khol,3083,kāro,black,,kɔro,,kholosi,,,legacy:20220913-kholosi:row:62,,,,
Khol,3069,kātī,large knife,,kɔti,,kholosi,,,legacy:20220913-kholosi:row:63,,,,
Khol,2184,ke,accusative-dative,,ke,,kholosi,,,legacy:20220913-kholosi:row:64,,,,
Khol,2575,ken,who,,ken,,kholosi,,,legacy:20220913-kholosi:row:65,,,,
Khol,3934,kolen,to dig,,kolen,also in Balochi koḍen,kholosi,,,legacy:20220913-kholosi:row:66,,,,
Khol,3002,konjen,to want,,kond͡ʒen,seems to be quite a conservatism,kholosi,,,legacy:20220913-kholosi:row:67,,,,
Khol,3552,koso,warm,,koso,,kholosi,,,legacy:20220913-kholosi:row:68,,,,
Khol,3275,kotoro,dog,,kotoro,,kholosi,,,legacy:20220913-kholosi:row:69,,,,
Khol,10948,len,to take,,len,citation form uncertain,kholosi,,,legacy:20220913-kholosi:row:70,,,,
Khol,10978,lon,salt,,lon,,kholosi,,,legacy:20220913-kholosi:row:71,,,,
Khol,11154,loy,hair,,loj,,kholosi,,,legacy:20220913-kholosi:row:72,,,,
Khol,10640,lāren,to throw,,lɔren,?,kholosi,,,legacy:20220913-kholosi:row:73,,,,
Khol,9706,mangal,fire,,maŋgal,,kholosi,,,legacy:20220913-kholosi:row:74,,,,
Khol,9871,maren,to die,,maren,,kholosi,,,legacy:20220913-kholosi:row:75,,,,
Khol,9926,mate,"on top of, above, on",,mate,,kholosi,,,legacy:20220913-kholosi:row:76,,,,
Khol,9926,mato,head,,mato,,kholosi,,,legacy:20220913-kholosi:row:77,,,,
Khol,10286,matti,dirt,,matti,,kholosi,,,legacy:20220913-kholosi:row:78,,,,
Khol,9696,maxi,fly,,maxi,,kholosi,,,legacy:20220913-kholosi:row:79,,,,
Khol,9758,macʰi,fish,,mat͡ʃʰi,,kholosi,,,legacy:20220913-kholosi:row:80,,,,
Khol,9804,mā,"at, in (locative)",,mɔ,,kholosi,,,legacy:20220913-kholosi:row:81,,,,
Khol,10066,māren,to kill,,mɔren,,kholosi,,,legacy:20220913-kholosi:row:82,,,,
Khol,9827,mārez,human being; humanity,,mɔrez,?,kholosi,,,legacy:20220913-kholosi:row:83,,,,
Khol,10016,māv,mother,,mɔʋ,,kholosi,,,legacy:20220913-kholosi:row:84,,,,
Khol,9691,māy,I,,mɔj,,kholosi,,,legacy:20220913-kholosi:row:85,,,,
Khol,9982,māz,meat,,mɔz,,kholosi,,,legacy:20220913-kholosi:row:86,,,,
Khol,10302,meh,rain,,meh,,kholosi,,,legacy:20220913-kholosi:row:87,,,,
Khol,10323,meo,fat,,meo,,kholosi,,,legacy:20220913-kholosi:row:88,,,,
Khol,9828,mers,husband,,mers,,kholosi,,,legacy:20220913-kholosi:row:89,,,,
Khol,10234,meter,urine,,meter,,kholosi,,,legacy:20220913-kholosi:row:90,,,,
Khol,9962,mīrī,wife,,miri,,kholosi,,,legacy:20220913-kholosi:row:91,,,,
Khol,9375,monī,bread,,moni,,kholosi,,,legacy:20220913-kholosi:row:92,,,,
Khol,10001,mosī,mother's sister,,mosi,,kholosi,,,legacy:20220913-kholosi:row:93,,,,
Khol,10158,mov,face,,moʋ,,kholosi,,,legacy:20220913-kholosi:row:94,,,,
Khol,10055,momo,mother's brother,,momo,,kholosi,,,legacy:20220913-kholosi:row:95,,,,
Khol,9883,moxoro,ant,,moxoro,,kholosi,,,legacy:20220913-kholosi:row:96,,,,
Khol,6906,na,not,,na,,kholosi,,,legacy:20220913-kholosi:row:97,,,,
Khol,6983,nao,new; moon,,nao,,kholosi,,,legacy:20220913-kholosi:row:98,,,,
Khol,7047,narī,throat,,nari,,kholosi,,,legacy:20220913-kholosi:row:99,,,,
Khol,7081,nav,lake,,naʋ,?,kholosi,,,legacy:20220913-kholosi:row:100,,,,
Khol,6984,naverā,nine,,naʋerɔ,,kholosi,,,legacy:20220913-kholosi:row:101,,,,
Khol,7059,nāno,grandfather,,nɔno,,kholosi,,,legacy:20220913-kholosi:row:102,,,,
Khol,7067,nāy,name,,nɔj,,kholosi,,,legacy:20220913-kholosi:row:103,,,,
Khol,7067,nāyo,name,,nɔjo,,kholosi,,,legacy:20220913-kholosi:row:104,,,,
Khol,7062,neī,navel,,nei,,kholosi,,,legacy:20220913-kholosi:row:105,,,,
Khol,7150,noko,"small, short",,noko,,kholosi,,,legacy:20220913-kholosi:row:106,,,,
Khol,7059,nonī,grandmother,,noni,,kholosi,,,legacy:20220913-kholosi:row:107,,,,
Khol,1388,olū,potato,,olu,,kholosi,,,legacy:20220913-kholosi:row:108,,,,
Khol,8716,pacen,to come,,pat͡ʃen,,kholosi,,,legacy:20220913-kholosi:row:109,,,,
Khol,7655,panjerā,five,,pand͡ʒerɔ,,kholosi,,,legacy:20220913-kholosi:row:110,,,,
Khol,7712,paren,"to read, study; to sing",,paren,,kholosi,,,legacy:20220913-kholosi:row:111,,,,
Khol,8283,parono,old,,parono,,kholosi,,,legacy:20220913-kholosi:row:112,,,,
Khol,8012,pasen,to see,,pasen,,kholosi,,,legacy:20220913-kholosi:row:113,,,,
Khol,5983,pān,reflexive pron.,,pɔn,,kholosi,,,legacy:20220913-kholosi:row:114,,,,
Khol,7747,pay,foot,,paj,,kholosi,,,legacy:20220913-kholosi:row:115,,,,
Khol,7747,pāyo,leg,,pɔjo,,kholosi,,,legacy:20220913-kholosi:row:116,,,,
Khol,8283,perāno,old,,perɔno,,kholosi,,,legacy:20220913-kholosi:row:117,,,,
Khol,8055,pātīl,pot,,pɔtil,,kholosi,,,legacy:20220913-kholosi:row:118,,,,
Khol,7761,peso,money,,peso,,kholosi,,,legacy:20220913-kholosi:row:119,,,,
Khol,8376,pet,"belly, abdomen",,pet,,kholosi,,,legacy:20220913-kholosi:row:120,,,,
Khol,7733,petak,leaf,,petak,?,kholosi,,,legacy:20220913-kholosi:row:121,,,,
Khol,8265,peter,boy,,peter,,kholosi,,,legacy:20220913-kholosi:row:122,,,,
Khol,8209,pīyen,to drink,,pijen,,kholosi,,,legacy:20220913-kholosi:row:123,,,,
Khol,8082,ponī,water,,poni,,kholosi,,,legacy:20220913-kholosi:row:124,,,,
Khol,8399,pov,younger brother,,poʋ,,kholosi,,,legacy:20220913-kholosi:row:125,,,,
Khol,8179,pū,father,,pu,,kholosi,,,legacy:20220913-kholosi:row:126,,,,
Khol,8326,pūnī,cotton (piece?),,puni,"attested in <puni jelji> ""cotton""",kholosi,,,legacy:20220913-kholosi:row:127,,,,
Khol,8151,pʰec,tail,,pʰet͡ʃ,,kholosi,,,legacy:20220913-kholosi:row:128,,,,
Khol,9349,pʰen,younger sister,,pʰen,,kholosi,,,legacy:20220913-kholosi:row:129,,,,
Khol,9089,pʰepī,father's sister,,pʰepi,,kholosi,,,legacy:20220913-kholosi:row:130,,,,
Khol,9557,pʰī,earth,,pʰi,,kholosi,,,legacy:20220913-kholosi:row:131,,,,
Khol,2426,pʰīyen,to stand,,pʰijen,,kholosi,,,legacy:20220913-kholosi:row:132,,,,
Khol,8179,pʰu,father,,pʰu,,kholosi,,,legacy:20220913-kholosi:row:133,,,,
Khol,10539,rat,blood,,rat,,kholosi,,,legacy:20220913-kholosi:row:134,,,,
Khol,10702,rāt,night,,rɔt,,kholosi,,,legacy:20220913-kholosi:row:135,,,,
Khol,10628,rayen,to play,,rajen,,kholosi,,,legacy:20220913-kholosi:row:136,,,,
Khol,10840,royen,to cry,,rojen,,kholosi,,,legacy:20220913-kholosi:row:137,,,,
Khol,12270,sanā,tired,,sanɔ,?,kholosi,,,legacy:20220913-kholosi:row:138,,,,
Khol,12732,sanā,tired,,sanɔ,?,kholosi,,,legacy:20220913-kholosi:row:139,,,,
Khol,13080,sagen,to be able to,,sagen,+subjunctive,kholosi,,,legacy:20220913-kholosi:row:140,,,,
Khol,12359,saodo,rabbit,,saodo,?,kholosi,,,legacy:20220913-kholosi:row:141,,,,
Khol,13271,sap,snake,,sap,,kholosi,,,legacy:20220913-kholosi:row:142,,,,
Khol,13139,saterā,seven,,saterɔ,,kholosi,,,legacy:20220913-kholosi:row:143,,,,
Khol,12278,saū,hundred,,sau,,kholosi,,,legacy:20220913-kholosi:row:144,,,,
Khol,13276,sāf,all,,sɔf,,kholosi,,,legacy:20220913-kholosi:row:145,,,,
Khol,12548,sākko,dry,,sɔkko,,kholosi,,,legacy:20220913-kholosi:row:146,,,,
Khol,4749,sāl,rice,,sɔl,?,kholosi,,,legacy:20220913-kholosi:row:147,,,,
Khol,13127,sāndo,with (comitative),,sɔnda,,kholosi,,,legacy:20220913-kholosi:row:148,,,,
Khol,12672,sāo,green,,sɔo,,kholosi,,,legacy:20220913-kholosi:row:149,,,,
Khol,13905,semen,to sleep,,semen,,kholosi,,,legacy:20220913-kholosi:row:150,,,,
Khol,12598,senen,to hear,,senen,,kholosi,,,legacy:20220913-kholosi:row:151,,,,
Khol,13444,sīben,to sew,,siben,,kholosi,,,legacy:20220913-kholosi:row:152,,,,
Khol,13401,sīđa,straight,,siða,,kholosi,,,legacy:20220913-kholosi:row:153,,,,
Khol,12732,sīno,thin,,sino,,kholosi,,,legacy:20220913-kholosi:row:154,,,,
Khol,12506,sokolo,white,,sokolo,,kholosi,,,legacy:20220913-kholosi:row:155,,,,
Khol,12672,sovoyī,grass,,soʋoji,,kholosi,,,legacy:20220913-kholosi:row:156,,,,
Khol,12525,śājjo,clean,,ʃɔd͡ʒd͡ʒo,Romani loan? sibilant harmony?,kholosi,,,legacy:20220913-kholosi:row:157,,,,
Khol,12632,śājjo,clean,,ʃɔd͡ʒd͡ʒo,Romani loan? sibilant harmony?,kholosi,,,legacy:20220913-kholosi:row:158,,,,
Khol,3674,śār,ash,,ʃɔr,,kholosi,,,legacy:20220913-kholosi:row:159,,,,
Khol,5032,śekken,to sneeze,,ʃekken,,kholosi,,,legacy:20220913-kholosi:row:160,,,,
Khol,12803,śerā,six,,ʃerɔ,,kholosi,,,legacy:20220913-kholosi:row:161,,,,
Khol,5070,śorko,son,,ʃorko,,kholosi,,,legacy:20220913-kholosi:row:162,,,,
Khol,5070,śūrkī,daughter,,ʃurki,,kholosi,,,legacy:20220913-kholosi:row:163,,,,
Khol,13551,śūś,sewing needle,,ʃuʃ,perhaps sibilant harmony?,kholosi,,,legacy:20220913-kholosi:row:164,,,,
Khol,5731,tale,"beneath, below, under",,tale,,kholosi,,,legacy:20220913-kholosi:row:165,,,,
Khol,5798,tāro,star,,tɔro,,kholosi,,,legacy:20220913-kholosi:row:166,,,,
Khol,5994,tereṛā,three,,tereɽɔ,,kholosi,,,legacy:20220913-kholosi:row:167,,,,
Khol,13676,tʰāđo,cold,,tʰɔðo,,kholosi,,,legacy:20220913-kholosi:row:168,,,,
Khol,13774,tʰal,mountain,,tʰal,,kholosi,,,legacy:20220913-kholosi:row:169,,,,
Khol,13776,tʰāllo,fat (adj.),,tʰɔllo,,kholosi,,,legacy:20220913-kholosi:row:170,,,,
Khol,6368,tʰāṛgo,"tall, long",,tʰɔɽgo,,kholosi,,,legacy:20220913-kholosi:row:171,,,,
Khol,6481,tʰīv,girl,,tʰiʋ,,kholosi,,,legacy:20220913-kholosi:row:172,,,,
Khol,13752,tʰīyen,to become,,tʰijen,,kholosi,,,legacy:20220913-kholosi:row:173,,,,
Khol,6886,tʰoyen,to wash,,tʰojen,,kholosi,,,legacy:20220913-kholosi:row:174,,,,
Khol,11381,vadden,to cut,,ʋadden,,kholosi,,,legacy:20220913-kholosi:row:175,,,,
Khol,12223,vanen,to go,,ʋanen,,kholosi,,,legacy:20220913-kholosi:row:176,,,,
Khol,11308,var,"greater, more",,ʋar,,kholosi,,,legacy:20220913-kholosi:row:177,,,,
Khol,11309,varet,"groom, son-in-law",,ʋaret,,kholosi,,,legacy:20220913-kholosi:row:178,,,,
Khol,12196,vāt,mouth,,ʋɔt,,kholosi,,,legacy:20220913-kholosi:row:179,,,,
Khol,11366,vāt,path,,ʋɔt,,kholosi,,,legacy:20220913-kholosi:row:180,,,,
Khol,11544,vāv,wind,,ʋɔʋ,,kholosi,,,legacy:20220913-kholosi:row:181,,,,
Khol,11250,vaz,bride,,ʋaz,,kholosi,,,legacy:20220913-kholosi:row:182,,,,
Khol,11225,vazo,big,,ʋazo,,kholosi,,,legacy:20220913-kholosi:row:183,,,,
Khol,11225,vazoro,"elder, chief (noun)",,ʋazoro,,kholosi,,,legacy:20220913-kholosi:row:184,,,,
Khol,2245,vezen,to sit,,ʋezen,,kholosi,,,legacy:20220913-kholosi:row:185,,,,
Khol,11564,veten,to say,,ʋeten,?,kholosi,,,legacy:20220913-kholosi:row:186,,,,
Khol,11920,vīyāv,child,,ʋijɔʋ,?,kholosi,,,legacy:20220913-kholosi:row:187,,,,
Khol,11925,vīyāv,child,,ʋijɔʋ,?,kholosi,,,legacy:20220913-kholosi:row:188,,,,
Khol,11616,vīzerā,twenty,,ʋizerɔ,,kholosi,,,legacy:20220913-kholosi:row:189,,,,
Khol,3848,xal,"skin, bark (of a tree)",,xal,,kholosi,,,legacy:20220913-kholosi:row:190,,,,
Khol,3828,xarū,date,,xaru,? probably Persian,kholosi,,,legacy:20220913-kholosi:row:191,,,,
Khol,3120,xātī,"stick, wood",,xɔti,?,kholosi,,,legacy:20220913-kholosi:row:192,,,,
Khol,3865,xāyen,to eat,,xɔjen,,kholosi,,,legacy:20220913-kholosi:row:193,,,,
Khol,3865,xāzen,to cough,,xɔzen,,kholosi,,,legacy:20220913-kholosi:row:194,,,,
Khol,4471,xāz,grass,,xɔz,,kholosi,,,legacy:20220913-kholosi:row:195,,,,
Khol,3882,xelen,to laugh,,xelen,,kholosi,,,legacy:20220913-kholosi:row:196,,,,
Khol,3663,xeren,to fall,,xeren,?,kholosi,,,legacy:20220913-kholosi:row:197,,,,
Khol,3665,xomen,to burn,,xomen,,kholosi,,,legacy:20220913-kholosi:row:198,,,,
