maimani,12583,sīŋ,(animal) horn,,sɪŋ,,maimani,,,legacy:20230524-sindhic:row:1,,,,
luwati,12583,sīŋ,(animal) horn,,sɪŋ,,maimani,,,legacy:20230524-sindhic:row:2,,,,
maimani,13276,sabbīh,all,,sabbih,,maimani,,,legacy:20230524-sindhic:row:3,,,,
luwati,13276,sībbī,all,,sɪbbi,,maimani,,,legacy:20230524-sindhic:row:4,,,,
maimani,,ramādīh,ash,,rama:dih,,maimani,,,legacy:20230524-sindhic:row:5,,,,
luwati,,pūlyār,ash,,pʊlja:r,,maimani,,,legacy:20230524-sindhic:row:6,,,,
maimani,,kantūh,bark (of a tree),,kantuh,,maimani,,,legacy:20230524-sindhic:row:7,,,,
luwati,,nes,bark (of a tree),,nes,,maimani,,,legacy:20230524-sindhic:row:8,,,,
maimani,8376,beṭʰ,belly,,beʈʰ,,maimani,,,legacy:20230524-sindhic:row:9,,,,
luwati,8376,beṭʰ,belly,,beʈʰ,,maimani,,,legacy:20230524-sindhic:row:10,,,,
maimani,11225,vaɗūh,big,,waɗuh,,maimani,,,legacy:20230524-sindhic:row:11,,,,
luwati,11225,vaɗū,big,,waɗu,,maimani,,,legacy:20230524-sindhic:row:12,,,,
maimani,,jīlkʰrī,bird,,dʒɪlkʰri,,maimani,,,legacy:20230524-sindhic:row:13,,,,
luwati,,jīlkʰrī,bird,,dʒɪlkʰri,,maimani,,,legacy:20230524-sindhic:row:14,,,,
maimani,,śakūjītūh,bite,,ʃʰakudʒituh,,maimani,,,legacy:20230524-sindhic:row:15,,,,
luwati,,cʰaktūvījɛ,bite,,tʃʰaktʊvɪdʒɛ,,maimani,,,legacy:20230524-sindhic:row:16,,,,
maimani,3083,kārūh,black,,ka:ruh,,maimani,,,legacy:20230524-sindhic:row:17,,,,
luwati,3083,kārū,black,,ka:ru,,maimani,,,legacy:20230524-sindhic:row:18,,,,
maimani,10539,rat,blood,,rat̪,,maimani,,,legacy:20230524-sindhic:row:19,,,,
luwati,10539,rat,blood,,rat̪,,maimani,,,legacy:20230524-sindhic:row:20,,,,
maimani,13952,haɗūh,bone,,haɗuh,,maimani,,,legacy:20230524-sindhic:row:21,,,,
luwati,13952,haɗū,bone,,haɗu,,maimani,,,legacy:20230524-sindhic:row:22,,,,
maimani,6671,ɓāretūh,burn,,ɓa:retuh,,maimani,,,legacy:20230524-sindhic:row:23,,,,
luwati,6671,ɓāretū,burn,,ɓa:retu,,maimani,,,legacy:20230524-sindhic:row:24,,,,
maimani,5014,śātīh,chest,,ʃa:tih,,maimani,,,legacy:20230524-sindhic:row:25,,,,
luwati,5014,cātī,chest,,tʃa:ti,,maimani,,,legacy:20230524-sindhic:row:26,,,,
maimani,,mlār,cloud,,mla:r,,maimani,,,legacy:20230524-sindhic:row:27,,,,
luwati,11567,vāḍya,cloud,,wa:ɖja,,maimani,,,legacy:20230524-sindhic:row:28,,,,
maimani,13676,ʈʰaḍūh,cold,,ʈʰaɖuh,,maimani,,,legacy:20230524-sindhic:row:29,,,,
luwati,13676,ṭʰaḍū,cold,,ʈʰaɖu,,maimani,,,legacy:20230524-sindhic:row:30,,,,
maimani,227,aśetūh,come,,aʃetuh,,maimani,,,legacy:20230524-sindhic:row:31,,,,
luwati,227,acetū,come,,atʃetu,,maimani,,,legacy:20230524-sindhic:row:32,,,,
maimani,9871,maretūh,die,,maretuh,,maimani,,,legacy:20230524-sindhic:row:33,,,,
luwati,9871,maretū,die,,maretu,,maimani,,,legacy:20230524-sindhic:row:34,,,,
maimani,3275,kuttūh,dog,,kʊttuh,,maimani,,,legacy:20230524-sindhic:row:35,,,,
luwati,3275,kuttū,dog,,kʊttu,,maimani,,,legacy:20230524-sindhic:row:36,,,,
maimani,8209,byetūh,drink,,bjetuh,,maimani,,,legacy:20230524-sindhic:row:37,,,,
luwati,8209,byetū,drink,,bjetu,,maimani,,,legacy:20230524-sindhic:row:38,,,,
maimani,12548,sukkūyah,dry,,sʊkkujah,,maimani,,,legacy:20230524-sindhic:row:39,,,,
luwati,12548,sukkū,dry,,sʊkku,,maimani,,,legacy:20230524-sindhic:row:40,,,,
maimani,2830,kʰan,ear,,kʰan,,maimani,,,legacy:20230524-sindhic:row:41,,,,
luwati,2830,kʰan,ear,,kʰan,,maimani,,,legacy:20230524-sindhic:row:42,,,,
maimani,,zamīn,earth,,zamin,,maimani,,,legacy:20230524-sindhic:row:43,,,,
luwati,,zimīn,earth,,zɪmin,,maimani,,,legacy:20230524-sindhic:row:44,,,,
maimani,3865,kaituh,eat,,kaɪtʊh,,maimani,,,legacy:20230524-sindhic:row:45,,,,
luwati,3865,kaitu,eat,,kaɪtʊ,,maimani,,,legacy:20230524-sindhic:row:46,,,,
maimani,1111,ānūh,egg,,a:nuh,,maimani,,,legacy:20230524-sindhic:row:47,,,,
luwati,1111,ānū,egg,,a:nu,,maimani,,,legacy:20230524-sindhic:row:48,,,,
maimani,43,akʰah,eye,,akʰah,,maimani,,,legacy:20230524-sindhic:row:49,,,,
luwati,43,akʰī,eye,,akʰi,,maimani,,,legacy:20230524-sindhic:row:50,,,,
maimani,,pakʰah,feather,,pakʰah,,maimani,,,legacy:20230524-sindhic:row:51,,,,
luwati,,pɔ̄r,feather,,pɔ:r,,maimani,,,legacy:20230524-sindhic:row:52,,,,
maimani,6914,nūh,fingernail,,nuh,,maimani,,,legacy:20230524-sindhic:row:53,,,,
luwati,6914,nɔ̄,fingernail,,nɔ:,,maimani,,,legacy:20230524-sindhic:row:54,,,,
maimani,,ṭʰāndūh,fire,,ʈʰa:nduh,,maimani,,,legacy:20230524-sindhic:row:55,,,,
luwati,,ṭʰādū,fire,,ʈʰa:du,,maimani,,,legacy:20230524-sindhic:row:56,,,,
maimani,9758,mahcih,fish,,mahtʃɪh,,maimani,,,legacy:20230524-sindhic:row:57,,,,
luwati,9758,maci,fish,,matʃɪ,,maimani,,,legacy:20230524-sindhic:row:58,,,,
maimani,e37,gɔ̄hśit,flesh,,gɔ:hʃɪt,,maimani,,,legacy:20230524-sindhic:row:59,,,,
luwati,e37,gɔ̄śit,flesh,,gɔ:ʃɪt,,maimani,,,legacy:20230524-sindhic:row:60,,,,
maimani,1697,ūɗeūh,fly,,uɗeuh,,maimani,,,legacy:20230524-sindhic:row:61,,,,
luwati,1697,ūɗetū,fly,,uɗetu,,maimani,,,legacy:20230524-sindhic:row:62,,,,
maimani,,paj,foot,,padʒ,,maimani,,,legacy:20230524-sindhic:row:63,,,,
luwati,7766,paɠ,foot,,paɠ,,maimani,,,legacy:20230524-sindhic:row:64,,,,
maimani,9397,barjyūh,full,,bardʒjuh,,maimani,,,legacy:20230524-sindhic:row:65,,,,
luwati,,jakkār,full,,dʒakka:r,,maimani,,,legacy:20230524-sindhic:row:66,,,,
maimani,6140,ɗyetuh,give,,ɗjetʊh,,maimani,,,legacy:20230524-sindhic:row:67,,,,
luwati,6140,ɗyetu,give,,ɗjetʊ,,maimani,,,legacy:20230524-sindhic:row:68,,,,
maimani,,ūñcūh,good,,uɲtʃuh,,maimani,,,legacy:20230524-sindhic:row:69,,,,
luwati,,ūñcū,good,,uɲtʃu,,maimani,,,legacy:20230524-sindhic:row:70,,,,
maimani,e68,śarbī,grease,,ʃarbi,,maimani,,,legacy:20230524-sindhic:row:71,,,,
luwati,e68,carbī,grease,,tʃarbi,,maimani,,,legacy:20230524-sindhic:row:72,,,,
maimani,12672,sāv,green,,sa:w,,maimani,,,legacy:20230524-sindhic:row:73,,,,
luwati,12672,sāv,green,,sa:w,,maimani,,,legacy:20230524-sindhic:row:74,,,,
maimani,11572,vār,hair,,wa:r,,maimani,,,legacy:20230524-sindhic:row:75,,,,
luwati,11572,vāra,hair,,wa:ra,,maimani,,,legacy:20230524-sindhic:row:76,,,,
maimani,14024,hatʰ,hand,,hatʰ,,maimani,,,legacy:20230524-sindhic:row:77,,,,
luwati,14024,hatʰ,hand,,hatʰ,,maimani,,,legacy:20230524-sindhic:row:78,,,,
maimani,9926,matʰū,head,,matʰu,,maimani,,,legacy:20230524-sindhic:row:79,,,,
luwati,9926,matʰū,head,,matʰu,,maimani,,,legacy:20230524-sindhic:row:80,,,,
maimani,12598,sanetūh,hear,,sanetuh,,maimani,,,legacy:20230524-sindhic:row:81,,,,
luwati,12598,sunetū,hear,,sʊnetu,,maimani,,,legacy:20230524-sindhic:row:82,,,,
maimani,e80,dil,heart,,dɪl,,maimani,,,legacy:20230524-sindhic:row:83,,,,
luwati,e80,dil,heart,,dɪl,,maimani,,,legacy:20230524-sindhic:row:84,,,,
maimani,3552,kūhsūh,hot,,kuhsuh,,maimani,,,legacy:20230524-sindhic:row:85,,,,
luwati,e70,garm,hot,,garm,,maimani,,,legacy:20230524-sindhic:row:86,,,,
maimani,,amāya,I,,ama:ja,,maimani,,,legacy:20230524-sindhic:row:87,,,,
luwati,,ām,I,,a:m,,maimani,,,legacy:20230524-sindhic:row:88,,,,
maimani,10066,māretūh,kill,,ma:retuh,,maimani,,,legacy:20230524-sindhic:row:89,,,,
luwati,10066,māretū,kill,,ma:retu,,maimani,,,legacy:20230524-sindhic:row:90,,,,
maimani,,mūnūh,knee,,munuh,,maimani,,,legacy:20230524-sindhic:row:91,,,,
luwati,,mūnū,knee,,munu,,maimani,,,legacy:20230524-sindhic:row:92,,,,
maimani,9279,ɓujetūh,know,,ɓʊdʒetuh,,maimani,,,legacy:20230524-sindhic:row:93,,,,
luwati,9279,ɓujetū,know,,ɓʊdʒetu,,maimani,,,legacy:20230524-sindhic:row:94,,,,
maimani,,varqūh,leaf,,warquh,,maimani,,,legacy:20230524-sindhic:row:95,,,,
luwati,,kāgir,leaf,,ka:gɪr,,maimani,,,legacy:20230524-sindhic:row:96,,,,
maimani,,aram karītūh,lie (down),,aram karituh,,maimani,,,legacy:20230524-sindhic:row:97,,,,
luwati,1109,letetū,lie (down),,letetu,,maimani,,,legacy:20230524-sindhic:row:98,,,,
maimani,,betūh,liver,,betuh,,maimani,,,legacy:20230524-sindhic:row:99,,,,
luwati,,beṭū,liver,,beʈu,,maimani,,,legacy:20230524-sindhic:row:100,,,,
maimani,6368,ɗīgūh,long,,ɗiguh,,maimani,,,legacy:20230524-sindhic:row:101,,,,
luwati,6368,ɗigū,long,,ɗɪgu,,maimani,,,legacy:20230524-sindhic:row:102,,,,
maimani,10512,jūyūh-,louse,,dʒujuh-,,maimani,,,legacy:20230524-sindhic:row:103,,,,
maimani,10512,jūy,louse,,dʒuj,,maimani,,,legacy:20230524-sindhic:row:104,,,,
luwati,10512,jūyn,louse,,dʒujn,,maimani,,,legacy:20230524-sindhic:row:105,,,,
maimani,,mard,man,,mard,,maimani,,,legacy:20230524-sindhic:row:106,,,,
luwati,,mard,man,,mard,,maimani,,,legacy:20230524-sindhic:row:107,,,,
maimani,,vadī,many,,wadi,,maimani,,,legacy:20230524-sindhic:row:108,,,,
maimani,4424,gūnūh,many,,gunuh,,maimani,,,legacy:20230524-sindhic:row:109,,,,
luwati,4424,gana,many,,gana,,maimani,,,legacy:20230524-sindhic:row:110,,,,
luwati,4424,ganū,many,,ganu,,maimani,,,legacy:20230524-sindhic:row:111,,,,
maimani,4661,śand,moon,,ʃand,,maimani,,,legacy:20230524-sindhic:row:112,,,,
luwati,4661,jand,moon,,dʒand,,maimani,,,legacy:20230524-sindhic:row:113,,,,
maimani,e81,jabalīh,mountain,,dʒabalih,,maimani,,,legacy:20230524-sindhic:row:114,,,,
luwati,5423,ɗungur,mountain,,ɗʊngʊr,,maimani,,,legacy:20230524-sindhic:row:115,,,,
maimani,12196,vāt,mouth,,wa:t,,maimani,,,legacy:20230524-sindhic:row:116,,,,
luwati,12196,vāt,mouth,,wa:t,,maimani,,,legacy:20230524-sindhic:row:117,,,,
maimani,7067,nāluh,name,,na:lʊh,,maimani,,,legacy:20230524-sindhic:row:118,,,,
luwati,7067,nālu,name,,na:lʊ,,maimani,,,legacy:20230524-sindhic:row:119,,,,
maimani,,nīrī,neck,,niri,,maimani,,,legacy:20230524-sindhic:row:120,,,,
luwati,,gardin,neck,,gardɪn,,maimani,,,legacy:20230524-sindhic:row:121,,,,
maimani,6983,nāv,new,,na:w,,maimani,,,legacy:20230524-sindhic:row:122,,,,
luwati,6983,nav,new,,naw,,maimani,,,legacy:20230524-sindhic:row:123,,,,
maimani,10702,rajūh,night,,radʒuh,?,maimani,,,legacy:20230524-sindhic:row:124,,,,
luwati,10702,rāt,night,,ra:t,,maimani,,,legacy:20230524-sindhic:row:125,,,,
maimani,6909,ñak,nose,,ɲak,,maimani,,,legacy:20230524-sindhic:row:126,,,,
luwati,6909,ñak,nose,,ɲak,,maimani,,,legacy:20230524-sindhic:row:127,,,,
maimani,,na,not,,na,,maimani,,,legacy:20230524-sindhic:row:128,,,,
luwati,,na,not,,na,,maimani,,,legacy:20230524-sindhic:row:129,,,,
maimani,2462,hakkūh,one,,hakkuh,,maimani,,,legacy:20230524-sindhic:row:130,,,,
luwati,2462,hakkū,one,,hakku,,maimani,,,legacy:20230524-sindhic:row:131,,,,
maimani,11366,vāt,path,,wa:t,,maimani,,,legacy:20230524-sindhic:row:132,,,,
luwati,e43,rastū,path,,rastu,,maimani,,,legacy:20230524-sindhic:row:133,,,,
maimani,9828,mārūh,person,,ma:ruh,,maimani,,,legacy:20230524-sindhic:row:134,,,,
luwati,9828,mārū,person,,ma:ru,,maimani,,,legacy:20230524-sindhic:row:135,,,,
maimani,10302,mīh,rain,,mih,,maimani,,,legacy:20230524-sindhic:row:136,,,,
luwati,10302,mī,rain,,mi,,maimani,,,legacy:20230524-sindhic:row:137,,,,
maimani,10539,rat̪ū,red,,rat̪u,,maimani,,,legacy:20230524-sindhic:row:138,,,,
luwati,10539,rat̪ū,red,,rat̪u,,maimani,,,legacy:20230524-sindhic:row:139,,,,
maimani,,jantah,root,,dʒantah,,maimani,,,legacy:20230524-sindhic:row:140,,,,
luwati,,tārī,root,,ta:ri,,maimani,,,legacy:20230524-sindhic:row:141,,,,
maimani,,dvār,round,,dwa:r,,maimani,,,legacy:20230524-sindhic:row:142,,,,
luwati,4548,cʰakli,round,,tʃʰaklɪ,aspiration unmotivated,maimani,,,legacy:20230524-sindhic:row:143,,,,
maimani,,rāyūh,sand,,ra:juh,,maimani,,,legacy:20230524-sindhic:row:144,,,,
luwati,,rāy,sand,,ra:j,,maimani,,,legacy:20230524-sindhic:row:145,,,,
maimani,4724,śʰeyetūh,say,,ʃʰejetuh,,maimani,,,legacy:20230524-sindhic:row:146,,,,
luwati,4724,cʰeytū,say,,tʃʰejtu,,maimani,,,legacy:20230524-sindhic:row:147,,,,
maimani,7228,ñyāretūh,see,,ɲja:retuh,,maimani,,,legacy:20230524-sindhic:row:148,,,,
luwati,7228,ñyāretū,see,,ɲja:retu,,maimani,,,legacy:20230524-sindhic:row:149,,,,
maimani,,dānūh,seed,,da:nuh,,maimani,,,legacy:20230524-sindhic:row:150,,,,
luwati,,dānū,seed,,da:nu,,maimani,,,legacy:20230524-sindhic:row:151,,,,
maimani,2245,vyetū,sit,,vjetu,,maimani,,,legacy:20230524-sindhic:row:152,,,,
luwati,2245,vyetū,sit,,vjetu,,maimani,,,legacy:20230524-sindhic:row:153,,,,
maimani,4701,śāmri,skin,,ʃa:mrɪ,,maimani,,,legacy:20230524-sindhic:row:154,,,,
luwati,4701,jāmri,skin,,dʒa:mrɪ,,maimani,,,legacy:20230524-sindhic:row:155,,,,
maimani,13905,summetūh,sleep,,sʊmmetuh,,maimani,,,legacy:20230524-sindhic:row:156,,,,
luwati,13905,summetū,sleep,,sʊmmetu,,maimani,,,legacy:20230524-sindhic:row:157,,,,
maimani,6935,nandūh,small,,nanduh,,maimani,,,legacy:20230524-sindhic:row:158,,,,
luwati,6935,nandū,small,,nandu,,maimani,,,legacy:20230524-sindhic:row:159,,,,
maimani,6849,dūxan,smoke,,duxan,,maimani,,,legacy:20230524-sindhic:row:160,,,,
luwati,6849,ḍūh,smoke,,ɖuh,,maimani,,,legacy:20230524-sindhic:row:161,,,,
maimani,2426,ūbyetūh,stand,,ubjetuh,,maimani,,,legacy:20230524-sindhic:row:162,,,,
luwati,2426,ūbyetū,stand,,ubjetu,,maimani,,,legacy:20230524-sindhic:row:163,,,,
maimani,5798,tāruh,star,,ta:rʊh,,maimani,,,legacy:20230524-sindhic:row:164,,,,
luwati,5798,tāru,star,,ta:rʊ,,maimani,,,legacy:20230524-sindhic:row:165,,,,
maimani,8138,bahnūh,stone,,bahnuh,seems probably but not certain,maimani,,,legacy:20230524-sindhic:row:166,,,,
luwati,8857,batʰar,stone,,batʰar,,maimani,,,legacy:20230524-sindhic:row:167,,,,
maimani,6333,dīh,sun,,dih,,maimani,,,legacy:20230524-sindhic:row:168,,,,
luwati,,suḍ,sun,,sʊɖ,,maimani,,,legacy:20230524-sindhic:row:169,,,,
maimani,,veñjetūh,Swim,,weɲdʒetuh,,maimani,,,legacy:20230524-sindhic:row:170,,,,
luwati,,veñjetū,Swim,,veɲdʒetu,,maimani,,,legacy:20230524-sindhic:row:171,,,,
maimani,6419,dūmb,tail,,dumb,,maimani,,,legacy:20230524-sindhic:row:172,,,,
luwati,8249,būc,tail,,butʃ,,maimani,,,legacy:20230524-sindhic:row:173,,,,
maimani,,hī,that,,hi,,maimani,,,legacy:20230524-sindhic:row:174,,,,
luwati,,hū,that,,hu,,maimani,,,legacy:20230524-sindhic:row:175,,,,
maimani,,hī,this,,hi,,maimani,,,legacy:20230524-sindhic:row:176,,,,
luwati,,hī,this,,hi,,maimani,,,legacy:20230524-sindhic:row:177,,,,
maimani,,zūban,tongue,,zuban,,maimani,,,legacy:20230524-sindhic:row:178,,,,
luwati,5228,ɠib,tongue,,ɠɪb,,maimani,,,legacy:20230524-sindhic:row:179,,,,
maimani,6152,ɗand,tooth,,ɗand,,maimani,,,legacy:20230524-sindhic:row:180,,,,
luwati,6152,ɗandɔ̄,tooth,,ɗandɔ:,,maimani,,,legacy:20230524-sindhic:row:181,,,,
maimani,,naxl,tree,,naxl,,maimani,,,legacy:20230524-sindhic:row:182,,,,
luwati,,naxil,tree,,naxɪl,,maimani,,,legacy:20230524-sindhic:row:183,,,,
maimani,6648,ɓūh,two,,ɓuh,,maimani,,,legacy:20230524-sindhic:row:184,,,,
luwati,6648,ɓā,two,,ɓa:,,maimani,,,legacy:20230524-sindhic:row:185,,,,
maimani,14018,hālytūh,walk,,ha:ljtuh,,maimani,,,legacy:20230524-sindhic:row:186,,,,
luwati,10902,langetū,walk,,langetu,,maimani,,,legacy:20230524-sindhic:row:187,,,,
maimani,8082,pānī,water,,pa:ni,,maimani,,,legacy:20230524-sindhic:row:188,,,,
luwati,8082,pānī,water,,pa:ni,,maimani,,,legacy:20230524-sindhic:row:189,,,,
maimani,986,asā,we,,asa:,,maimani,,,legacy:20230524-sindhic:row:190,,,,
luwati,986,asā,we,,asa:,,maimani,,,legacy:20230524-sindhic:row:191,,,,
maimani,,kūrīlī,what,,kurili,,maimani,,,legacy:20230524-sindhic:row:192,,,,
luwati,,kuru,what,,kʊrʊ,,maimani,,,legacy:20230524-sindhic:row:193,,,,
maimani,142,aśūh,white,,aʃuh,,maimani,,,legacy:20230524-sindhic:row:194,,,,
luwati,142,acū,white,,atʃu,,maimani,,,legacy:20230524-sindhic:row:195,,,,
maimani,,ker,who,,ker,,maimani,,,legacy:20230524-sindhic:row:196,,,,
luwati,,ker,who,,ker,,maimani,,,legacy:20230524-sindhic:row:197,,,,
maimani,,ɓāyrī,woman,,ɓa:jri,,maimani,,,legacy:20230524-sindhic:row:198,,,,
luwati,,ɓāyrī,woman,,ɓa:jri,,maimani,,,legacy:20230524-sindhic:row:199,,,,
maimani,13990,haydah,yellow,,hajdah,,maimani,,,legacy:20230524-sindhic:row:200,,,,
luwati,13990,haydū,yellow,,hajdu,,maimani,,,legacy:20230524-sindhic:row:201,,,,
maimani,5889,tūh,you,,tuh,,maimani,,,legacy:20230524-sindhic:row:202,,,,
luwati,5889,tɔ̄,you,,tɔ:,,maimani,,,legacy:20230524-sindhic:row:203,,,,
