rabha_rongdani,,kɑ́n,body,,kɑ́n,,kondakov2013rabha[p. 18],,,rabha:1:rongdani:1
rabha_rongdani,,kɑnɡɑnd͡ʒi,body,,kɑnɡɑnd͡ʒi,,kondakov2013rabha[p. 18],,,rabha:1:rongdani:2
rabha_maituri,,kɑn,body,,kɑn,,kondakov2013rabha[p. 18],,,rabha:1:maituri:1
rabha_rongdani,,tɨkɑm,head,,tɨkɑm,,kondakov2013rabha[p. 18],,,rabha:2:rongdani:1
rabha_maituri,,tɨkɑm,head,,tɨkɑm,,kondakov2013rabha[p. 18],,,rabha:2:maituri:1
rabha_rongdani,,kʰoɾó,hair,,kʰoɾó,,kondakov2013rabha[p. 18],,,rabha:3:rongdani:1
rabha_maituri,,kʰoɾok̚,hair,,kʰoɾok̚,,kondakov2013rabha[p. 18],,,rabha:3:maituri:1
rabha_rongdani,,mukʰɑŋ,face,,mukʰɑŋ,,kondakov2013rabha[p. 18],,,rabha:4:rongdani:1
rabha_maituri,,mukʰuŋ,face,,mukʰuŋ,,kondakov2013rabha[p. 18],,,rabha:4:maituri:1
rabha_rongdani,,neken,eye,,neken,,kondakov2013rabha[p. 18],,,rabha:5:rongdani:1
rabha_maituri,,muken,eye,,muken,,kondakov2013rabha[p. 18],,,rabha:5:maituri:1
rabha_rongdani,,nɑkoɾ,ear,,nɑkoɾ,,kondakov2013rabha[p. 18],,,rabha:6:rongdani:1
rabha_maituri,,nɑkoɾ,ear,,nɑkoɾ,,kondakov2013rabha[p. 18],,,rabha:6:maituri:1
rabha_rongdani,,kumpɑk̚,nose,,kumpɑk̚,,kondakov2013rabha[p. 19],,,rabha:7:rongdani:1
rabha_maituri,,kumpɑk̚,nose,,kumpɑk̚,,kondakov2013rabha[p. 19],,,rabha:7:maituri:1
rabha_rongdani,,kʰútʃ̑em,mouth,,kʰútʃ̑em,,kondakov2013rabha[p. 19],,,rabha:8:rongdani:1
rabha_maituri,,kutʃ̑em,mouth,,kutʃ̑em,,kondakov2013rabha[p. 19],,,rabha:8:maituri:1
rabha_rongdani,,pʰɑkʰəm,tooth,,pʰɑkʰəm,,kondakov2013rabha[p. 19],,,rabha:9:rongdani:1
rabha_maituri,,pʰɑkʰɑm,tooth,,pʰɑkʰɑm,,kondakov2013rabha[p. 19],,,rabha:9:maituri:1
rabha_rongdani,,kʰútlɑj,tongue,,kʰútlɑj,,kondakov2013rabha[p. 19],,,rabha:10:rongdani:1
rabha_maituri,,kutəlɑʲ,tongue,,kutəlɑʲ,,kondakov2013rabha[p. 19],,,rabha:10:maituri:1
rabha_rongdani,,kʰə́pək̚,chest,,kʰə́pək̚,,kondakov2013rabha[p. 19],,,rabha:11:rongdani:1
rabha_maituri,,kʰɑpɑk̚,chest,,kʰɑpɑk̚,,kondakov2013rabha[p. 19],,,rabha:11:maituri:1
rabha_rongdani,,bokdɑm,belly,,bokdɑm,,kondakov2013rabha[p. 19],,,rabha:12:rongdani:1
rabha_maituri,,buk̚dɑm,belly,,buk̚dɑm,,kondakov2013rabha[p. 19],,,rabha:12:maituri:1
rabha_rongdani,,bɑhɑ,arm,,bɑhɑ,,kondakov2013rabha[p. 19],,,rabha:13:rongdani:1
rabha_maituri,,tɑsi,arm,,tɑsi,,kondakov2013rabha[p. 19],,,rabha:13:maituri:1
rabha_rongdani,,kelakʰoŋ,elbow,,kelakʰoŋ,,kondakov2013rabha[p. 19],,,rabha:14:rongdani:1
rabha_maituri,,kelɑkʰoŋ,elbow,,kelɑkʰoŋ,,kondakov2013rabha[p. 19],,,rabha:14:maituri:1
rabha_rongdani,,tɑlɑ,palm,,tɑlɑ,,kondakov2013rabha[p. 19],,,rabha:15:rongdani:1
rabha_maituri,,tɑsi tɑlɑ,palm,,tɑsi tɑlɑ,,kondakov2013rabha[p. 19],,,rabha:15:maituri:1
rabha_rongdani,,tʃɑ̑skɑm,finger,,tʃɑ̑skɑm,,kondakov2013rabha[p. 19],,,rabha:16:rongdani:1
rabha_rongdani,,tɑ́sikʰu,finger,,tɑ́sikʰu,,kondakov2013rabha[p. 19],,,rabha:16:rongdani:2
rabha_maituri,,tɑsi ɑŋol,finger,,tɑsi ɑŋol,,kondakov2013rabha[p. 19],,,rabha:16:maituri:1
rabha_rongdani,,tʃɑ̑skoɾ,fingernail,,tʃɑ̑skoɾ,,kondakov2013rabha[p. 19],,,rabha:17:rongdani:1
rabha_maituri,,tɑsi koɾ,fingernail,,tɑsi koɾ,,kondakov2013rabha[p. 19],,,rabha:17:maituri:1
rabha_rongdani,,tɑ́tʰeŋ,leg,,tɑ́tʰeŋ,,kondakov2013rabha[p. 19],,,rabha:18:rongdani:1
rabha_maituri,,tɑtʰeŋ,leg,,tɑtʰeŋ,,kondakov2013rabha[p. 19],,,rabha:18:maituri:1
rabha_rongdani,,kʰoɾtʰop,skin,,kʰoɾtʰop,,kondakov2013rabha[p. 19],,,rabha:19:rongdani:1
rabha_maituri,,kʰoɾtop̚,skin,,kʰoɾtop̚,,kondakov2013rabha[p. 19],,,rabha:19:maituri:1
rabha_rongdani,,kiŋd͡ʒuŋ,bone,,kiŋd͡ʒuŋ,,kondakov2013rabha[p. 19],,,rabha:20:rongdani:1
rabha_maituri,,keŋd͡ʒu,bone,,keŋd͡ʒu,,kondakov2013rabha[p. 19],,,rabha:20:maituri:1
rabha_rongdani,,kulid͡ʒə,heart,,kulid͡ʒə,,kondakov2013rabha[p. 19],,,rabha:21:rongdani:1
rabha_maituri,,pemuŋni kʰɑpɑk̚,heart,,pemuŋni kʰɑpɑk̚,,kondakov2013rabha[p. 19],,,rabha:21:maituri:1
rabha_rongdani,,sí,blood,,sí,,kondakov2013rabha[p. 19],,,rabha:22:rongdani:1
rabha_maituri,,si,blood,,si,,kondakov2013rabha[p. 19],,,rabha:22:maituri:1
rabha_rongdani,,soŋ,village,,soŋ,,kondakov2013rabha[p. 20],,,rabha:23:rongdani:1
rabha_maituri,,pɑhɑm,village,,pɑhɑm,,kondakov2013rabha[p. 20],,,rabha:23:maituri:1
rabha_rongdani,,nok̚,house,,nok̚,,kondakov2013rabha[p. 20],,,rabha:24:rongdani:1
rabha_maituri,,nok,house,,nok,,kondakov2013rabha[p. 20],,,rabha:24:maituri:1
rabha_rongdani,,nokʰɾɑn,roof,,nokʰɾɑn,,kondakov2013rabha[p. 20],,,rabha:25:rongdani:1
rabha_maituri,,nok̚tʃ̑ɑl,roof,,nok̚tʃ̑ɑl,,kondakov2013rabha[p. 20],,,rabha:25:maituri:1
rabha_rongdani,,nook,door,,nook,,kondakov2013rabha[p. 20],,,rabha:26:rongdani:1
rabha_maituri,,nokoʔ,door,,nokoʔ,,kondakov2013rabha[p. 20],,,rabha:26:maituri:1
rabha_rongdani,,bɑ́kʰɑn,firewood,,bɑ́kʰɑn,,kondakov2013rabha[p. 20],,,rabha:27:rongdani:1
rabha_maituri,,pʰɑn,firewood,,pʰɑn,,kondakov2013rabha[p. 20],,,rabha:27:maituri:1
rabha_rongdani,,nobek̚,broom,,nobek̚,,kondakov2013rabha[p. 20],,,rabha:28:rongdani:1
rabha_maituri,,noʋek̚,broom,,noʋek̚,,kondakov2013rabha[p. 20],,,rabha:28:maituri:1
rabha_rongdani,,sʰɑ́m,mortar,,sʰɑ́m,,kondakov2013rabha[p. 20],,,rabha:29:rongdani:1
rabha_maituri,,sʰɑm,mortar,,sʰɑm,,kondakov2013rabha[p. 20],,,rabha:29:maituri:1
rabha_rongdani,,gɑjnɑŋ,pestle,,gɑjnɑŋ,,kondakov2013rabha[p. 20],,,rabha:30:rongdani:1
rabha_maituri,,ɡɑʲnɨŋ,pestle,,ɡɑʲnɨŋ,,kondakov2013rabha[p. 20],,,rabha:30:maituri:1
rabha_rongdani,,hətuɾə,hammer,,hətuɾə,,kondakov2013rabha[p. 20],,,rabha:31:rongdani:1
rabha_maituri,,hətuɾə,hammer,,hətuɾə,,kondakov2013rabha[p. 20],,,rabha:31:maituri:1
rabha_rongdani,,kɑŋkə,knife (small),,kɑŋkə,,kondakov2013rabha[p. 20],,,rabha:32:rongdani:1
rabha_rongdani,,tʃɑ̑ku,knife (small),,tʃɑ̑ku,,kondakov2013rabha[p. 20],,,rabha:32:rongdani:2
rabha_maituri,,kɑtɾɑʲ,knife (small),,kɑtɾɑʲ,,kondakov2013rabha[p. 20],,,rabha:32:maituri:1
rabha_rongdani,,bɑ́keŋ,axe,,bɑ́keŋ,,kondakov2013rabha[p. 20],,,rabha:33:rongdani:1
rabha_maituri,,bɑkeŋ,axe,,bɑkeŋ,,kondakov2013rabha[p. 20],,,rabha:33:maituri:1
rabha_rongdani,,pɑɡɑ,rope,,pɑɡɑ,,kondakov2013rabha[p. 20],,,rabha:34:rongdani:1
rabha_maituri,,duɾi,rope,,duɾi,,kondakov2013rabha[p. 20],,,rabha:34:maituri:1
rabha_rongdani,,liŋtɑŋ,thread,,liŋtɑŋ,,kondakov2013rabha[p. 20],,,rabha:35:rongdani:1
rabha_maituri,,nentɑŋ,thread,,nentɑŋ,,kondakov2013rabha[p. 20],,,rabha:35:maituri:1
rabha_rongdani,,bizi,needle,,bizi,,kondakov2013rabha[p. 20],,,rabha:36:rongdani:1
rabha_maituri,,bid͡ʒi,needle,,bid͡ʒi,,kondakov2013rabha[p. 20],,,rabha:36:maituri:1
rabha_rongdani,,nen,cloth,,nen,,kondakov2013rabha[p. 20],,,rabha:37:rongdani:1
rabha_maituri,,nen,cloth,,nen,,kondakov2013rabha[p. 20],,,rabha:37:maituri:1
rabha_rongdani,,tʃə̑tʃ̑əkɑm,ring,,tʃə̑tʃ̑əkɑm,,kondakov2013rabha[p. 20],,,rabha:38:rongdani:1
rabha_maituri,,tɑsikɑm,ring,,tɑsikɑm,,kondakov2013rabha[p. 20],,,rabha:38:maituri:1
rabha_rongdani,,ɾɑŋsɑŋ,sun,,ɾɑŋsɑŋ,,kondakov2013rabha[p. 21],,,rabha:39:rongdani:1
rabha_maituri,,ɾɑŋsɑŋ,sun,,ɾɑŋsɑŋ,,kondakov2013rabha[p. 21],,,rabha:39:maituri:1
rabha_rongdani,,lɑŋgɾe,moon,,lɑŋgɾe,,kondakov2013rabha[p. 21],,,rabha:40:rongdani:1
rabha_maituri,,ɾɑŋɾi,moon,,ɾɑŋɾi,,kondakov2013rabha[p. 21],,,rabha:40:maituri:1
rabha_rongdani,,ɾɑŋkʰop,sky,,ɾɑŋkʰop,,kondakov2013rabha[p. 21],,,rabha:41:rongdani:1
rabha_maituri,,ɾɑŋkʰop̚,sky,,ɾɑŋkʰop̚,,kondakov2013rabha[p. 21],,,rabha:41:maituri:1
rabha_rongdani,,ɑpʰe,star,,ɑpʰe,,kondakov2013rabha[p. 21],,,rabha:42:rongdani:1
rabha_maituri,,ɑpʰe,star,,ɑpʰe,,kondakov2013rabha[p. 21],,,rabha:42:maituri:1
rabha_rongdani,,ɾɑŋ,rain,,ɾɑŋ,,kondakov2013rabha[p. 21],,,rabha:43:rongdani:1
rabha_maituri,,ɾɑŋ,rain,,ɾɑŋ,,kondakov2013rabha[p. 21],,,rabha:43:maituri:1
rabha_rongdani,,tʃɪ̑ ̆kɑ,water,,tʃɪ̑ ̆kɑ,,kondakov2013rabha[p. 21],,,rabha:44:rongdani:1
rabha_maituri,,tʃk̑ɑ,water,,tʃk̑ɑ,,kondakov2013rabha[p. 21],,,rabha:44:maituri:1
rabha_rongdani,,tɑmbɾoŋ,river,,tɑmbɾoŋ,,kondakov2013rabha[p. 21],,,rabha:45:rongdani:1
rabha_maituri,,tʃk̑ɑ d͡ʒoɾɑ,river,,tʃk̑ɑ d͡ʒoɾɑ,,kondakov2013rabha[p. 21],,,rabha:45:maituri:1
rabha_rongdani,,ɾɑŋkʰop,cloud,,ɾɑŋkʰop,,kondakov2013rabha[p. 21],,,rabha:46:rongdani:1
rabha_maituri,,ɾɑŋkʰop̚,cloud,,ɾɑŋkʰop̚,,kondakov2013rabha[p. 21],,,rabha:46:maituri:1
rabha_rongdani,,ɾɑŋteɾkɑj,lightning,,ɾɑŋteɾkɑj,,kondakov2013rabha[p. 21],,,rabha:47:rongdani:1
rabha_maituri,,ɾɑŋbimbɾɑkɑʲ,lightning,,ɾɑŋbimbɾɑkɑʲ,,kondakov2013rabha[p. 21],,,rabha:47:maituri:1
rabha_rongdani,,bɑjsənkʰi,rainbow,,bɑjsənkʰi,,kondakov2013rabha[p. 21],,,rabha:48:rongdani:1
rabha_rongdani,,ɾɑmdʰonuʃ,rainbow,,ɾɑmdʰonuʃ,,kondakov2013rabha[p. 21],,,rabha:48:rongdani:2
rabha_maituri,,bɑʲtʃ̑oɾoŋ,rainbow,,bɑʲtʃ̑oɾoŋ,,kondakov2013rabha[p. 21],,,rabha:48:maituri:1
rabha_rongdani,,ɾɑmpɑɾ,wind [noun],,ɾɑmpɑɾ,,kondakov2013rabha[p. 21],,,rabha:49:rongdani:1
rabha_maituri,,ɾɑmpɑɾ,wind [noun],,ɾɑmpɑɾ,,kondakov2013rabha[p. 21],,,rabha:49:maituri:1
rabha_rongdani,,ɾóŋkɑ,stone,,ɾóŋkɑ,,kondakov2013rabha[p. 21],,,rabha:50:rongdani:1
rabha_maituri,,ɾoŋkʰo,stone,,ɾoŋkʰo,,kondakov2013rabha[p. 21],,,rabha:50:maituri:1
rabha_rongdani,,ɾɑm,path,,ɾɑm,,kondakov2013rabha[p. 21],,,rabha:51:rongdani:1
rabha_maituri,,ɾɑm,path,,ɾɑm,,kondakov2013rabha[p. 21],,,rabha:51:maituri:1
rabha_rongdani,,hɑ́ŋtʃȇŋ,sand,,hɑ́ŋtʃȇŋ,,kondakov2013rabha[p. 21],,,rabha:52:rongdani:1
rabha_maituri,,hɑntʃ̑eŋ,sand,,hɑntʃ̑eŋ,,kondakov2013rabha[p. 21],,,rabha:52:maituri:1
rabha_rongdani,,bɑɾ,fire,,bɑɾ,,kondakov2013rabha[p. 21],,,rabha:53:rongdani:1
rabha_maituri,,bɑɾ,fire,,bɑɾ,,kondakov2013rabha[p. 21],,,rabha:53:maituri:1
rabha_rongdani,,dʰumɑ,smoke,,dʰumɑ,,kondakov2013rabha[p. 21],,,rabha:54:rongdani:1
rabha_maituri,,bɑɾkʰu,smoke,,bɑɾkʰu,,kondakov2013rabha[p. 21],,,rabha:54:maituri:1
rabha_rongdani,,pʰúŋd͡ʒi,ash,,pʰúŋd͡ʒi,,kondakov2013rabha[p. 22],,,rabha:55:rongdani:1
rabha_maituri,,pʰuŋd͡ʒi,ash,,pʰuŋd͡ʒi,,kondakov2013rabha[p. 22],,,rabha:55:maituri:1
rabha_rongdani,,həptʃ̑i,mud,,həptʃ̑i,,kondakov2013rabha[p. 22],,,rabha:56:rongdani:1
rabha_maituri,,ketʃ̑ɾɑ,mud,,ketʃ̑ɾɑ,,kondakov2013rabha[p. 22],,,rabha:56:maituri:1
rabha_rongdani,,hɑdəbuɾ,dust,,hɑdəbuɾ,,kondakov2013rabha[p. 22],,,rabha:57:rongdani:1
rabha_maituri,,hɑdɑbuɾ,dust,,hɑdɑbuɾ,,kondakov2013rabha[p. 22],,,rabha:57:maituri:1
rabha_rongdani,,sonə,gold,,sonə,,kondakov2013rabha[p. 22],,,rabha:58:rongdani:1
rabha_maituri,,sonɑ,gold,,sonɑ,,kondakov2013rabha[p. 22],,,rabha:58:maituri:1
rabha_rongdani,,pɑn,tree,,pɑn,,kondakov2013rabha[p. 22],,,rabha:59:rongdani:1
rabha_maituri,,pʰɑŋ,tree,,pʰɑŋ,,kondakov2013rabha[p. 22],,,rabha:59:maituri:1
rabha_rongdani,,tʃɑ̑k̚,leaf,,tʃɑ̑k̚,,kondakov2013rabha[p. 22],,,rabha:60:rongdani:1
rabha_maituri,,tʃɑ̑k̚,leaf,,tʃɑ̑k̚,,kondakov2013rabha[p. 22],,,rabha:60:maituri:1
rabha_rongdani,,tʃit̑ɾɑŋ,root,,tʃit̑ɾɑŋ,,kondakov2013rabha[p. 22],,,rabha:61:rongdani:1
rabha_maituri,,tʃȇɪtɑŋ,root,,tʃȇɪtɑŋ,,kondakov2013rabha[p. 22],,,rabha:61:maituri:1
rabha_rongdani,,kɑntɑ,thorn,,kɑntɑ,,kondakov2013rabha[p. 22],,,rabha:62:rongdani:1
rabha_maituri,,kɑntɑ,thorn,,kɑntɑ,,kondakov2013rabha[p. 22],,,rabha:62:maituri:1
rabha_rongdani,,pɑɾ,flower,,pɑɾ,,kondakov2013rabha[p. 22],,,rabha:63:rongdani:1
rabha_maituri,,pɑɾ,flower,,pɑɾ,,kondakov2013rabha[p. 22],,,rabha:63:maituri:1
rabha_rongdani,,tʰé,fruit,,tʰé,,kondakov2013rabha[p. 22],,,rabha:64:rongdani:1
rabha_maituri,,tʰeʔ,fruit,,tʰeʔ,,kondakov2013rabha[p. 22],,,rabha:64:maituri:1
rabha_rongdani,,potʃ̑ó,mango,,potʃ̑ó,,kondakov2013rabha[p. 22],,,rabha:65:rongdani:1
rabha_maituri,,potʃ̑oʔ,mango,,potʃ̑oʔ,,kondakov2013rabha[p. 22],,,rabha:65:maituri:1
rabha_rongdani,,ɾétʰe,banana,,ɾétʰe,,kondakov2013rabha[p. 22],,,rabha:66:rongdani:1
rabha_maituri,,ɾetʰe,banana,,ɾetʰe,,kondakov2013rabha[p. 22],,,rabha:66:maituri:1
rabha_rongdani,,ɡom,wheat,,ɡom,,kondakov2013rabha[p. 22],,,rabha:67:rongdani:1
rabha_maituri,,ɡom,wheat,,ɡom,,kondakov2013rabha[p. 22],,,rabha:67:maituri:1
rabha_rongdani,,mɑjɾuŋ,rice (uncooked),,mɑjɾuŋ,,kondakov2013rabha[p. 22],,,rabha:68:rongdani:1
rabha_maituri,,mɑʲɾun,rice (uncooked),,mɑʲɾun,,kondakov2013rabha[p. 22],,,rabha:68:maituri:1
rabha_rongdani,,kʰɑntʰé,potato,,kʰɑntʰé,,kondakov2013rabha[p. 22],,,rabha:69:rongdani:1
rabha_maituri,,kʰɑnbelɑti,potato,,kʰɑnbelɑti,,kondakov2013rabha[p. 22],,,rabha:69:maituri:1
rabha_rongdani,,bɑntʰópɑn,eggplant,,bɑntʰópɑn,,kondakov2013rabha[p. 22],,,rabha:70:rongdani:1
rabha_maituri,,bɑʲɡon,eggplant,,bɑʲɡon,,kondakov2013rabha[p. 22],,,rabha:70:maituri:1
rabha_rongdani,,bɑdɑm,groundnut,,bɑdɑm,,kondakov2013rabha[p. 23],,,rabha:71:rongdani:1
rabha_maituri,,bɑdɑm,groundnut,,bɑdɑm,,kondakov2013rabha[p. 23],,,rabha:71:maituri:1
rabha_rongdani,,d͡ʒəluk,chili,,d͡ʒəluk,,kondakov2013rabha[p. 23],,,rabha:72:rongdani:1
rabha_maituri,,d͡ʒɑluk̚,chili,,d͡ʒɑluk̚,,kondakov2013rabha[p. 23],,,rabha:72:maituri:1
rabha_rongdani,,huldijɑ,turmeric,,huldijɑ,,kondakov2013rabha[p. 23],,,rabha:73:rongdani:1
rabha_maituri,,holdi,turmeric,,holdi,,kondakov2013rabha[p. 23],,,rabha:73:maituri:1
rabha_rongdani,,ɾɑjsun buqɑj,garlic,,ɾɑjsun buqɑj,,kondakov2013rabha[p. 23],,,rabha:74:rongdani:1
rabha_maituri,,ɾosun,garlic,,ɾosun,,kondakov2013rabha[p. 23],,,rabha:74:maituri:1
rabha_rongdani,,ɾɑjsun sɑqːɑj,onion,,ɾɑjsun sɑqːɑj,,kondakov2013rabha[p. 23],,,rabha:75:rongdani:1
rabha_maituri,,pjɑs,onion,,pjɑs,,kondakov2013rabha[p. 23],,,rabha:75:maituri:1
rabha_rongdani,,pʰul ɡobʰi,cauliflower,,pʰul ɡobʰi,,kondakov2013rabha[p. 23],,,rabha:76:rongdani:1
rabha_maituri,,pʰul ɡobi,cauliflower,,pʰul ɡobi,,kondakov2013rabha[p. 23],,,rabha:76:maituri:1
rabha_rongdani,,bɑnd ɡobʰi,cabbage,,bɑnd ɡobʰi,,kondakov2013rabha[p. 23],,,rabha:77:rongdani:1
rabha_maituri,,bənd ɡobi,cabbage,,bənd ɡobi,,kondakov2013rabha[p. 23],,,rabha:77:maituri:1
rabha_rongdani,,belti bɑntʰok̚,tomato,,belti bɑntʰok̚,,kondakov2013rabha[p. 23],,,rabha:78:rongdani:1
rabha_maituri,,teŋɑ bɑjɡun,tomato,,teŋɑ bɑjɡun,,kondakov2013rabha[p. 23],,,rabha:78:maituri:1
rabha_rongdani,,tʰutʃ̑i,oil,,tʰutʃ̑i,,kondakov2013rabha[p. 23],,,rabha:79:rongdani:1
rabha_maituri,,tʰotʃ̑i,oil,,tʰotʃ̑i,,kondakov2013rabha[p. 23],,,rabha:79:maituri:1
rabha_rongdani,,kʰɑɾi,salt,,kʰɑɾi,,kondakov2013rabha[p. 23],,,rabha:80:rongdani:1
rabha_maituri,,sum,salt,,sum,,kondakov2013rabha[p. 23],,,rabha:80:maituri:1
rabha_rongdani,,qɑqɑ,meat,,qɑqɑ,,kondakov2013rabha[p. 23],,,rabha:81:rongdani:1
rabha_rongdani,,mɑqɑn,meat,,mɑqɑn,,kondakov2013rabha[p. 23],,,rabha:81:rongdani:2
rabha_maituri,,mɑqɑn,meat,,mɑqɑn,,kondakov2013rabha[p. 23],,,rabha:81:maituri:1
rabha_rongdani,,pɨtɑm,fat,,pɨtɑm,,kondakov2013rabha[p. 23],,,rabha:82:rongdani:1
rabha_maituri,,tʰotʃ̑i,fat,,tʰotʃ̑i,,kondakov2013rabha[p. 23],,,rabha:82:maituri:1
rabha_rongdani,,nɑ́,fish,,nɑ́,,kondakov2013rabha[p. 23],,,rabha:83:rongdani:1
rabha_maituri,,nɑʔ,fish,,nɑʔ,,kondakov2013rabha[p. 23],,,rabha:83:maituri:1
rabha_rongdani,,tó,chicken,,tó,,kondakov2013rabha[p. 23],,,rabha:84:rongdani:1
rabha_maituri,,toʔ,chicken,,toʔ,,kondakov2013rabha[p. 23],,,rabha:84:maituri:1
rabha_rongdani,,pitʃ̑í,egg,,pitʃ̑í,,kondakov2013rabha[p. 23],,,rabha:85:rongdani:1
rabha_maituri,,toʔ pɪtʃ̑i,egg,,toʔ pɪtʃ̑i,,kondakov2013rabha[p. 23],,,rabha:85:maituri:1
rabha_rongdani,,mɑ́su,cow,,mɑ́su,,kondakov2013rabha[p. 23],,,rabha:86:rongdani:1
rabha_maituri,,mɑsu,cow,,mɑsu,,kondakov2013rabha[p. 23],,,rabha:86:maituri:1
rabha_rongdani,,misi,buffalo,,misi,,kondakov2013rabha[p. 24],,,rabha:87:rongdani:1
rabha_maituri,,misi,buffalo,,misi,,kondakov2013rabha[p. 24],,,rabha:87:maituri:1
rabha_rongdani,,nú,milk,,nú,,kondakov2013rabha[p. 24],,,rabha:88:rongdani:1
rabha_maituri,,dudʰ,milk,,dudʰ,,kondakov2013rabha[p. 24],,,rabha:88:maituri:1
rabha_rongdani,,kɾoŋ,horns,,kɾoŋ,,kondakov2013rabha[p. 24],,,rabha:89:rongdani:1
rabha_maituri,,kɾoŋ,horns,,kɾoŋ,,kondakov2013rabha[p. 24],,,rabha:89:maituri:1
rabha_rongdani,,d͡ʒímiŋ,tail,,d͡ʒímiŋ,,kondakov2013rabha[p. 24],,,rabha:90:rongdani:1
rabha_maituri,,d͡ʒimi,tail,,d͡ʒimi,,kondakov2013rabha[p. 24],,,rabha:90:maituri:1
rabha_rongdani,,pɾɨn,goat,,pɾɨn,,kondakov2013rabha[p. 24],,,rabha:91:rongdani:1
rabha_maituri,,pɾun,goat,,pɾun,,kondakov2013rabha[p. 24],,,rabha:91:maituri:1
rabha_rongdani,,kí,dog,,kí,,kondakov2013rabha[p. 24],,,rabha:92:rongdani:1
rabha_maituri,,kɪʔ,dog,,kɪʔ,,kondakov2013rabha[p. 24],,,rabha:92:maituri:1
rabha_rongdani,,tupú,snake,,tupú,,kondakov2013rabha[p. 24],,,rabha:93:rongdani:1
rabha_maituri,,tupu,snake,,tupu,,kondakov2013rabha[p. 24],,,rabha:93:maituri:1
rabha_rongdani,,mɑqɾɑ,monkey,,mɑqɾɑ,,kondakov2013rabha[p. 24],,,rabha:94:rongdani:1
rabha_maituri,,mɑqɾɑ,monkey,,mɑqɾɑ,,kondakov2013rabha[p. 24],,,rabha:94:maituri:1
rabha_rongdani,,só,mosquito,,só,,kondakov2013rabha[p. 24],,,rabha:95:rongdani:1
rabha_maituri,,so,mosquito,,so,,kondakov2013rabha[p. 24],,,rabha:95:maituri:1
rabha_rongdani,,soŋsoməɾɑ,ant,,soŋsoməɾɑ,,kondakov2013rabha[p. 24],,,rabha:96:rongdani:1
rabha_maituri,,tʃȏŋ sɑmɑɾɑ,ant,,tʃȏŋ sɑmɑɾɑ,,kondakov2013rabha[p. 24],,,rabha:96:maituri:1
rabha_rongdani,,bibuɾ,spider,,bibuɾ,,kondakov2013rabha[p. 24],,,rabha:97:rongdani:1
rabha_maituri,,bʰebuɾ,spider,,bʰebuɾ,,kondakov2013rabha[p. 24],,,rabha:97:maituri:1
rabha_rongdani,,muŋ,name,,muŋ,,kondakov2013rabha[p. 24],,,rabha:98:rongdani:1
rabha_maituri,,muŋ,name,,muŋ,,kondakov2013rabha[p. 24],,,rabha:98:maituri:1
rabha_rongdani,,qɑj,man,,qɑj,,kondakov2013rabha[p. 24],,,rabha:99:rongdani:1
rabha_maituri,,kɑʲ,man,,kɑʲ,,kondakov2013rabha[p. 24],,,rabha:99:maituri:1
rabha_rongdani,,métʃ̑ɑkɑj,woman,,métʃ̑ɑkɑj,,kondakov2013rabha[p. 24],,,rabha:100:rongdani:1
rabha_rongdani,,métʃ̑ɑtɑŋ,woman,,métʃ̑ɑtɑŋ,,kondakov2013rabha[p. 24],,,rabha:100:rongdani:2
rabha_maituri,,mitʃ̑itɑŋ,woman,,mitʃ̑itɑŋ,,kondakov2013rabha[p. 24],,,rabha:100:maituri:1
rabha_rongdani,,qɑj sɑ́bɾɑ,child,,qɑj sɑ́bɾɑ,,kondakov2013rabha[p. 24],,,rabha:101:rongdani:1
rabha_maituri,,kɑʲ sowɾɑ,child,,kɑʲ sowɾɑ,,kondakov2013rabha[p. 24],,,rabha:101:maituri:1
rabha_rongdani,,bɑbɑ,father,,bɑbɑ,,kondakov2013rabha[p. 25],,,rabha:102:rongdani:1
rabha_rongdani,,bɑbɾɑ,father,,bɑbɾɑ,,kondakov2013rabha[p. 25],,,rabha:102:rongdani:2
rabha_maituri,,bɑwɾɑ,father,,bɑwɾɑ,,kondakov2013rabha[p. 25],,,rabha:102:maituri:1
rabha_rongdani,,ɑjɑ,mother,,ɑjɑ,,kondakov2013rabha[p. 25],,,rabha:103:rongdani:1
rabha_maituri,,d͡ʒibɾɑ,mother,,d͡ʒibɾɑ,,kondakov2013rabha[p. 25],,,rabha:103:maituri:1
rabha_rongdani,,dɑdɑ,older brother,,dɑdɑ,,kondakov2013rabha[p. 25],,,rabha:104:rongdani:1
rabha_maituri,,dɑdɑ,older brother,,dɑdɑ,,kondakov2013rabha[p. 25],,,rabha:104:maituri:1
rabha_rongdani,,pʰod͡ʒoŋ brɑ,younger brother,,pʰod͡ʒoŋ brɑ,,kondakov2013rabha[p. 25],,,rabha:105:rongdani:1
rabha_maituri,,pʰod͡ʒoŋ bɾɑ,younger brother,,pʰod͡ʒoŋ bɾɑ,,kondakov2013rabha[p. 25],,,rabha:105:maituri:1
rabha_rongdani,,bibi,older sister,,bibi,,kondakov2013rabha[p. 25],,,rabha:106:rongdani:1
rabha_maituri,,bibi,older sister,,bibi,,kondakov2013rabha[p. 25],,,rabha:106:maituri:1
rabha_rongdani,,nɑni,younger sister,,nɑni,,kondakov2013rabha[p. 25],,,rabha:107:rongdani:1
rabha_maituri,,d͡ʒɑnɑbɾɑ,younger sister,,d͡ʒɑnɑbɾɑ,,kondakov2013rabha[p. 25],,,rabha:107:maituri:1
rabha_rongdani,,musɑ sɑbɾɑ,son,,musɑ sɑbɾɑ,,kondakov2013rabha[p. 25],,,rabha:108:rongdani:1
rabha_maituri,,sɑwɾɑ,son,,sɑwɾɑ,,kondakov2013rabha[p. 25],,,rabha:108:maituri:1
rabha_rongdani,,métʃ̑ɑ sɑbɾɑ,daughter,,métʃ̑ɑ sɑbɾɑ,,kondakov2013rabha[p. 25],,,rabha:109:rongdani:1
rabha_maituri,,mitʃ̑ɑ sowɾɑ,daughter,,mitʃ̑ɑ sowɾɑ,,kondakov2013rabha[p. 25],,,rabha:109:maituri:1
rabha_rongdani,,umbɑ bəɾɑ,husband,,umbɑ bəɾɑ,,kondakov2013rabha[p. 25],,,rabha:110:rongdani:1
rabha_maituri,,mibɑbɾɑ,husband,,mibɑbɾɑ,,kondakov2013rabha[p. 25],,,rabha:110:maituri:1
rabha_rongdani,,mítʃ̑ik bəɾɑ,wife,,mítʃ̑ik bəɾɑ,,kondakov2013rabha[p. 25],,,rabha:111:rongdani:1
rabha_maituri,,mitʃ̑ikbɾɑ,wife,,mitʃ̑ikbɾɑ,,kondakov2013rabha[p. 25],,,rabha:111:maituri:1
rabha_rongdani,,mústɑŋ sɑbɾɑ,boy,,mústɑŋ sɑbɾɑ,,kondakov2013rabha[p. 25],,,rabha:112:rongdani:1
rabha_maituri,,kɑʲ sowɾɑ,boy,,kɑʲ sowɾɑ,,kondakov2013rabha[p. 25],,,rabha:112:maituri:1
rabha_rongdani,,métʃ̑ɑtɑŋ sɑbɾɑ,girl,,métʃ̑ɑtɑŋ sɑbɾɑ,,kondakov2013rabha[p. 25],,,rabha:113:rongdani:1
rabha_maituri,,mitʃ̑itɑŋ,girl,,mitʃ̑itɑŋ,,kondakov2013rabha[p. 25],,,rabha:113:maituri:1
rabha_rongdani,,sʰɑn,day,,sʰɑn,,kondakov2013rabha[p. 25],,,rabha:114:rongdani:1
rabha_rongdani,,din,day,,din,,kondakov2013rabha[p. 25],,,rabha:114:rongdani:2
rabha_maituri,,sʰɑni,day,,sʰɑni,,kondakov2013rabha[p. 25],,,rabha:114:maituri:1
rabha_rongdani,,pʰɑɾ,night,,pʰɑɾ,,kondakov2013rabha[p. 25],,,rabha:115:rongdani:1
rabha_maituri,,pʰɑɾi,night,,pʰɑɾi,,kondakov2013rabha[p. 25],,,rabha:115:maituri:1
rabha_rongdani,,pʰuŋ,morning,,pʰuŋ,,kondakov2013rabha[p. 25],,,rabha:116:rongdani:1
rabha_maituri,,pʰuŋi,morning,,pʰuŋi,,kondakov2013rabha[p. 25],,,rabha:116:maituri:1
rabha_rongdani,,dipoɾ,noon,,dipoɾ,,kondakov2013rabha[p. 25],,,rabha:117:rongdani:1
rabha_maituri,,ɾɑŋsɑŋ dupoɾ,noon,,ɾɑŋsɑŋ dupoɾ,,kondakov2013rabha[p. 25],,,rabha:117:maituri:1
rabha_rongdani,,ɾɑŋsəɾi,evening,,ɾɑŋsəɾi,,kondakov2013rabha[p. 26],,,rabha:118:rongdani:1
rabha_maituri,,lɑŋsɾi,evening,,lɑŋsɾi,,kondakov2013rabha[p. 26],,,rabha:118:maituri:1
rabha_rongdani,,mijɑ,yesterday,,mijɑ,,kondakov2013rabha[p. 26],,,rabha:119:rongdani:1
rabha_maituri,,ɾeŋkɑʲ sʰɑni,yesterday,,ɾeŋkɑʲ sʰɑni,,kondakov2013rabha[p. 26],,,rabha:119:maituri:1
rabha_rongdani,,té,today,,té,,kondakov2013rabha[p. 26],,,rabha:120:rongdani:1
rabha_maituri,,teʔ,today,,teʔ,,kondakov2013rabha[p. 26],,,rabha:120:maituri:1
rabha_rongdani,,ɡɑpʰuŋ,tomorrow,,ɡɑpʰuŋ,,kondakov2013rabha[p. 26],,,rabha:121:rongdani:1
rabha_maituri,,ɾebɑkɑʲ sʰɑni,tomorrow,,ɾebɑkɑʲ sʰɑni,,kondakov2013rabha[p. 26],,,rabha:121:maituri:1
rabha_rongdani,,hɑt̚pəksɑ,week,,hɑt̚pəksɑ,,kondakov2013rabha[p. 26],,,rabha:122:rongdani:1
rabha_maituri,,soptɑ,week,,soptɑ,,kondakov2013rabha[p. 26],,,rabha:122:maituri:1
rabha_rongdani,,mɑs,month,,mɑs,,kondakov2013rabha[p. 26],,,rabha:123:rongdani:1
rabha_maituri,,mɑs,month,,mɑs,,kondakov2013rabha[p. 26],,,rabha:123:maituri:1
rabha_rongdani,,bosoɾ sɑ,year,,bosoɾ sɑ,,kondakov2013rabha[p. 26],,,rabha:124:rongdani:1
rabha_maituri,,bosoɾ,year,,bosoɾ,,kondakov2013rabha[p. 26],,,rabha:124:maituri:1
rabha_rongdani,,mɑjtʃ̑ɑm,old (things),,mɑjtʃ̑ɑm,,kondakov2013rabha[p. 26],,,rabha:125:rongdani:1
rabha_maituri,,mɑʲtʃ̑ɑm,old (things),,mɑʲtʃ̑ɑm,,kondakov2013rabha[p. 26],,,rabha:125:maituri:1
rabha_rongdani,,pidam,new,,pidam,,kondakov2013rabha[p. 26],,,rabha:126:rongdani:1
rabha_maituri,,pidɑm,new,,pidɑm,,kondakov2013rabha[p. 26],,,rabha:126:maituri:1
rabha_rongdani,,nemɑ,good,,nemɑ,,kondakov2013rabha[p. 26],,,rabha:127:rongdani:1
rabha_maituri,,nemkʰɑʲ,good,,nemkʰɑʲ,,kondakov2013rabha[p. 26],,,rabha:127:maituri:1
rabha_rongdani,,nemtʃ̑ɑ,bad,,nemtʃ̑ɑ,,kondakov2013rabha[p. 26],,,rabha:128:rongdani:1
rabha_maituri,,nemtʃ̑ɑkɑʲ,bad,,nemtʃ̑ɑkɑʲ,,kondakov2013rabha[p. 26],,,rabha:128:maituri:1
rabha_rongdani,,sumkɑj,wet,,sumkɑj,,kondakov2013rabha[p. 26],,,rabha:129:rongdani:1
rabha_maituri,,sukɑʲ,wet,,sukɑʲ,,kondakov2013rabha[p. 26],,,rabha:129:maituri:1
rabha_rongdani,,ɾɑ́nkɑj,dry,,ɾɑ́nkɑj,,kondakov2013rabha[p. 26],,,rabha:130:rongdani:1
rabha_maituri,,ɾɑnkɑʲ,dry,,ɾɑnkɑʲ,,kondakov2013rabha[p. 26],,,rabha:130:maituri:1
rabha_rongdani,,ɾóqɑj,long,,ɾóqɑj,,kondakov2013rabha[p. 26],,,rabha:131:rongdani:1
rabha_maituri,,ɾokɑʲ,long,,ɾokɑʲ,,kondakov2013rabha[p. 26],,,rabha:131:maituri:1
rabha_rongdani,,soŋqɑj,short,,soŋqɑj,,kondakov2013rabha[p. 26],,,rabha:132:rongdani:1
rabha_maituri,,soŋkɑʲ,short,,soŋkɑʲ,,kondakov2013rabha[p. 26],,,rabha:132:maituri:1
rabha_rongdani,,túŋqɑj,hot,,túŋqɑj,,kondakov2013rabha[p. 26],,,rabha:133:rongdani:1
rabha_maituri,,tuŋkɑʲ,hot,,tuŋkɑʲ,,kondakov2013rabha[p. 26],,,rabha:133:maituri:1
rabha_rongdani,,tʃik̑ɑj,cold,,tʃik̑ɑj,,kondakov2013rabha[p. 27],,,rabha:134:rongdani:1
rabha_maituri,,sikʰɑmkɑʲ,cold,,sikʰɑmkɑʲ,,kondakov2013rabha[p. 27],,,rabha:134:maituri:1
rabha_rongdani,,mɑj sɑ́lɑŋ,right,,mɑj sɑ́lɑŋ,,kondakov2013rabha[p. 27],,,rabha:135:rongdani:1
rabha_maituri,,mɑʲ sɑlɑŋ,right,,mɑʲ sɑlɑŋ,,kondakov2013rabha[p. 27],,,rabha:135:maituri:1
rabha_rongdani,,lebɾɑ tɑŋ,left,,lebɾɑ tɑŋ,,kondakov2013rabha[p. 27],,,rabha:136:rongdani:1
rabha_maituri,,tʃɑ̑bɾɑ bɑtɑm,left,,tʃɑ̑bɾɑ bɑtɑm,,kondakov2013rabha[p. 27],,,rabha:136:maituri:1
rabha_rongdani,,qɑpʰɑj,near,,qɑpʰɑj,,kondakov2013rabha[p. 27],,,rabha:137:rongdani:1
rabha_maituri,,mukuŋɡi,near,,mukuŋɡi,,kondakov2013rabha[p. 27],,,rabha:137:maituri:1
rabha_maituri,,mukʰɑm,near,,mukʰɑm,,kondakov2013rabha[p. 27],,,rabha:137:maituri:2
rabha_rongdani,,d͡ʒɑ́nbɑj,far,,d͡ʒɑ́nbɑj,,kondakov2013rabha[p. 27],,,rabha:138:rongdani:1
rabha_maituri,,d͡ʒɑnːɑ,far,,d͡ʒɑnːɑ,,kondakov2013rabha[p. 27],,,rabha:138:maituri:1
rabha_rongdani,,tʃȗŋɑ,big,,tʃȗŋɑ,,kondakov2013rabha[p. 27],,,rabha:139:rongdani:1
rabha_maituri,,tʃeȗŋɑ,big,,tʃeȗŋɑ,,kondakov2013rabha[p. 27],,,rabha:139:maituri:1
rabha_rongdani,,mɨlːɑ,small,,mɨlːɑ,,kondakov2013rabha[p. 27],,,rabha:140:rongdani:1
rabha_maituri,,mɨlɑŋɑ,small,,mɨlɑŋɑ,,kondakov2013rabha[p. 27],,,rabha:140:maituri:1
rabha_rongdani,,ɾíjɑ,heavy,,ɾíjɑ,,kondakov2013rabha[p. 27],,,rabha:141:rongdani:1
rabha_maituri,,ɾɨjɑ,heavy,,ɾɨjɑ,,kondakov2013rabha[p. 27],,,rabha:141:maituri:1
rabha_rongdani,,tʃéŋ̑ɑ,light,,tʃéŋ̑ɑ,,kondakov2013rabha[p. 27],,,rabha:142:rongdani:1
rabha_maituri,,tʃȇŋɑ,light,,tʃȇŋɑ,,kondakov2013rabha[p. 27],,,rabha:142:maituri:1
rabha_rongdani,,qɑ́ɾɑ,above,,qɑ́ɾɑ,,kondakov2013rabha[p. 27],,,rabha:143:rongdani:1
rabha_maituri,,kɑɾɑʲ,above,,kɑɾɑʲ,,kondakov2013rabha[p. 27],,,rabha:143:maituri:1
rabha_rongdani,,kɑ́mɑ,below,,kɑ́mɑ,,kondakov2013rabha[p. 27],,,rabha:144:rongdani:1
rabha_maituri,,kɑmɑʲ,below,,kɑmɑʲ,,kondakov2013rabha[p. 27],,,rabha:144:maituri:1
rabha_rongdani,,boqːɑ,white,,boqːɑ,,kondakov2013rabha[p. 27],,,rabha:145:rongdani:1
rabha_maituri,,bokɑʲ,white,,bokɑʲ,,kondakov2013rabha[p. 27],,,rabha:145:maituri:1
rabha_rongdani,,ɑqːɑ,black,,ɑqːɑ,,kondakov2013rabha[p. 27],,,rabha:146:rongdani:1
rabha_maituri,,ɑkːɑʲ,black,,ɑkːɑʲ,,kondakov2013rabha[p. 27],,,rabha:146:maituri:1
rabha_rongdani,,sɑqːɑ,red,,sɑqːɑ,,kondakov2013rabha[p. 27],,,rabha:147:rongdani:1
rabha_maituri,,sɑqːɑʲ,red,,sɑqːɑʲ,,kondakov2013rabha[p. 27],,,rabha:147:maituri:1
rabha_rongdani,,ɡosɑ,one,,ɡosɑ,,kondakov2013rabha[p. 27],,,rabha:148:rongdani:1
rabha_maituri,,no data,one,,no data,,kondakov2013rabha[p. 27],,,rabha:148:maituri:1
rabha_rongdani,,tʃɑ̑ŋ,who?,,tʃɑ̑ŋ,,kondakov2013rabha[p. 27],,,rabha:149:rongdani:1
rabha_maituri,,tʃɑ̑ŋ,who?,,tʃɑ̑ŋ,,kondakov2013rabha[p. 27],,,rabha:149:maituri:1
rabha_rongdani,,ɑto,what?,,ɑto,,kondakov2013rabha[p. 28],,,rabha:150:rongdani:1
rabha_maituri,,ɑto,what?,,ɑto,,kondakov2013rabha[p. 28],,,rabha:150:maituri:1
rabha_rongdani,,bisi,where?,,bisi,,kondakov2013rabha[p. 28],,,rabha:151:rongdani:1
rabha_maituri,,bisi,where?,,bisi,,kondakov2013rabha[p. 28],,,rabha:151:maituri:1
rabha_rongdani,,bedo,when?,,bedo,,kondakov2013rabha[p. 28],,,rabha:152:rongdani:1
rabha_maituri,,bedo,when?,,bedo,,kondakov2013rabha[p. 28],,,rabha:152:maituri:1
rabha_rongdani,,bentʃ̑ek̚,how many?,,bentʃ̑ek̚,,kondakov2013rabha[p. 28],,,rabha:153:rongdani:1
rabha_maituri,,bentʃ̑ok̚,how many?,,bentʃ̑ok̚,,kondakov2013rabha[p. 28],,,rabha:153:maituri:1
rabha_rongdani,,bekʰɾe,what kind?,,bekʰɾe,,kondakov2013rabha[p. 28],,,rabha:154:rongdani:1
rabha_maituri,,betʰeŋe,what kind?,,betʰeŋe,,kondakov2013rabha[p. 28],,,rabha:154:maituri:1
rabha_rongdani,,ikɑj,this,,ikɑj,,kondakov2013rabha[p. 28],,,rabha:155:rongdani:1
rabha_maituri,,ikɑʲ,this,,ikɑʲ,,kondakov2013rabha[p. 28],,,rabha:155:maituri:1
rabha_rongdani,,uqɑj,that,,uqɑj,,kondakov2013rabha[p. 28],,,rabha:156:rongdani:1
rabha_maituri,,howɡo,that,,howɡo,,kondakov2013rabha[p. 28],,,rabha:156:maituri:1
rabha_rongdani,,ibid͡ʒəm,these,,ibid͡ʒəm,,kondakov2013rabha[p. 28],,,rabha:157:rongdani:1
rabha_maituri,,ikɑʲ,these,,ikɑʲ,,kondakov2013rabha[p. 28],,,rabha:157:maituri:1
rabha_rongdani,,ubid͡ʒəm,those,,ubid͡ʒəm,,kondakov2013rabha[p. 28],,,rabha:158:rongdani:1
rabha_maituri,,howɡo,those,,howɡo,,kondakov2013rabha[p. 28],,,rabha:158:maituri:1
rabha_rongdani,,ɡosɑn,same (like),,ɡosɑn,,kondakov2013rabha[p. 28],,,rabha:159:rongdani:1
rabha_maituri,,sumɑn,same (like),,sumɑn,,kondakov2013rabha[p. 28],,,rabha:159:maituri:1
rabha_rongdani,,beɾɡɑ,different,,beɾɡɑ,,kondakov2013rabha[p. 28],,,rabha:160:rongdani:1
rabha_maituri,,beɾɡɑ,different,,beɾɡɑ,,kondakov2013rabha[p. 28],,,rabha:160:maituri:1
rabha_rongdani,,bitʃ̑ɑkɑj,whole (unbroken),,bitʃ̑ɑkɑj,,kondakov2013rabha[p. 28],,,rabha:161:rongdani:1
rabha_maituri,,dibinɑ d͡ʒɑŋtʃ̑ɑ,whole (unbroken),,dibinɑ d͡ʒɑŋtʃ̑ɑ,,kondakov2013rabha[p. 28],,,rabha:161:maituri:1
rabha_rongdani,,bikɑj,broken,,bikɑj,,kondakov2013rabha[p. 28],,,rabha:162:rongdani:1
rabha_maituri,,bikɑʲ,broken,,bikɑʲ,,kondakov2013rabha[p. 28],,,rabha:162:maituri:1
rabha_rongdani,,tʃɨ̑pən,few,,tʃɨ̑pən,,kondakov2013rabha[p. 28],,,rabha:163:rongdani:1
rabha_maituri,,tʃip̑ɑŋ,few,,tʃip̑ɑŋ,,kondakov2013rabha[p. 28],,,rabha:163:maituri:1
rabha_rongdani,,pə́ŋqɑj,many,,pə́ŋqɑj,,kondakov2013rabha[p. 28],,,rabha:164:rongdani:1
rabha_maituri,,pɑŋɑ,many,,pɑŋɑ,,kondakov2013rabha[p. 28],,,rabha:164:maituri:1
rabha_rongdani,,dɨmdɑk̚,all,,dɨmdɑk̚,,kondakov2013rabha[p. 28],,,rabha:165:rongdani:1
rabha_maituri,,sob,all,,sob,,kondakov2013rabha[p. 28],,,rabha:165:maituri:1
rabha_rongdani,,sɑ́ʔɑ,eat!,,sɑ́ʔɑ,,kondakov2013rabha[p. 29],,,rabha:166:rongdani:1
rabha_maituri,,sʰɑ,eat!,,sʰɑ,,kondakov2013rabha[p. 29],,,rabha:166:maituri:1
rabha_rongdani,,qɑqɑj,it bit,,qɑqɑj,,kondakov2013rabha[p. 29],,,rabha:167:rongdani:1
rabha_maituri,,kɑkd͡ʒo,it bit,,kɑkd͡ʒo,,kondakov2013rabha[p. 29],,,rabha:167:maituri:1
rabha_rongdani,,bukʰikɑj,he is hungry,,bukʰikɑj,,kondakov2013rabha[p. 29],,,rabha:168:rongdani:1
rabha_maituri,,bukʰɨd͡ʒo,he is hungry,,bukʰɨd͡ʒo,,kondakov2013rabha[p. 29],,,rabha:168:maituri:1
rabha_rongdani,,ɾɨŋkɑj,he is drinking,,ɾɨŋkɑj,,kondakov2013rabha[p. 29],,,rabha:169:rongdani:1
rabha_maituri,,ɾuŋitɑ,he is drinking,,ɾuŋitɑ,,kondakov2013rabha[p. 29],,,rabha:169:maituri:1
rabha_rongdani,,tʃik̑ɑ́ŋqɑj,he is thirsty,,tʃik̑ɑ́ŋqɑj,,kondakov2013rabha[p. 29],,,rabha:170:rongdani:1
rabha_maituri,,ɾiŋɑ nuŋd͡ʒoʔ,he is thirsty,,ɾiŋɑ nuŋd͡ʒoʔ,,kondakov2013rabha[p. 29],,,rabha:170:maituri:1
rabha_rongdani,,ɡuɾetɑ,he is sleeping,,ɡuɾetɑ,,kondakov2013rabha[p. 29],,,rabha:171:rongdani:1
rabha_maituri,,ɡuɾitɑ,he is sleeping,,ɡuɾitɑ,,kondakov2013rabha[p. 29],,,rabha:171:maituri:1
rabha_rongdani,,ɡuɾetojtɑ,he lay down,,ɡuɾetojtɑ,,kondakov2013rabha[p. 29],,,rabha:172:rongdani:1
rabha_maituri,,ɡuɾɨd͡ʒo,he lay down,,ɡuɾɨd͡ʒo,,kondakov2013rabha[p. 29],,,rabha:172:maituri:1
rabha_rongdani,,nu,sit down!,,nu,,kondakov2013rabha[p. 29],,,rabha:173:rongdani:1
rabha_maituri,,nuʔ,sit down!,,nuʔ,,kondakov2013rabha[p. 29],,,rabha:173:maituri:1
rabha_rongdani,,ɾɑ́kʰu,give!,,ɾɑ́kʰu,,kondakov2013rabha[p. 29],,,rabha:174:rongdani:1
rabha_maituri,,ɾɑkʰu,give!,,ɾɑkʰu,,kondakov2013rabha[p. 29],,,rabha:174:maituri:1
rabha_rongdani,,kʰɑmitɑ,it is burning,,kʰɑmitɑ,,kondakov2013rabha[p. 29],,,rabha:175:rongdani:1
rabha_maituri,,kʰɑmitɑ,it is burning,,kʰɑmitɑ,,kondakov2013rabha[p. 29],,,rabha:175:maituri:1
rabha_rongdani,,sid͡ʒo,he died,,sid͡ʒo,,kondakov2013rabha[p. 29],,,rabha:176:rongdani:1
rabha_maituri,,sɨd͡ʒo,he died,,sɨd͡ʒo,,kondakov2013rabha[p. 29],,,rabha:176:maituri:1
rabha_rongdani,,kokd͡ʒo,he killed,,kokd͡ʒo,,kondakov2013rabha[p. 29],,,rabha:177:rongdani:1
rabha_maituri,,kokd͡ʒo,he killed,,kokd͡ʒo,,kondakov2013rabha[p. 29],,,rabha:177:maituri:1
rabha_rongdani,,puɾitɑ,it is flying,,puɾitɑ,,kondakov2013rabha[p. 29],,,rabha:178:rongdani:1
rabha_maituri,,puitɑ,it is flying,,puitɑ,,kondakov2013rabha[p. 29],,,rabha:178:maituri:1
rabha_rongdani,,ɾéŋɑmkɑj,walk!,,ɾéŋɑmkɑj,,kondakov2013rabha[p. 29],,,rabha:179:rongdani:1
rabha_maituri,,ni,walk!,,ni,,kondakov2013rabha[p. 29],,,rabha:179:maituri:1
rabha_rongdani,,dɑɾtʰúŋkɑj,run!,,dɑɾtʰúŋkɑj,,kondakov2013rabha[p. 29],,,rabha:180:rongdani:1
rabha_maituri,,dɑɾtʰuŋ,run!,,dɑɾtʰuŋ,,kondakov2013rabha[p. 29],,,rabha:180:maituri:1
rabha_rongdani,,ɾéŋ,go!,,ɾéŋ,,kondakov2013rabha[p. 29],,,rabha:181:rongdani:1
rabha_maituri,,ɾeŋ,go!,,ɾeŋ,,kondakov2013rabha[p. 29],,,rabha:181:maituri:1
rabha_rongdani,,ɾíbɑ,come!,,ɾíbɑ,,kondakov2013rabha[p. 30],,,rabha:182:rongdani:1
rabha_maituri,,ɾɨʋɑ,come!,,ɾɨʋɑ,,kondakov2013rabha[p. 30],,,rabha:182:maituri:1
rabha_rongdani,,qɑni,speak!,,qɑni,,kondakov2013rabha[p. 30],,,rabha:183:rongdani:1
rabha_rongdani,,bobɑj,speak!,,bobɑj,,kondakov2013rabha[p. 30],,,rabha:183:rongdani:2
rabha_maituri,,tep̚,speak!,,tep̚,,kondakov2013rabha[p. 30],,,rabha:183:maituri:1
rabha_rongdani,,nɑd͡ʒo,he heard,,nɑd͡ʒo,,kondakov2013rabha[p. 30],,,rabha:184:rongdani:1
rabha_maituri,,nɑd͡ʒoʔ,he heard,,nɑd͡ʒoʔ,,kondakov2013rabha[p. 30],,,rabha:184:maituri:1
rabha_rongdani,,nuk̚d͡ʒo,he saw,,nuk̚d͡ʒo,,kondakov2013rabha[p. 30],,,rabha:185:rongdani:1
rabha_maituri,,nuk̚d͡ʒo,he saw,,nuk̚d͡ʒo,,kondakov2013rabha[p. 30],,,rabha:185:maituri:1
rabha_rongdani,,ɑŋ,I,,ɑŋ,,kondakov2013rabha[p. 30],,,rabha:186:rongdani:1
rabha_maituri,,ɑŋ,I,,ɑŋ,,kondakov2013rabha[p. 30],,,rabha:186:maituri:1
rabha_rongdani,,nɑ́ŋ,"you (2nd sg, inf)",,nɑ́ŋ,,kondakov2013rabha[p. 30],,,rabha:187:rongdani:1
rabha_maituri,,nɑŋ,"you (2nd sg, inf)",,nɑŋ,,kondakov2013rabha[p. 30],,,rabha:187:maituri:1
rabha_rongdani,,nɑŋ,"you (2nd sg, formal)",,nɑŋ,,kondakov2013rabha[p. 30],,,rabha:188:rongdani:1
rabha_maituri,,nɑŋ,"you (2nd sg, formal)",,nɑŋ,,kondakov2013rabha[p. 30],,,rabha:188:maituri:1
rabha_rongdani,,ɨ,he,,ɨ,,kondakov2013rabha[p. 30],,,rabha:189:rongdani:1
rabha_rongdani,,u,he,,u,,kondakov2013rabha[p. 30],,,rabha:189:rongdani:2
rabha_maituri,,u,he,,u,,kondakov2013rabha[p. 30],,,rabha:189:maituri:1
rabha_rongdani,,ɨ,she,,ɨ,,kondakov2013rabha[p. 30],,,rabha:190:rongdani:1
rabha_rongdani,,u,she,,u,,kondakov2013rabha[p. 30],,,rabha:190:rongdani:2
rabha_maituri,,i,she,,i,,kondakov2013rabha[p. 30],,,rabha:190:maituri:1
rabha_rongdani,,t͡ʃiŋ,we,,t͡ʃiŋ,,kondakov2013rabha[p. 30],,,rabha:191:rongdani:1
rabha_maituri,,t͡ʃɨŋ,we,,t͡ʃɨŋ,,kondakov2013rabha[p. 30],,,rabha:191:maituri:1
rabha_rongdani,,t͡ʃiŋ qɑmiŋ,we (two),,t͡ʃiŋ qɑmiŋ,,kondakov2013rabha[p. 30],,,rabha:192:rongdani:1
rabha_maituri,,t͡ʃɨŋ kɑmkɑʲ,we (two),,t͡ʃɨŋ kɑmkɑʲ,,kondakov2013rabha[p. 30],,,rabha:192:maituri:1
rabha_rongdani,,nɑɾoŋ,you (2nd pl),,nɑɾoŋ,,kondakov2013rabha[p. 30],,,rabha:193:rongdani:1
rabha_maituri,,nɑɾoŋ,you (2nd pl),,nɑɾoŋ,,kondakov2013rabha[p. 30],,,rabha:193:maituri:1
rabha_rongdani,,oɾoŋ,they (3rd pl),,oɾoŋ,,kondakov2013rabha[p. 30],,,rabha:194:rongdani:1
rabha_maituri,,oɾoŋ,they (3rd pl),,oɾoŋ,,kondakov2013rabha[p. 30],,,rabha:194:maituri:1
