dog,,d͡ʒɪsɘm,body,,d͡ʒɪsɘm,Appendix B Batote wordlist; elicited 11 April 2005,"brightbill-turner2007dogri[Appendix B, printed p. 26, item 1, Batote]",,,sildogri2007:g001:sil-dogri-2007-batote:i1,,,,dialect:dog:sil-dogri-2007-batote:Batote
dog,,sɪɾ,head,,sɪɾ,Appendix B Batote wordlist; elicited 11 April 2005,"brightbill-turner2007dogri[Appendix B, printed p. 26, item 2, Batote]",,,sildogri2007:g002:sil-dogri-2007-batote:i1,,,,dialect:dog:sil-dogri-2007-batote:Batote
dog,,bal,hair,,bal,Appendix B Batote wordlist; elicited 11 April 2005,"brightbill-turner2007dogri[Appendix B, printed p. 26, item 3, Batote]",,,sildogri2007:g003:sil-dogri-2007-batote:i1,,,,dialect:dog:sil-dogri-2007-batote:Batote
dog,,mũh,face,,mũh,Appendix B Batote wordlist; elicited 11 April 2005,"brightbill-turner2007dogri[Appendix B, printed p. 26, item 4, Batote]",,,sildogri2007:g004:sil-dogri-2007-batote:i1,,,,dialect:dog:sil-dogri-2007-batote:Batote
dog,,ãkʰ,eye,,ãkʰ,Appendix B Batote wordlist; elicited 11 April 2005,"brightbill-turner2007dogri[Appendix B, printed p. 26, item 5, Batote]",,,sildogri2007:g005:sil-dogri-2007-batote:i1,,,,dialect:dog:sil-dogri-2007-batote:Batote
dog,,ka,ear,,ka,Appendix B Batote wordlist; elicited 11 April 2005,"brightbill-turner2007dogri[Appendix B, printed p. 26, item 6, Batote]",,,sildogri2007:g006:sil-dogri-2007-batote:i1,,,,dialect:dog:sil-dogri-2007-batote:Batote
dog,,nak,nose,,nak,Appendix B Batote wordlist; elicited 11 April 2005,"brightbill-turner2007dogri[Appendix B, printed p. 26, item 7, Batote]",,,sildogri2007:g007:sil-dogri-2007-batote:i1,,,,dialect:dog:sil-dogri-2007-batote:Batote
dog,,mũh,mouth,,mũh,Appendix B Batote wordlist; elicited 11 April 2005,"brightbill-turner2007dogri[Appendix B, printed p. 26, item 8, Batote]",,,sildogri2007:g008:sil-dogri-2007-batote:i1,,,,dialect:dog:sil-dogri-2007-batote:Batote
dog,,dãt,tooth,,dãt,Appendix B Batote wordlist; elicited 11 April 2005,"brightbill-turner2007dogri[Appendix B, printed p. 26, item 9, Batote]",,,sildogri2007:g009:sil-dogri-2007-batote:i1,,,,dialect:dog:sil-dogri-2007-batote:Batote
dog,,d͡ʒibʰ,tongue,,d͡ʒibʰ,Appendix B Batote wordlist; elicited 11 April 2005,"brightbill-turner2007dogri[Appendix B, printed p. 26, item 10, Batote]",,,sildogri2007:g010:sil-dogri-2007-batote:i1,,,,dialect:dog:sil-dogri-2007-batote:Batote
dog,,ʈɪɖ,belly,,ʈɪɖ,Appendix B Batote wordlist; elicited 11 April 2005,"brightbill-turner2007dogri[Appendix B, printed p. 26, item 12, Batote]",,,sildogri2007:g012:sil-dogri-2007-batote:i1,,,,dialect:dog:sil-dogri-2007-batote:Batote
dog,,bã,arm (whole),,bã,Appendix B Batote wordlist; elicited 11 April 2005,"brightbill-turner2007dogri[Appendix B, printed p. 26, item 13, Batote]",,,sildogri2007:g013:sil-dogri-2007-batote:i1,,,,dialect:dog:sil-dogri-2007-batote:Batote
dog,,aɽki,elbow,,aɽki,Appendix B Batote wordlist; elicited 11 April 2005,"brightbill-turner2007dogri[Appendix B, printed p. 26, item 14, Batote]",,,sildogri2007:g014:sil-dogri-2007-batote:i1,,,,dialect:dog:sil-dogri-2007-batote:Batote
dog,,tɘli,palm,,tɘli,Appendix B Batote wordlist; elicited 11 April 2005,"brightbill-turner2007dogri[Appendix B, printed p. 26, item 15, Batote]",,,sildogri2007:g015:sil-dogri-2007-batote:i1,,,,dialect:dog:sil-dogri-2007-batote:Batote
dog,,ʊ̃ɡli,finger,,ʊ̃ɡli,Appendix B Batote wordlist; elicited 11 April 2005,"brightbill-turner2007dogri[Appendix B, printed p. 26, item 16, Batote]",,,sildogri2007:g016:sil-dogri-2007-batote:i1,,,,dialect:dog:sil-dogri-2007-batote:Batote
dog,,"nɛ, nɔ",fingernail,,"nɛ, nɔ",Appendix B Batote wordlist; elicited 11 April 2005,"brightbill-turner2007dogri[Appendix B, printed p. 26, item 17, Batote]",,,sildogri2007:g017:sil-dogri-2007-batote:i1,,,,dialect:dog:sil-dogri-2007-batote:Batote
dog,,ləʈʰ,leg,,ləʈʰ,Appendix B Batote wordlist; elicited 11 April 2005,"brightbill-turner2007dogri[Appendix B, printed p. 26, item 18, Batote]",,,sildogri2007:g018:sil-dogri-2007-batote:i1,,,,dialect:dog:sil-dogri-2007-batote:Batote
dog,,t͡ʃəmɽi,skin,,t͡ʃəmɽi,Appendix B Batote wordlist; elicited 11 April 2005,"brightbill-turner2007dogri[Appendix B, printed p. 26, item 19, Batote]",,,sildogri2007:g019:sil-dogri-2007-batote:i1,,,,dialect:dog:sil-dogri-2007-batote:Batote
dog,,əɖɖi,bone,,əɖɖi,Appendix B Batote wordlist; elicited 11 April 2005,"brightbill-turner2007dogri[Appendix B, printed p. 26, item 20, Batote]",,,sildogri2007:g020:sil-dogri-2007-batote:i1,,,,dialect:dog:sil-dogri-2007-batote:Batote
dog,,dɪl,heart,,dɪl,Appendix B Batote wordlist; elicited 11 April 2005,"brightbill-turner2007dogri[Appendix B, printed p. 26, item 21, Batote]",,,sildogri2007:g021:sil-dogri-2007-batote:i1,,,,dialect:dog:sil-dogri-2007-batote:Batote
dog,,kʰun,blood,,kʰun,Appendix B Batote wordlist; elicited 11 April 2005,"brightbill-turner2007dogri[Appendix B, printed p. 26, item 22, Batote]",,,sildogri2007:g022:sil-dogri-2007-batote:i1,,,,dialect:dog:sil-dogri-2007-batote:Batote
dog,,ɡɾã,village,,ɡɾã,Appendix B Batote wordlist; elicited 11 April 2005,"brightbill-turner2007dogri[Appendix B, printed p. 26, item 25, Batote]",,,sildogri2007:g025:sil-dogri-2007-batote:i1,,,,dialect:dog:sil-dogri-2007-batote:Batote
dog,,ɡəɾ,house,,ɡəɾ,Appendix B Batote wordlist; elicited 11 April 2005,"brightbill-turner2007dogri[Appendix B, printed p. 26, item 26, Batote]",,,sildogri2007:g026:sil-dogri-2007-batote:i1,,,,dialect:dog:sil-dogri-2007-batote:Batote
dog,,səɾn,roof,,səɾn,Appendix B Batote wordlist; elicited 11 April 2005,"brightbill-turner2007dogri[Appendix B, printed p. 26, item 27, Batote]",,,sildogri2007:g027:sil-dogri-2007-batote:i1,,,,dialect:dog:sil-dogri-2007-batote:Batote
dog,,pɪtʰ,door,,pɪtʰ,Appendix B Batote wordlist; elicited 11 April 2005,"brightbill-turner2007dogri[Appendix B, printed p. 26, item 28, Batote]",,,sildogri2007:g028:sil-dogri-2007-batote:i1,,,,dialect:dog:sil-dogri-2007-batote:Batote
dog,,bəsətʰi,firewood,,bəsətʰi,Appendix B Batote wordlist; elicited 11 April 2005,"brightbill-turner2007dogri[Appendix B, printed p. 26, item 29, Batote]",,,sildogri2007:g029:sil-dogri-2007-batote:i1,,,,dialect:dog:sil-dogri-2007-batote:Batote
dog,,boaɾi,broom,,boaɾi,Appendix B Batote wordlist; elicited 11 April 2005,"brightbill-turner2007dogri[Appendix B, printed p. 26, item 30, Batote]",,,sildogri2007:g030:sil-dogri-2007-batote:i1,,,,dialect:dog:sil-dogri-2007-batote:Batote
dog,,kʊɳɖi,mortar (for grain),,kʊɳɖi,Appendix B Batote wordlist; elicited 11 April 2005,"brightbill-turner2007dogri[Appendix B, printed p. 26, item 31, Batote]",,,sildogri2007:g031:sil-dogri-2007-batote:i1,,,,dialect:dog:sil-dogri-2007-batote:Batote
dog,,kʊɳɖa ɖəɳɖa,pestle,,kʊɳɖa ɖəɳɖa,Appendix B Batote wordlist; elicited 11 April 2005,"brightbill-turner2007dogri[Appendix B, printed p. 26, item 32, Batote]",,,sildogri2007:g032:sil-dogri-2007-batote:i1,,,,dialect:dog:sil-dogri-2007-batote:Batote
dog,,tʰoɽi,hammer,,tʰoɽi,Appendix B Batote wordlist; elicited 11 April 2005,"brightbill-turner2007dogri[Appendix B, printed p. 26, item 33, Batote]",,,sildogri2007:g033:sil-dogri-2007-batote:i1,,,,dialect:dog:sil-dogri-2007-batote:Batote
dog,,t͡ʃʊɾi,knife (small),,t͡ʃʊɾi,Appendix B Batote wordlist; elicited 11 April 2005,"brightbill-turner2007dogri[Appendix B, printed p. 26, item 34, Batote]",,,sildogri2007:g034:sil-dogri-2007-batote:i1,,,,dialect:dog:sil-dogri-2007-batote:Batote
dog,,kʊaɽi,axe,,kʊaɽi,Appendix B Batote wordlist; elicited 11 April 2005,"brightbill-turner2007dogri[Appendix B, printed p. 26, item 35, Batote]",,,sildogri2007:g035:sil-dogri-2007-batote:i1,,,,dialect:dog:sil-dogri-2007-batote:Batote
dog,,ɾəsːi,rope,,ɾəsːi,Appendix B Batote wordlist; elicited 11 April 2005,"brightbill-turner2007dogri[Appendix B, printed p. 26, item 36, Batote]",,,sildogri2007:g036:sil-dogri-2007-batote:i1,,,,dialect:dog:sil-dogri-2007-batote:Batote
dog,,doɽ,thread,,doɽ,Appendix B Batote wordlist; elicited 11 April 2005,"brightbill-turner2007dogri[Appendix B, printed p. 26, item 37, Batote]",,,sildogri2007:g037:sil-dogri-2007-batote:i1,,,,dialect:dog:sil-dogri-2007-batote:Batote
dog,,sui,needle,,sui,Appendix B Batote wordlist; elicited 11 April 2005,"brightbill-turner2007dogri[Appendix B, printed p. 26, item 38, Batote]",,,sildogri2007:g038:sil-dogri-2007-batote:i1,,,,dialect:dog:sil-dogri-2007-batote:Batote
dog,,təlːe,cloth,,təlːe,Appendix B Batote wordlist; elicited 11 April 2005,"brightbill-turner2007dogri[Appendix B, printed p. 26, item 39, Batote]",,,sildogri2007:g039:sil-dogri-2007-batote:i1,,,,dialect:dog:sil-dogri-2007-batote:Batote
dog,,ɡũʈʰi,ring,,ɡũʈʰi,Appendix B Batote wordlist; elicited 11 April 2005,"brightbill-turner2007dogri[Appendix B, printed p. 26, item 40, Batote]",,,sildogri2007:g040:sil-dogri-2007-batote:i1,,,,dialect:dog:sil-dogri-2007-batote:Batote
dog,,suɾəd͡ʒ,sun,,suɾəd͡ʒ,Appendix B Batote wordlist; elicited 11 April 2005,"brightbill-turner2007dogri[Appendix B, printed p. 26, item 41, Batote]",,,sildogri2007:g041:sil-dogri-2007-batote:i1,,,,dialect:dog:sil-dogri-2007-batote:Batote
dog,,t͡ʃãd,moon,,t͡ʃãd,Appendix B Batote wordlist; elicited 11 April 2005,"brightbill-turner2007dogri[Appendix B, printed p. 26, item 42, Batote]",,,sildogri2007:g042:sil-dogri-2007-batote:i1,,,,dialect:dog:sil-dogri-2007-batote:Batote
dog,,əmbəɾ,sky,,əmbəɾ,Appendix B Batote wordlist; elicited 11 April 2005,"brightbill-turner2007dogri[Appendix B, printed p. 26, item 43, Batote]",,,sildogri2007:g043:sil-dogri-2007-batote:i1,,,,dialect:dog:sil-dogri-2007-batote:Batote
dog,,taɾa,star,,taɾa,Appendix B Batote wordlist; elicited 11 April 2005,"brightbill-turner2007dogri[Appendix B, printed p. 26, item 44, Batote]",,,sildogri2007:g044:sil-dogri-2007-batote:i1,,,,dialect:dog:sil-dogri-2007-batote:Batote
dog,,bəɾkʰa,rain,,bəɾkʰa,Appendix B Batote wordlist; elicited 11 April 2005,"brightbill-turner2007dogri[Appendix B, printed p. 26, item 45, Batote]",,,sildogri2007:g045:sil-dogri-2007-batote:i1,,,,dialect:dog:sil-dogri-2007-batote:Batote
dog,,pani,water,,pani,Appendix B Batote wordlist; elicited 11 April 2005,"brightbill-turner2007dogri[Appendix B, printed p. 26, item 46, Batote]",,,sildogri2007:g046:sil-dogri-2007-batote:i1,,,,dialect:dog:sil-dogri-2007-batote:Batote
dog,,nədi,river,,nədi,Appendix B Batote wordlist; elicited 11 April 2005,"brightbill-turner2007dogri[Appendix B, printed p. 26, item 47, Batote]",,,sildogri2007:g047:sil-dogri-2007-batote:i1,,,,dialect:dog:sil-dogri-2007-batote:Batote
dog,,badəl,cloud,,badəl,Appendix B Batote wordlist; elicited 11 April 2005,"brightbill-turner2007dogri[Appendix B, printed p. 26, item 48, Batote]",,,sildogri2007:g048:sil-dogri-2007-batote:i1,,,,dialect:dog:sil-dogri-2007-batote:Batote
dog,,mɪlk,lightning,,mɪlk,Appendix B Batote wordlist; elicited 11 April 2005,"brightbill-turner2007dogri[Appendix B, printed p. 26, item 49, Batote]",,,sildogri2007:g049:sil-dogri-2007-batote:i1,,,,dialect:dog:sil-dogri-2007-batote:Batote
dog,,"teɾkman, indɾadʰənʊʃ",rainbow,,"teɾkman, indɾadʰənʊʃ",Appendix B Batote wordlist; elicited 11 April 2005,"brightbill-turner2007dogri[Appendix B, printed p. 26, item 50, Batote]",,,sildogri2007:g050:sil-dogri-2007-batote:i1,,,,dialect:dog:sil-dogri-2007-batote:Batote
dog,,həʊa,wind,,həʊa,Appendix B Batote wordlist; elicited 11 April 2005,"brightbill-turner2007dogri[Appendix B, printed p. 26, item 51, Batote]",,,sildogri2007:g051:sil-dogri-2007-batote:i1,,,,dialect:dog:sil-dogri-2007-batote:Batote
dog,,"pətːʰəɾ, d͡ʒən",stone,,"pətːʰəɾ, d͡ʒən",Appendix B Batote wordlist; elicited 11 April 2005,"brightbill-turner2007dogri[Appendix B, printed p. 26, item 52, Batote]",,,sildogri2007:g052:sil-dogri-2007-batote:i1,,,,dialect:dog:sil-dogri-2007-batote:Batote
dog,,ɾəsta,path,,ɾəsta,Appendix B Batote wordlist; elicited 11 April 2005,"brightbill-turner2007dogri[Appendix B, printed p. 26, item 53, Batote]",,,sildogri2007:g053:sil-dogri-2007-batote:i1,,,,dialect:dog:sil-dogri-2007-batote:Batote
dog,,ɾet,sand,,ɾet,Appendix B Batote wordlist; elicited 11 April 2005,"brightbill-turner2007dogri[Appendix B, printed p. 26, item 54, Batote]",,,sildogri2007:g054:sil-dogri-2007-batote:i1,,,,dialect:dog:sil-dogri-2007-batote:Batote
dog,,əɡ,fire,,əɡ,Appendix B Batote wordlist; elicited 11 April 2005,"brightbill-turner2007dogri[Appendix B, printed p. 26, item 55, Batote]",,,sildogri2007:g055:sil-dogri-2007-batote:i1,,,,dialect:dog:sil-dogri-2007-batote:Batote
dog,,tũa,smoke,,tũa,Appendix B Batote wordlist; elicited 11 April 2005,"brightbill-turner2007dogri[Appendix B, printed p. 26, item 56, Batote]",,,sildogri2007:g056:sil-dogri-2007-batote:i1,,,,dialect:dog:sil-dogri-2007-batote:Batote
dog,,soa,ash,,soa,Appendix B Batote wordlist; elicited 11 April 2005,"brightbill-turner2007dogri[Appendix B, printed p. 26, item 57, Batote]",,,sildogri2007:g057:sil-dogri-2007-batote:i1,,,,dialect:dog:sil-dogri-2007-batote:Batote
dog,,t͡ʃikəɽ,mud,,t͡ʃikəɽ,Appendix B Batote wordlist; elicited 11 April 2005,"brightbill-turner2007dogri[Appendix B, printed p. 26, item 58, Batote]",,,sildogri2007:g058:sil-dogri-2007-batote:i1,,,,dialect:dog:sil-dogri-2007-batote:Batote
dog,,mɪʈːi,dust,,mɪʈːi,Appendix B Batote wordlist; elicited 11 April 2005,"brightbill-turner2007dogri[Appendix B, printed p. 26, item 59, Batote]",,,sildogri2007:g059:sil-dogri-2007-batote:i1,,,,dialect:dog:sil-dogri-2007-batote:Batote
dog,,sona,gold,,sona,Appendix B Batote wordlist; elicited 11 April 2005,"brightbill-turner2007dogri[Appendix B, printed p. 26, item 60, Batote]",,,sildogri2007:g060:sil-dogri-2007-batote:i1,,,,dialect:dog:sil-dogri-2007-batote:Batote
dog,,buta,tree,,buta,Appendix B Batote wordlist; elicited 11 April 2005,"brightbill-turner2007dogri[Appendix B, printed p. 26, item 61, Batote]",,,sildogri2007:g061:sil-dogri-2007-batote:i1,,,,dialect:dog:sil-dogri-2007-batote:Batote
dog,,pətːəɾ,leaf,,pətːəɾ,Appendix B Batote wordlist; elicited 11 April 2005,"brightbill-turner2007dogri[Appendix B, printed p. 26, item 62, Batote]",,,sildogri2007:g062:sil-dogri-2007-batote:i1,,,,dialect:dog:sil-dogri-2007-batote:Batote
dog,,d͡ʒil,root,,d͡ʒil,Appendix B Batote wordlist; elicited 11 April 2005,"brightbill-turner2007dogri[Appendix B, printed p. 26, item 63, Batote]",,,sildogri2007:g063:sil-dogri-2007-batote:i1,,,,dialect:dog:sil-dogri-2007-batote:Batote
dog,,kəɳɖa,thorn,,kəɳɖa,Appendix B Batote wordlist; elicited 11 April 2005,"brightbill-turner2007dogri[Appendix B, printed p. 26, item 64, Batote]",,,sildogri2007:g064:sil-dogri-2007-batote:i1,,,,dialect:dog:sil-dogri-2007-batote:Batote
dog,,fʊl,flower,,fʊl,Appendix B Batote wordlist; elicited 11 April 2005,"brightbill-turner2007dogri[Appendix B, printed p. 26, item 65, Batote]",,,sildogri2007:g065:sil-dogri-2007-batote:i1,,,,dialect:dog:sil-dogri-2007-batote:Batote
dog,,fəl,fruit,,fəl,Appendix B Batote wordlist; elicited 11 April 2005,"brightbill-turner2007dogri[Appendix B, printed p. 27, item 66, Batote]",,,sildogri2007:g066:sil-dogri-2007-batote:i1,,,,dialect:dog:sil-dogri-2007-batote:Batote
dog,,əmb,mango,,əmb,Appendix B Batote wordlist; elicited 11 April 2005,"brightbill-turner2007dogri[Appendix B, printed p. 27, item 67, Batote]",,,sildogri2007:g067:sil-dogri-2007-batote:i1,,,,dialect:dog:sil-dogri-2007-batote:Batote
dog,,kela,banana,,kela,Appendix B Batote wordlist; elicited 11 April 2005,"brightbill-turner2007dogri[Appendix B, printed p. 27, item 68, Batote]",,,sildogri2007:g068:sil-dogri-2007-batote:i1,,,,dialect:dog:sil-dogri-2007-batote:Batote
dog,,kəɳək,wheat,,kəɳək,Appendix B Batote wordlist; elicited 11 April 2005,"brightbill-turner2007dogri[Appendix B, printed p. 27, item 69, Batote]",,,sildogri2007:g069:sil-dogri-2007-batote:i1,,,,dialect:dog:sil-dogri-2007-batote:Batote
dog,,d͡ʒo,millet,,d͡ʒo,Appendix B Batote wordlist; elicited 11 April 2005,"brightbill-turner2007dogri[Appendix B, printed p. 27, item 70, Batote]",,,sildogri2007:g070:sil-dogri-2007-batote:i1,,,,dialect:dog:sil-dogri-2007-batote:Batote
dog,,t͡ʃɔl,rice (cooked),,t͡ʃɔl,Appendix B Batote wordlist; elicited 11 April 2005,"brightbill-turner2007dogri[Appendix B, printed p. 27, item 71, Batote]",,,sildogri2007:g071:sil-dogri-2007-batote:i1,,,,dialect:dog:sil-dogri-2007-batote:Batote
dog,,alu,potato,,alu,Appendix B Batote wordlist; elicited 11 April 2005,"brightbill-turner2007dogri[Appendix B, printed p. 27, item 72, Batote]",,,sildogri2007:g072:sil-dogri-2007-batote:i1,,,,dialect:dog:sil-dogri-2007-batote:Batote
dog,,pətːa,eggplant,,pətːa,Appendix B Batote wordlist; elicited 11 April 2005,"brightbill-turner2007dogri[Appendix B, printed p. 27, item 73, Batote]",,,sildogri2007:g073:sil-dogri-2007-batote:i1,,,,dialect:dog:sil-dogri-2007-batote:Batote
dog,,mũɡpʰəli,groundnut,,mũɡpʰəli,Appendix B Batote wordlist; elicited 11 April 2005,"brightbill-turner2007dogri[Appendix B, printed p. 27, item 74, Batote]",,,sildogri2007:g074:sil-dogri-2007-batote:i1,,,,dialect:dog:sil-dogri-2007-batote:Batote
dog,,məɾt͡ʃ,chili,,məɾt͡ʃ,Appendix B Batote wordlist; elicited 11 April 2005,"brightbill-turner2007dogri[Appendix B, printed p. 27, item 75, Batote]",,,sildogri2007:g075:sil-dogri-2007-batote:i1,,,,dialect:dog:sil-dogri-2007-batote:Batote
dog,,əldəɾ,turmeric,,əldəɾ,Appendix B Batote wordlist; elicited 11 April 2005,"brightbill-turner2007dogri[Appendix B, printed p. 27, item 76, Batote]",,,sildogri2007:g076:sil-dogri-2007-batote:i1,,,,dialect:dog:sil-dogri-2007-batote:Batote
dog,,tʰoːm,garlic,,tʰoːm,Appendix B Batote wordlist; elicited 11 April 2005,"brightbill-turner2007dogri[Appendix B, printed p. 27, item 77, Batote]",,,sildogri2007:g077:sil-dogri-2007-batote:i1,,,,dialect:dog:sil-dogri-2007-batote:Batote
dog,,"pjad͡ʒ, ɡənda",onion,,"pjad͡ʒ, ɡənda",Appendix B Batote wordlist; elicited 11 April 2005,"brightbill-turner2007dogri[Appendix B, printed p. 27, item 78, Batote]",,,sildogri2007:g078:sil-dogri-2007-batote:i1,,,,dialect:dog:sil-dogri-2007-batote:Batote
dog,,pʰʊl ɡobʰi,cauliflower,,pʰʊl ɡobʰi,Appendix B Batote wordlist; elicited 11 April 2005,"brightbill-turner2007dogri[Appendix B, printed p. 27, item 79, Batote]",,,sildogri2007:g079:sil-dogri-2007-batote:i1,,,,dialect:dog:sil-dogri-2007-batote:Batote
dog,,ʈəmaʈeɾ,tomato,,ʈəmaʈeɾ,Appendix B Batote wordlist; elicited 11 April 2005,"brightbill-turner2007dogri[Appendix B, printed p. 27, item 80, Batote]",,,sildogri2007:g080:sil-dogri-2007-batote:i1,,,,dialect:dog:sil-dogri-2007-batote:Batote
dog,,bənd ɡobʰi,cabbage,,bənd ɡobʰi,Appendix B Batote wordlist; elicited 11 April 2005,"brightbill-turner2007dogri[Appendix B, printed p. 27, item 81, Batote]",,,sildogri2007:g081:sil-dogri-2007-batote:i1,,,,dialect:dog:sil-dogri-2007-batote:Batote
dog,,tel,oil,,tel,Appendix B Batote wordlist; elicited 11 April 2005,"brightbill-turner2007dogri[Appendix B, printed p. 27, item 82, Batote]",,,sildogri2007:g082:sil-dogri-2007-batote:i1,,,,dialect:dog:sil-dogri-2007-batote:Batote
dog,,luɳ,salt,,luɳ,Appendix B Batote wordlist; elicited 11 April 2005,"brightbill-turner2007dogri[Appendix B, printed p. 27, item 83, Batote]",,,sildogri2007:g083:sil-dogri-2007-batote:i1,,,,dialect:dog:sil-dogri-2007-batote:Batote
dog,,mãs,meat,,mãs,Appendix B Batote wordlist; elicited 11 April 2005,"brightbill-turner2007dogri[Appendix B, printed p. 27, item 84, Batote]",,,sildogri2007:g084:sil-dogri-2007-batote:i1,,,,dialect:dog:sil-dogri-2007-batote:Batote
dog,,t͡ʃeɾbi,fat,,t͡ʃeɾbi,Appendix B Batote wordlist; elicited 11 April 2005,"brightbill-turner2007dogri[Appendix B, printed p. 27, item 85, Batote]",,,sildogri2007:g085:sil-dogri-2007-batote:i1,,,,dialect:dog:sil-dogri-2007-batote:Batote
dog,,mət͡ʃli,fish,,mət͡ʃli,Appendix B Batote wordlist; elicited 11 April 2005,"brightbill-turner2007dogri[Appendix B, printed p. 27, item 86, Batote]",,,sildogri2007:g086:sil-dogri-2007-batote:i1,,,,dialect:dog:sil-dogri-2007-batote:Batote
dog,,kʊkɾi,chicken,,kʊkɾi,Appendix B Batote wordlist; elicited 11 April 2005,"brightbill-turner2007dogri[Appendix B, printed p. 27, item 87, Batote]",,,sildogri2007:g087:sil-dogri-2007-batote:i1,,,,dialect:dog:sil-dogri-2007-batote:Batote
dog,,əɳɖa,egg,,əɳɖa,Appendix B Batote wordlist; elicited 11 April 2005,"brightbill-turner2007dogri[Appendix B, printed p. 27, item 88, Batote]",,,sildogri2007:g088:sil-dogri-2007-batote:i1,,,,dialect:dog:sil-dogri-2007-batote:Batote
dog,,ɡo,cow,,ɡo,Appendix B Batote wordlist; elicited 11 April 2005,"brightbill-turner2007dogri[Appendix B, printed p. 27, item 89, Batote]",,,sildogri2007:g089:sil-dogri-2007-batote:i1,,,,dialect:dog:sil-dogri-2007-batote:Batote
dog,,mɛ,buffalo,,mɛ,Appendix B Batote wordlist; elicited 11 April 2005,"brightbill-turner2007dogri[Appendix B, printed p. 27, item 90, Batote]",,,sildogri2007:g090:sil-dogri-2007-batote:i1,,,,dialect:dog:sil-dogri-2007-batote:Batote
dog,,dudʰ,milk,,dudʰ,Appendix B Batote wordlist; elicited 11 April 2005,"brightbill-turner2007dogri[Appendix B, printed p. 27, item 91, Batote]",,,sildogri2007:g091:sil-dogri-2007-batote:i1,,,,dialect:dog:sil-dogri-2007-batote:Batote
dog,,sĩɡ,horns,,sĩɡ,Appendix B Batote wordlist; elicited 11 April 2005,"brightbill-turner2007dogri[Appendix B, printed p. 27, item 92, Batote]",,,sildogri2007:g092:sil-dogri-2007-batote:i1,,,,dialect:dog:sil-dogri-2007-batote:Batote
dog,,dʊmb,tail,,dʊmb,Appendix B Batote wordlist; elicited 11 April 2005,"brightbill-turner2007dogri[Appendix B, printed p. 27, item 93, Batote]",,,sildogri2007:g093:sil-dogri-2007-batote:i1,,,,dialect:dog:sil-dogri-2007-batote:Batote
dog,,bəkɾi,goat,,bəkɾi,Appendix B Batote wordlist; elicited 11 April 2005,"brightbill-turner2007dogri[Appendix B, printed p. 27, item 94, Batote]",,,sildogri2007:g094:sil-dogri-2007-batote:i1,,,,dialect:dog:sil-dogri-2007-batote:Batote
dog,,kʊtːa,dog,,kʊtːa,Appendix B Batote wordlist; elicited 11 April 2005,"brightbill-turner2007dogri[Appendix B, printed p. 27, item 95, Batote]",,,sildogri2007:g095:sil-dogri-2007-batote:i1,,,,dialect:dog:sil-dogri-2007-batote:Batote
dog,,səp,snake,,səp,Appendix B Batote wordlist; elicited 11 April 2005,"brightbill-turner2007dogri[Appendix B, printed p. 27, item 96, Batote]",,,sildogri2007:g096:sil-dogri-2007-batote:i1,,,,dialect:dog:sil-dogri-2007-batote:Batote
dog,,"bəndəɾ, məkəɽ, tolo",monkey,,"bəndəɾ, məkəɽ, tolo",Appendix B Batote wordlist; elicited 11 April 2005,"brightbill-turner2007dogri[Appendix B, printed p. 27, item 97, Batote]",,,sildogri2007:g097:sil-dogri-2007-batote:i1,,,,dialect:dog:sil-dogri-2007-batote:Batote
dog,,məʃəɾ,mosquito,,məʃəɾ,Appendix B Batote wordlist; elicited 11 April 2005,"brightbill-turner2007dogri[Appendix B, printed p. 27, item 98, Batote]",,,sildogri2007:g098:sil-dogri-2007-batote:i1,,,,dialect:dog:sil-dogri-2007-batote:Batote
dog,,pɾʊli,ant,,pɾʊli,Appendix B Batote wordlist; elicited 11 April 2005,"brightbill-turner2007dogri[Appendix B, printed p. 27, item 99, Batote]",,,sildogri2007:g099:sil-dogri-2007-batote:i1,,,,dialect:dog:sil-dogri-2007-batote:Batote
dog,,ɡəlɖ,spider,,ɡəlɖ,Appendix B Batote wordlist; elicited 11 April 2005,"brightbill-turner2007dogri[Appendix B, printed p. 27, item 100, Batote]",,,sildogri2007:g100:sil-dogri-2007-batote:i1,,,,dialect:dog:sil-dogri-2007-batote:Batote
dog,,nã,name,,nã,Appendix B Batote wordlist; elicited 11 April 2005,"brightbill-turner2007dogri[Appendix B, printed p. 27, item 101, Batote]",,,sildogri2007:g101:sil-dogri-2007-batote:i1,,,,dialect:dog:sil-dogri-2007-batote:Batote
dog,,mənʊkʰ,man,,mənʊkʰ,Appendix B Batote wordlist; elicited 11 April 2005,"brightbill-turner2007dogri[Appendix B, printed p. 27, item 102, Batote]",,,sildogri2007:g102:sil-dogri-2007-batote:i1,,,,dialect:dog:sil-dogri-2007-batote:Batote
dog,,d͡ʒənanːi,woman,,d͡ʒənanːi,Appendix B Batote wordlist; elicited 11 April 2005,"brightbill-turner2007dogri[Appendix B, printed p. 27, item 103, Batote]",,,sildogri2007:g103:sil-dogri-2007-batote:i1,,,,dialect:dog:sil-dogri-2007-batote:Batote
dog,,"bət͡ʃːa, d͡ʒəkt",child,,"bət͡ʃːa, d͡ʒəkt",Appendix B Batote wordlist; elicited 11 April 2005,"brightbill-turner2007dogri[Appendix B, printed p. 27, item 104, Batote]",,,sildogri2007:g104:sil-dogri-2007-batote:i1,,,,dialect:dog:sil-dogri-2007-batote:Batote
dog,,"pjo, bəb",father,,"pjo, bəb",Appendix B Batote wordlist; elicited 11 April 2005,"brightbill-turner2007dogri[Appendix B, printed p. 27, item 105, Batote]",,,sildogri2007:g105:sil-dogri-2007-batote:i1,,,,dialect:dog:sil-dogri-2007-batote:Batote
dog,,"mã, əmːa",mother,,"mã, əmːa",Appendix B Batote wordlist; elicited 11 April 2005,"brightbill-turner2007dogri[Appendix B, printed p. 27, item 106, Batote]",,,sildogri2007:g106:sil-dogri-2007-batote:i1,,,,dialect:dog:sil-dogri-2007-batote:Batote
dog,,bəɖa pɾa,older brother,,bəɖa pɾa,Appendix B Batote wordlist; elicited 11 April 2005,"brightbill-turner2007dogri[Appendix B, printed p. 27, item 107, Batote]",,,sildogri2007:g107:sil-dogri-2007-batote:i1,,,,dialect:dog:sil-dogri-2007-batote:Batote
dog,,nɪka pɾa,younger brother,,nɪka pɾa,Appendix B Batote wordlist; elicited 11 April 2005,"brightbill-turner2007dogri[Appendix B, printed p. 27, item 108, Batote]",,,sildogri2007:g108:sil-dogri-2007-batote:i1,,,,dialect:dog:sil-dogri-2007-batote:Batote
dog,,bəɖːi pæːɳ,older sister,,bəɖːi pæːɳ,Appendix B Batote wordlist; elicited 11 April 2005,"brightbill-turner2007dogri[Appendix B, printed p. 27, item 109, Batote]",,,sildogri2007:g109:sil-dogri-2007-batote:i1,,,,dialect:dog:sil-dogri-2007-batote:Batote
dog,,niki pæːɳ,younger sister,,niki pæːɳ,Appendix B Batote wordlist; elicited 11 April 2005,"brightbill-turner2007dogri[Appendix B, printed p. 27, item 110, Batote]",,,sildogri2007:g110:sil-dogri-2007-batote:i1,,,,dialect:dog:sil-dogri-2007-batote:Batote
dog,,pʊtːəɾ,son,,pʊtːəɾ,Appendix B Batote wordlist; elicited 11 April 2005,"brightbill-turner2007dogri[Appendix B, printed p. 27, item 111, Batote]",,,sildogri2007:g111:sil-dogri-2007-batote:i1,,,,dialect:dog:sil-dogri-2007-batote:Batote
dog,,kʊɽɪ,daughter,,kʊɽɪ,Appendix B Batote wordlist; elicited 11 April 2005,"brightbill-turner2007dogri[Appendix B, printed p. 27, item 112, Batote]",,,sildogri2007:g112:sil-dogri-2007-batote:i1,,,,dialect:dog:sil-dogri-2007-batote:Batote
dog,,kʰasəm,husband,,kʰasəm,Appendix B Batote wordlist; elicited 11 April 2005,"brightbill-turner2007dogri[Appendix B, printed p. 27, item 113, Batote]",,,sildogri2007:g113:sil-dogri-2007-batote:i1,,,,dialect:dog:sil-dogri-2007-batote:Batote
dog,,laːɽi,wife,,laːɽi,Appendix B Batote wordlist; elicited 11 April 2005,"brightbill-turner2007dogri[Appendix B, printed p. 27, item 114, Batote]",,,sildogri2007:g114:sil-dogri-2007-batote:i1,,,,dialect:dog:sil-dogri-2007-batote:Batote
dog,,lɔɽə,boy,,lɔɽə,Appendix B Batote wordlist; elicited 11 April 2005,"brightbill-turner2007dogri[Appendix B, printed p. 27, item 115, Batote]",,,sildogri2007:g115:sil-dogri-2007-batote:i1,,,,dialect:dog:sil-dogri-2007-batote:Batote
dog,,kʊɽɪ,girl,,kʊɽɪ,Appendix B Batote wordlist; elicited 11 April 2005,"brightbill-turner2007dogri[Appendix B, printed p. 27, item 116, Batote]",,,sildogri2007:g116:sil-dogri-2007-batote:i1,,,,dialect:dog:sil-dogri-2007-batote:Batote
dog,,"dɪn, tjaːɽə",day,,"dɪn, tjaːɽə",Appendix B Batote wordlist; elicited 11 April 2005,"brightbill-turner2007dogri[Appendix B, printed p. 27, item 117, Batote]",,,sildogri2007:g117:sil-dogri-2007-batote:i1,,,,dialect:dog:sil-dogri-2007-batote:Batote
dog,,ɾati,night,,ɾati,Appendix B Batote wordlist; elicited 11 April 2005,"brightbill-turner2007dogri[Appendix B, printed p. 27, item 118, Batote]",,,sildogri2007:g118:sil-dogri-2007-batote:i1,,,,dialect:dog:sil-dogri-2007-batote:Batote
dog,,"bəɖːə, bɛla",morning,,"bəɖːə, bɛla",Appendix B Batote wordlist; elicited 11 April 2005,"brightbill-turner2007dogri[Appendix B, printed p. 27, item 119, Batote]",,,sildogri2007:g119:sil-dogri-2007-batote:i1,,,,dialect:dog:sil-dogri-2007-batote:Batote
dog,,dopɛɾ,noon,,dopɛɾ,Appendix B Batote wordlist; elicited 11 April 2005,"brightbill-turner2007dogri[Appendix B, printed p. 27, item 120, Batote]",,,sildogri2007:g120:sil-dogri-2007-batote:i1,,,,dialect:dog:sil-dogri-2007-batote:Batote
dog,,sãd͡ʒ,evening,,sãd͡ʒ,Appendix B Batote wordlist; elicited 11 April 2005,"brightbill-turner2007dogri[Appendix B, printed p. 27, item 121, Batote]",,,sildogri2007:g121:sil-dogri-2007-batote:i1,,,,dialect:dog:sil-dogri-2007-batote:Batote
dog,,pɪt͡ʃla kəl,yesterday,,pɪt͡ʃla kəl,Appendix B Batote wordlist; elicited 11 April 2005,"brightbill-turner2007dogri[Appendix B, printed p. 27, item 122, Batote]",,,sildogri2007:g122:sil-dogri-2007-batote:i1,,,,dialect:dog:sil-dogri-2007-batote:Batote
dog,,ad͡ʒ,today,,ad͡ʒ,Appendix B Batote wordlist; elicited 11 April 2005,"brightbill-turner2007dogri[Appendix B, printed p. 27, item 123, Batote]",,,sildogri2007:g123:sil-dogri-2007-batote:i1,,,,dialect:dog:sil-dogri-2007-batote:Batote
dog,,kəl,tomorrow,,kəl,Appendix B Batote wordlist; elicited 11 April 2005,"brightbill-turner2007dogri[Appendix B, printed p. 27, item 124, Batote]",,,sildogri2007:g124:sil-dogri-2007-batote:i1,,,,dialect:dog:sil-dogri-2007-batote:Batote
dog,,əpta,week,,əpta,Appendix B Batote wordlist; elicited 11 April 2005,"brightbill-turner2007dogri[Appendix B, printed p. 27, item 125, Batote]",,,sildogri2007:g125:sil-dogri-2007-batote:i1,,,,dialect:dog:sil-dogri-2007-batote:Batote
dog,,mɪnːə,month,,mɪnːə,Appendix B Batote wordlist; elicited 11 April 2005,"brightbill-turner2007dogri[Appendix B, printed p. 27, item 126, Batote]",,,sildogri2007:g126:sil-dogri-2007-batote:i1,,,,dialect:dog:sil-dogri-2007-batote:Batote
dog,,saːl,year,,saːl,Appendix B Batote wordlist; elicited 11 April 2005,"brightbill-turner2007dogri[Appendix B, printed p. 27, item 127, Batote]",,,sildogri2007:g127:sil-dogri-2007-batote:i1,,,,dialect:dog:sil-dogri-2007-batote:Batote
dog,,pəɾaːɳə,old (things),,pəɾaːɳə,Appendix B Batote wordlist; elicited 11 April 2005,"brightbill-turner2007dogri[Appendix B, printed p. 27, item 128, Batote]",,,sildogri2007:g128:sil-dogri-2007-batote:i1,,,,dialect:dog:sil-dogri-2007-batote:Batote
dog,,nama,new,,nama,Appendix B Batote wordlist; elicited 11 April 2005,"brightbill-turner2007dogri[Appendix B, printed p. 27, item 129, Batote]",,,sildogri2007:g129:sil-dogri-2007-batote:i1,,,,dialect:dog:sil-dogri-2007-batote:Batote
dog,,ʃɛl,good,,ʃɛl,Appendix B Batote wordlist; elicited 11 April 2005,"brightbill-turner2007dogri[Appendix B, printed p. 27, item 130, Batote]",,,sildogri2007:g130:sil-dogri-2007-batote:i1,,,,dialect:dog:sil-dogri-2007-batote:Batote
dog,,ɡãdə,bad,,ɡãdə,Appendix B Batote wordlist; elicited 11 April 2005,"brightbill-turner2007dogri[Appendix B, printed p. 27, item 131, Batote]",,,sildogri2007:g131:sil-dogri-2007-batote:i1,,,,dialect:dog:sil-dogri-2007-batote:Batote
dog,,ɡɪlːə,wet,,ɡɪlːə,Appendix B Batote wordlist; elicited 11 April 2005,"brightbill-turner2007dogri[Appendix B, printed p. 27, item 132, Batote]",,,sildogri2007:g132:sil-dogri-2007-batote:i1,,,,dialect:dog:sil-dogri-2007-batote:Batote
dog,,suːkə,dry,,suːkə,Appendix B Batote wordlist; elicited 11 April 2005,"brightbill-turner2007dogri[Appendix B, printed p. 27, item 133, Batote]",,,sildogri2007:g133:sil-dogri-2007-batote:i1,,,,dialect:dog:sil-dogri-2007-batote:Batote
dog,,lamːə,long,,lamːə,Appendix B Batote wordlist; elicited 11 April 2005,"brightbill-turner2007dogri[Appendix B, printed p. 27, item 134, Batote]",,,sildogri2007:g134:sil-dogri-2007-batote:i1,,,,dialect:dog:sil-dogri-2007-batote:Batote
dog,,nɪka,short,,nɪka,Appendix B Batote wordlist; elicited 11 April 2005,"brightbill-turner2007dogri[Appendix B, printed p. 27, item 135, Batote]",,,sildogri2007:g135:sil-dogri-2007-batote:i1,,,,dialect:dog:sil-dogri-2007-batote:Batote
dog,,tatːə,hot,,tatːə,Appendix B Batote wordlist; elicited 11 April 2005,"brightbill-turner2007dogri[Appendix B, printed p. 27, item 136, Batote]",,,sildogri2007:g136:sil-dogri-2007-batote:i1,,,,dialect:dog:sil-dogri-2007-batote:Batote
dog,,tʰãɖo,cold,,tʰãɖo,Appendix B Batote wordlist; elicited 11 April 2005,"brightbill-turner2007dogri[Appendix B, printed p. 27, item 137, Batote]",,,sildogri2007:g137:sil-dogri-2007-batote:i1,,,,dialect:dog:sil-dogri-2007-batote:Batote
dog,,sad͡ʒə,right,,sad͡ʒə,Appendix B Batote wordlist; elicited 11 April 2005,"brightbill-turner2007dogri[Appendix B, printed p. 27, item 138, Batote]",,,sildogri2007:g138:sil-dogri-2007-batote:i1,,,,dialect:dog:sil-dogri-2007-batote:Batote
dog,,kʰəbːa,left,,kʰəbːa,Appendix B Batote wordlist; elicited 11 April 2005,"brightbill-turner2007dogri[Appendix B, printed p. 27, item 139, Batote]",,,sildogri2007:g139:sil-dogri-2007-batote:i1,,,,dialect:dog:sil-dogri-2007-batote:Batote
dog,,"kaʃ, kol",near,,"kaʃ, kol",Appendix B Batote wordlist; elicited 11 April 2005,"brightbill-turner2007dogri[Appendix B, printed p. 27, item 140, Batote]",,,sildogri2007:g140:sil-dogri-2007-batote:i1,,,,dialect:dog:sil-dogri-2007-batote:Batote
dog,,duɾ,far,,duɾ,Appendix B Batote wordlist; elicited 11 April 2005,"brightbill-turner2007dogri[Appendix B, printed p. 27, item 141, Batote]",,,sildogri2007:g141:sil-dogri-2007-batote:i1,,,,dialect:dog:sil-dogri-2007-batote:Batote
dog,,bəɖːə,big,,bəɖːə,Appendix B Batote wordlist; elicited 11 April 2005,"brightbill-turner2007dogri[Appendix B, printed p. 27, item 142, Batote]",,,sildogri2007:g142:sil-dogri-2007-batote:i1,,,,dialect:dog:sil-dogri-2007-batote:Batote
dog,,nɪkːa,small,,nɪkːa,Appendix B Batote wordlist; elicited 11 April 2005,"brightbill-turner2007dogri[Appendix B, printed p. 27, item 143, Batote]",,,sildogri2007:g143:sil-dogri-2007-batote:i1,,,,dialect:dog:sil-dogri-2007-batote:Batote
dog,,paːɾə,heavy,,paːɾə,Appendix B Batote wordlist; elicited 11 April 2005,"brightbill-turner2007dogri[Appendix B, printed p. 27, item 144, Batote]",,,sildogri2007:g144:sil-dogri-2007-batote:i1,,,,dialect:dog:sil-dogri-2007-batote:Batote
dog,,olə,light,,olə,Appendix B Batote wordlist; elicited 11 April 2005,"brightbill-turner2007dogri[Appendix B, printed p. 27, item 145, Batote]",,,sildogri2007:g145:sil-dogri-2007-batote:i1,,,,dialect:dog:sil-dogri-2007-batote:Batote
dog,,ʊpːəɾ,above,,ʊpːəɾ,Appendix B Batote wordlist; elicited 11 April 2005,"brightbill-turner2007dogri[Appendix B, printed p. 27, item 146, Batote]",,,sildogri2007:g146:sil-dogri-2007-batote:i1,,,,dialect:dog:sil-dogri-2007-batote:Batote
dog,,"kʰal, tʰəlɛ",below,,"kʰal, tʰəlɛ",Appendix B Batote wordlist; elicited 11 April 2005,"brightbill-turner2007dogri[Appendix B, printed p. 27, item 147, Batote]",,,sildogri2007:g147:sil-dogri-2007-batote:i1,,,,dialect:dog:sil-dogri-2007-batote:Batote
dog,,t͡ʃɪʈːə,white,,t͡ʃɪʈːə,Appendix B Batote wordlist; elicited 11 April 2005,"brightbill-turner2007dogri[Appendix B, printed p. 27, item 148, Batote]",,,sildogri2007:g148:sil-dogri-2007-batote:i1,,,,dialect:dog:sil-dogri-2007-batote:Batote
dog,,kaːla,black,,kaːla,Appendix B Batote wordlist; elicited 11 April 2005,"brightbill-turner2007dogri[Appendix B, printed p. 27, item 149, Batote]",,,sildogri2007:g149:sil-dogri-2007-batote:i1,,,,dialect:dog:sil-dogri-2007-batote:Batote
dog,,"laːl, sʊəɾk",red,,"laːl, sʊəɾk",Appendix B Batote wordlist; elicited 11 April 2005,"brightbill-turner2007dogri[Appendix B, printed p. 27, item 150, Batote]",,,sildogri2007:g150:sil-dogri-2007-batote:i1,,,,dialect:dog:sil-dogri-2007-batote:Batote
dog,,ɛk,one,,ɛk,Appendix B Batote wordlist; elicited 11 April 2005,"brightbill-turner2007dogri[Appendix B, printed p. 27, item 151, Batote]",,,sildogri2007:g151:sil-dogri-2007-batote:i1,,,,dialect:dog:sil-dogri-2007-batote:Batote
dog,,do,two,,do,Appendix B Batote wordlist; elicited 11 April 2005,"brightbill-turner2007dogri[Appendix B, printed p. 27, item 152, Batote]",,,sildogri2007:g152:sil-dogri-2007-batote:i1,,,,dialect:dog:sil-dogri-2007-batote:Batote
dog,,trɛ,three,,trɛ,Appendix B Batote wordlist; elicited 11 April 2005,"brightbill-turner2007dogri[Appendix B, printed p. 27, item 153, Batote]",,,sildogri2007:g153:sil-dogri-2007-batote:i1,,,,dialect:dog:sil-dogri-2007-batote:Batote
dog,,t͡ʃaːɾ,four,,t͡ʃaːɾ,Appendix B Batote wordlist; elicited 11 April 2005,"brightbill-turner2007dogri[Appendix B, printed p. 28, item 154, Batote]",,,sildogri2007:g154:sil-dogri-2007-batote:i1,,,,dialect:dog:sil-dogri-2007-batote:Batote
dog,,pãd͡ʒ,five,,pãd͡ʒ,Appendix B Batote wordlist; elicited 11 April 2005,"brightbill-turner2007dogri[Appendix B, printed p. 28, item 155, Batote]",,,sildogri2007:g155:sil-dogri-2007-batote:i1,,,,dialect:dog:sil-dogri-2007-batote:Batote
dog,,t͡ʃʰɛ,six,,t͡ʃʰɛ,Appendix B Batote wordlist; elicited 11 April 2005,"brightbill-turner2007dogri[Appendix B, printed p. 28, item 156, Batote]",,,sildogri2007:g156:sil-dogri-2007-batote:i1,,,,dialect:dog:sil-dogri-2007-batote:Batote
dog,,sat,seven,,sat,Appendix B Batote wordlist; elicited 11 April 2005,"brightbill-turner2007dogri[Appendix B, printed p. 28, item 157, Batote]",,,sildogri2007:g157:sil-dogri-2007-batote:i1,,,,dialect:dog:sil-dogri-2007-batote:Batote
dog,,aʈʰ,eight,,aʈʰ,Appendix B Batote wordlist; elicited 11 April 2005,"brightbill-turner2007dogri[Appendix B, printed p. 28, item 158, Batote]",,,sildogri2007:g158:sil-dogri-2007-batote:i1,,,,dialect:dog:sil-dogri-2007-batote:Batote
dog,,nɔ,nine,,nɔ,Appendix B Batote wordlist; elicited 11 April 2005,"brightbill-turner2007dogri[Appendix B, printed p. 28, item 159, Batote]",,,sildogri2007:g159:sil-dogri-2007-batote:i1,,,,dialect:dog:sil-dogri-2007-batote:Batote
dog,,dəs,ten,,dəs,Appendix B Batote wordlist; elicited 11 April 2005,"brightbill-turner2007dogri[Appendix B, printed p. 28, item 160, Batote]",,,sildogri2007:g160:sil-dogri-2007-batote:i1,,,,dialect:dog:sil-dogri-2007-batote:Batote
dog,,d͡ʒaɾə,eleven,,d͡ʒaɾə,Appendix B Batote wordlist; elicited 11 April 2005,"brightbill-turner2007dogri[Appendix B, printed p. 28, item 161, Batote]",,,sildogri2007:g161:sil-dogri-2007-batote:i1,,,,dialect:dog:sil-dogri-2007-batote:Batote
dog,,baːɾə,twelve,,baːɾə,Appendix B Batote wordlist; elicited 11 April 2005,"brightbill-turner2007dogri[Appendix B, printed p. 28, item 162, Batote]",,,sildogri2007:g162:sil-dogri-2007-batote:i1,,,,dialect:dog:sil-dogri-2007-batote:Batote
dog,,bi,twenty,,bi,Appendix B Batote wordlist; elicited 11 April 2005,"brightbill-turner2007dogri[Appendix B, printed p. 28, item 163, Batote]",,,sildogri2007:g163:sil-dogri-2007-batote:i1,,,,dialect:dog:sil-dogri-2007-batote:Batote
dog,,so,one hundred,,so,Appendix B Batote wordlist; elicited 11 April 2005,"brightbill-turner2007dogri[Appendix B, printed p. 28, item 164, Batote]",,,sildogri2007:g164:sil-dogri-2007-batote:i1,,,,dialect:dog:sil-dogri-2007-batote:Batote
dog,,kɔɳ,who?,,kɔɳ,Appendix B Batote wordlist; elicited 11 April 2005,"brightbill-turner2007dogri[Appendix B, printed p. 28, item 165, Batote]",,,sildogri2007:g165:sil-dogri-2007-batote:i1,,,,dialect:dog:sil-dogri-2007-batote:Batote
dog,,kɛ,what?,,kɛ,Appendix B Batote wordlist; elicited 11 April 2005,"brightbill-turner2007dogri[Appendix B, printed p. 28, item 166, Batote]",,,sildogri2007:g166:sil-dogri-2007-batote:i1,,,,dialect:dog:sil-dogri-2007-batote:Batote
dog,,kʊʈʰɛ,where?,,kʊʈʰɛ,Appendix B Batote wordlist; elicited 11 April 2005,"brightbill-turner2007dogri[Appendix B, printed p. 28, item 167, Batote]",,,sildogri2007:g167:sil-dogri-2007-batote:i1,,,,dialect:dog:sil-dogri-2007-batote:Batote
dog,,"kəɖʊ, kɛlnʊ",when?,,"kəɖʊ, kɛlnʊ",Appendix B Batote wordlist; elicited 11 April 2005,"brightbill-turner2007dogri[Appendix B, printed p. 28, item 168, Batote]",,,sildogri2007:g168:sil-dogri-2007-batote:i1,,,,dialect:dog:sil-dogri-2007-batote:Batote
dog,,kɪnːa,how many?,,kɪnːa,Appendix B Batote wordlist; elicited 11 April 2005,"brightbill-turner2007dogri[Appendix B, printed p. 28, item 169, Batote]",,,sildogri2007:g169:sil-dogri-2007-batote:i1,,,,dialect:dog:sil-dogri-2007-batote:Batote
dog,,kənɛja,what kind?,,kənɛja,Appendix B Batote wordlist; elicited 11 April 2005,"brightbill-turner2007dogri[Appendix B, printed p. 28, item 170, Batote]",,,sildogri2007:g170:sil-dogri-2007-batote:i1,,,,dialect:dog:sil-dogri-2007-batote:Batote
dog,,ɛ,this,,ɛ,Appendix B Batote wordlist; elicited 11 April 2005,"brightbill-turner2007dogri[Appendix B, printed p. 28, item 171, Batote]",,,sildogri2007:g171:sil-dogri-2007-batote:i1,,,,dialect:dog:sil-dogri-2007-batote:Batote
dog,,o,that,,o,Appendix B Batote wordlist; elicited 11 April 2005,"brightbill-turner2007dogri[Appendix B, printed p. 28, item 172, Batote]",,,sildogri2007:g172:sil-dogri-2007-batote:i1,,,,dialect:dog:sil-dogri-2007-batote:Batote
dog,,jɛ,these,,jɛ,Appendix B Batote wordlist; elicited 11 April 2005,"brightbill-turner2007dogri[Appendix B, printed p. 28, item 173, Batote]",,,sildogri2007:g173:sil-dogri-2007-batote:i1,,,,dialect:dog:sil-dogri-2007-batote:Batote
dog,,o,those,,o,Appendix B Batote wordlist; elicited 11 April 2005,"brightbill-turner2007dogri[Appendix B, printed p. 28, item 174, Batote]",,,sildogri2007:g174:sil-dogri-2007-batote:i1,,,,dialect:dog:sil-dogri-2007-batote:Batote
dog,,ɛkɛnɪja,same (like),,ɛkɛnɪja,Appendix B Batote wordlist; elicited 11 April 2005,"brightbill-turner2007dogri[Appendix B, printed p. 28, item 175, Batote]",,,sildogri2007:g175:sil-dogri-2007-batote:i1,,,,dialect:dog:sil-dogri-2007-batote:Batote
dog,,"fəɾk, bakʰɾə",different (other),,"fəɾk, bakʰɾə",Appendix B Batote wordlist; elicited 11 April 2005,"brightbill-turner2007dogri[Appendix B, printed p. 28, item 176, Batote]",,,sildogri2007:g176:sil-dogri-2007-batote:i1,,,,dialect:dog:sil-dogri-2007-batote:Batote
dog,,səbuːt,whole (unbroken),,səbuːt,Appendix B Batote wordlist; elicited 11 April 2005,"brightbill-turner2007dogri[Appendix B, printed p. 28, item 177, Batote]",,,sildogri2007:g177:sil-dogri-2007-batote:i1,,,,dialect:dog:sil-dogri-2007-batote:Batote
dog,,pəd͡ʒɪja,broken (pot),,pəd͡ʒɪja,Appendix B Batote wordlist; elicited 11 April 2005,"brightbill-turner2007dogri[Appendix B, printed p. 28, item 178, Batote]",,,sildogri2007:g178:sil-dogri-2007-batote:i1,,,,dialect:dog:sil-dogri-2007-batote:Batote
dog,,"kəʈ, keʃ",few,,"kəʈ, keʃ",Appendix B Batote wordlist; elicited 11 April 2005,"brightbill-turner2007dogri[Appendix B, printed p. 28, item 179, Batote]",,,sildogri2007:g179:sil-dogri-2007-batote:i1,,,,dialect:dog:sil-dogri-2007-batote:Batote
dog,,d͡ʒjadə,many,,d͡ʒjadə,Appendix B Batote wordlist; elicited 11 April 2005,"brightbill-turner2007dogri[Appendix B, printed p. 28, item 180, Batote]",,,sildogri2007:g180:sil-dogri-2007-batote:i1,,,,dialect:dog:sil-dogri-2007-batote:Batote
dog,,saːɾɛ,all,,saːɾɛ,Appendix B Batote wordlist; elicited 11 April 2005,"brightbill-turner2007dogri[Appendix B, printed p. 28, item 181, Batote]",,,sildogri2007:g181:sil-dogri-2007-batote:i1,,,,dialect:dog:sil-dogri-2007-batote:Batote
dog,,pokʰ laɡi,he is hungry,,pokʰ laɡi,Appendix B Batote wordlist; elicited 11 April 2005,"brightbill-turner2007dogri[Appendix B, printed p. 28, item 182, Batote]",,,sildogri2007:g182:sil-dogri-2007-batote:i1,,,,dialect:dog:sil-dogri-2007-batote:Batote
dog,,trɛ laɡi,he is thirsty,,trɛ laɡi,Appendix B Batote wordlist; elicited 11 April 2005,"brightbill-turner2007dogri[Appendix B, printed p. 28, item 183, Batote]",,,sildogri2007:g183:sil-dogri-2007-batote:i1,,,,dialect:dog:sil-dogri-2007-batote:Batote
dog,,pija da,he is drinking,,pija da,Appendix B Batote wordlist; elicited 11 April 2005,"brightbill-turner2007dogri[Appendix B, printed p. 28, item 184, Batote]",,,sildogri2007:g184:sil-dogri-2007-batote:i1,,,,dialect:dog:sil-dogri-2007-batote:Batote
dog,,sʊtːəɖa,he is sleeping,,sʊtːəɖa,Appendix B Batote wordlist; elicited 11 April 2005,"brightbill-turner2007dogri[Appendix B, printed p. 28, item 185, Batote]",,,sildogri2007:g185:sil-dogri-2007-batote:i1,,,,dialect:dog:sil-dogri-2007-batote:Batote
dog,,d͡ʒələɡa,it is burning,,d͡ʒələɡa,Appendix B Batote wordlist; elicited 11 April 2005,"brightbill-turner2007dogri[Appendix B, printed p. 28, item 186, Batote]",,,sildogri2007:g186:sil-dogri-2007-batote:i1,,,,dialect:dog:sil-dogri-2007-batote:Batote
dog,,ʊɖɾəvə,it is flying,,ʊɖɾəvə,Appendix B Batote wordlist; elicited 11 April 2005,"brightbill-turner2007dogri[Appendix B, printed p. 28, item 187, Batote]",,,sildogri2007:g187:sil-dogri-2007-batote:i1,,,,dialect:dog:sil-dogri-2007-batote:Batote
dog,,suːnədə,he is listening,,suːnədə,Appendix B Batote wordlist; elicited 11 April 2005,"brightbill-turner2007dogri[Appendix B, printed p. 28, item 188, Batote]",,,sildogri2007:g188:sil-dogri-2007-batote:i1,,,,dialect:dog:sil-dogri-2007-batote:Batote
dog,,baɖɪja,it (the dog) bit,,baɖɪja,Appendix B Batote wordlist; elicited 11 April 2005,"brightbill-turner2007dogri[Appendix B, printed p. 28, item 189, Batote]",,,sildogri2007:g189:sil-dogri-2007-batote:i1,,,,dialect:dog:sil-dogri-2007-batote:Batote
dog,,lɛʈɛda,he lay down,,lɛʈɛda,Appendix B Batote wordlist; elicited 11 April 2005,"brightbill-turner2007dogri[Appendix B, printed p. 28, item 190, Batote]",,,sildogri2007:g190:sil-dogri-2007-batote:i1,,,,dialect:dog:sil-dogri-2007-batote:Batote
dog,,maɾʊɖɪja,he killed,,maɾʊɖɪja,Appendix B Batote wordlist; elicited 11 April 2005,"brightbill-turner2007dogri[Appendix B, printed p. 28, item 191, Batote]",,,sildogri2007:g191:sil-dogri-2007-batote:i1,,,,dialect:dog:sil-dogri-2007-batote:Batote
dog,,məɾ ɡja,he died,,məɾ ɡja,Appendix B Batote wordlist; elicited 11 April 2005,"brightbill-turner2007dogri[Appendix B, printed p. 28, item 192, Batote]",,,sildogri2007:g192:sil-dogri-2007-batote:i1,,,,dialect:dog:sil-dogri-2007-batote:Batote
dog,,dɪkʰɪja,he saw,,dɪkʰɪja,Appendix B Batote wordlist; elicited 11 April 2005,"brightbill-turner2007dogri[Appendix B, printed p. 28, item 193, Batote]",,,sildogri2007:g193:sil-dogri-2007-batote:i1,,,,dialect:dog:sil-dogri-2007-batote:Batote
dog,,kʰajɛ,eat!,,kʰajɛ,Appendix B Batote wordlist; elicited 11 April 2005,"brightbill-turner2007dogri[Appendix B, printed p. 28, item 194, Batote]",,,sildogri2007:g194:sil-dogri-2007-batote:i1,,,,dialect:dog:sil-dogri-2007-batote:Batote
dog,,bo,sit down!,,bo,Appendix B Batote wordlist; elicited 11 April 2005,"brightbill-turner2007dogri[Appendix B, printed p. 28, item 195, Batote]",,,sildogri2007:g195:sil-dogri-2007-batote:i1,,,,dialect:dog:sil-dogri-2007-batote:Batote
dog,,"dɛ, dɛo",give!,,"dɛ, dɛo",Appendix B Batote wordlist; elicited 11 April 2005,"brightbill-turner2007dogri[Appendix B, printed p. 28, item 196, Batote]",,,sildogri2007:g196:sil-dogri-2007-batote:i1,,,,dialect:dog:sil-dogri-2007-batote:Batote
dog,,t͡ʃəl,walk!,,t͡ʃəl,Appendix B Batote wordlist; elicited 11 April 2005,"brightbill-turner2007dogri[Appendix B, printed p. 28, item 197, Batote]",,,sildogri2007:g197:sil-dogri-2007-batote:i1,,,,dialect:dog:sil-dogri-2007-batote:Batote
dog,,"dɔɽ, dɔɽɪjɛ",run!,,"dɔɽ, dɔɽɪjɛ",Appendix B Batote wordlist; elicited 11 April 2005,"brightbill-turner2007dogri[Appendix B, printed p. 28, item 198, Batote]",,,sildogri2007:g198:sil-dogri-2007-batote:i1,,,,dialect:dog:sil-dogri-2007-batote:Batote
dog,,d͡ʒao,go!,,d͡ʒao,Appendix B Batote wordlist; elicited 11 April 2005,"brightbill-turner2007dogri[Appendix B, printed p. 28, item 199, Batote]",,,sildogri2007:g199:sil-dogri-2007-batote:i1,,,,dialect:dog:sil-dogri-2007-batote:Batote
dog,,ao,come!,,ao,Appendix B Batote wordlist; elicited 11 April 2005,"brightbill-turner2007dogri[Appendix B, printed p. 28, item 200, Batote]",,,sildogri2007:g200:sil-dogri-2007-batote:i1,,,,dialect:dog:sil-dogri-2007-batote:Batote
dog,,bolo,speak!,,bolo,Appendix B Batote wordlist; elicited 11 April 2005,"brightbill-turner2007dogri[Appendix B, printed p. 28, item 201, Batote]",,,sildogri2007:g201:sil-dogri-2007-batote:i1,,,,dialect:dog:sil-dogri-2007-batote:Batote
dog,,aũ,I (1 sg.),,aũ,Appendix B Batote wordlist; elicited 11 April 2005,"brightbill-turner2007dogri[Appendix B, printed p. 28, item 202, Batote]",,,sildogri2007:g202:sil-dogri-2007-batote:i1,,,,dialect:dog:sil-dogri-2007-batote:Batote
dog,,tũ,you (2 sg. informal),,tũ,Appendix B Batote wordlist; elicited 11 April 2005,"brightbill-turner2007dogri[Appendix B, printed p. 28, item 203, Batote]",,,sildogri2007:g203:sil-dogri-2007-batote:i1,,,,dialect:dog:sil-dogri-2007-batote:Batote
dog,,tʊs,you (2 sg. formal),,tʊs,Appendix B Batote wordlist; elicited 11 April 2005,"brightbill-turner2007dogri[Appendix B, printed p. 28, item 204, Batote]",,,sildogri2007:g204:sil-dogri-2007-batote:i1,,,,dialect:dog:sil-dogri-2007-batote:Batote
dog,,o,he (3 sg. masc),,o,Appendix B Batote wordlist; elicited 11 April 2005,"brightbill-turner2007dogri[Appendix B, printed p. 28, item 205, Batote]",,,sildogri2007:g205:sil-dogri-2007-batote:i1,,,,dialect:dog:sil-dogri-2007-batote:Batote
dog,,o,she (3 sg. fem),,o,Appendix B Batote wordlist; elicited 11 April 2005,"brightbill-turner2007dogri[Appendix B, printed p. 28, item 206, Batote]",,,sildogri2007:g206:sil-dogri-2007-batote:i1,,,,dialect:dog:sil-dogri-2007-batote:Batote
dog,,əs,we,,əs,Appendix B Batote wordlist; elicited 11 April 2005,"brightbill-turner2007dogri[Appendix B, printed p. 28, item 207, Batote]",,,sildogri2007:g207:sil-dogri-2007-batote:i1,,,,dialect:dog:sil-dogri-2007-batote:Batote
dog,,əs dɔʊɛ,we (two),,əs dɔʊɛ,Appendix B Batote wordlist; elicited 11 April 2005,"brightbill-turner2007dogri[Appendix B, printed p. 28, item 208, Batote]",,,sildogri2007:g208:sil-dogri-2007-batote:i1,,,,dialect:dog:sil-dogri-2007-batote:Batote
dog,,tʊs lok,you (2 pl.),,tʊs lok,Appendix B Batote wordlist; elicited 11 April 2005,"brightbill-turner2007dogri[Appendix B, printed p. 28, item 209, Batote]",,,sildogri2007:g209:sil-dogri-2007-batote:i1,,,,dialect:dog:sil-dogri-2007-batote:Batote
dog,,vɛ,they (3 pl.),,vɛ,Appendix B Batote wordlist; elicited 11 April 2005,"brightbill-turner2007dogri[Appendix B, printed p. 28, item 210, Batote]",,,sildogri2007:g210:sil-dogri-2007-batote:i1,,,,dialect:dog:sil-dogri-2007-batote:Batote
