Item	Gloss	Site_Code	Site_Name	PDF_Page	Printed_Page	Column	Manual_Transcription	Source_Cognate_Labels	Review_Status	Confidence	Uncertainty	Reviewer_Method	Reviewed_At	Reviewer_Declaration
109	older sister	NCH	Noiri-Chillare	56	50	left	ɖʌji bɔʔhĩ	4	attested	high		manual visual inspection of 400-dpi rendered PDF page	2026-08-28	hand-keyed-from-rendered-source; OCR-not-copied
109	older sister	NPN	Noiri-Pannali	56	50	left	oɖu bɔʔhi	3	attested	high		manual visual inspection of 400-dpi rendered PDF page	2026-08-28	hand-keyed-from-rendered-source; OCR-not-copied
109	older sister	NAS	Noiri-Astambha	56	50	left	woɖiboʔhĩ	3	attested	high		manual visual inspection of 400-dpi rendered PDF page	2026-08-28	hand-keyed-from-rendered-source; OCR-not-copied
109	older sister	NGO	Noiri-Gomon	56	50	left	voɖi boihʔi	3	attested	high		manual visual inspection of 400-dpi rendered PDF page	2026-08-28	hand-keyed-from-rendered-source; OCR-not-copied
109	older sister	BMU	Barutiya-Mutalwad	56	50	left	aoɖi boʔhĩ | ɖʌji boʔhĩ	3 | 4	attested	high		manual visual inspection of 400-dpi rendered PDF page	2026-08-28	hand-keyed-from-rendered-source; OCR-not-copied
109	older sister	DBM	Dungra Bhili-Mathwad	56	50	right	oɖi bɔʔhĩ | ɖʌiru bɔʔhĩ	3 | 4	attested	high		manual visual inspection of 400-dpi rendered PDF page	2026-08-28	hand-keyed-from-rendered-source; OCR-not-copied
109	older sister	DBA	Dungra Bhili-Ambadungar	56	50	right	baje	6	attested	high		manual visual inspection of 400-dpi rendered PDF page	2026-08-28	hand-keyed-from-rendered-source; OCR-not-copied
109	older sister	NTO	Nahali-Toranmal	56	50	right	ɖawali bai | ɖawali bai | ɖawali boɳli	6 | 8 | 8	attested	high		manual visual inspection of 400-dpi rendered PDF page	2026-08-28	hand-keyed-from-rendered-source; OCR-not-copied
109	older sister	KNA	Kotli-Narayanpur	56	50	right	moʈi bʌhʌis	7	attested	high		manual visual inspection of 400-dpi rendered PDF page	2026-08-28	hand-keyed-from-rendered-source; OCR-not-copied
109	older sister	KTA	Kotli-Taradi	56	50	right	moʈi baj | moʈi baj	6 | 7	attested	high		manual visual inspection of 400-dpi rendered PDF page	2026-08-28	hand-keyed-from-rendered-source; OCR-not-copied
109	older sister	GTA	Gujari-Taradi	56	50	right	moʈi ben	7	attested	high		manual visual inspection of 400-dpi rendered PDF page	2026-08-28	hand-keyed-from-rendered-source; OCR-not-copied
109	older sister	GUJ	Gujarati	56	50	right	moʈiben	7	attested	high		manual visual inspection of 400-dpi rendered PDF page	2026-08-28	hand-keyed-from-rendered-source; OCR-not-copied
109	older sister	MAR	Marati	56	50	right	woɖibʌ-hiɳ	3	attested	high		manual visual inspection of 400-dpi rendered PDF page	2026-08-28	hand-keyed-from-rendered-source; OCR-not-copied
109	older sister	HIN	Hindi	56	50	right	ɖiɖi | bəɖibəhin	1 | 2	attested	high		manual visual inspection of 400-dpi rendered PDF page	2026-08-28	hand-keyed-from-rendered-source; OCR-not-copied
109	older sister	NTE	Nahali-Tembhi	56	50	right	bʌi | bʌi	6 | 7	attested	high		manual visual inspection of 400-dpi rendered PDF page	2026-08-28	hand-keyed-from-rendered-source; OCR-not-copied
109	older sister	TKO	Tukaithad-Korku	56	50	right	bokodʒʌi	9	attested	high		manual visual inspection of 400-dpi rendered PDF page	2026-08-28	hand-keyed-from-rendered-source; OCR-not-copied
109	older sister	NJA	Nihali-Jamod	56	50	right	baji	6	attested	high		manual visual inspection of 400-dpi rendered PDF page	2026-08-28	hand-keyed-from-rendered-source; OCR-not-copied
110	younger sister	NCH	Noiri-Chillare	56	50	right	aiʈi bɔʔhĩ	4	attested	high		manual visual inspection of 400-dpi rendered PDF page	2026-08-28	hand-keyed-from-rendered-source; OCR-not-copied
110	younger sister	NPN	Noiri-Pannali	56	50	right	aiʈi bɔʔhi	4	attested	high		manual visual inspection of 400-dpi rendered PDF page	2026-08-28	hand-keyed-from-rendered-source; OCR-not-copied
110	younger sister	NAS	Noiri-Astambha	56	50	right	haɳiboʔhĩ | haɳiboʔhĩ	2 | 4	attested	high		manual visual inspection of 400-dpi rendered PDF page	2026-08-28	hand-keyed-from-rendered-source; OCR-not-copied
110	younger sister	NGO	Noiri-Gomon	56	50	right	aiʈi boihʔi	4	attested	high		manual visual inspection of 400-dpi rendered PDF page	2026-08-28	hand-keyed-from-rendered-source; OCR-not-copied
110	younger sister	BMU	Barutiya-Mutalwad	56	50	right	haɳi boʔhĩ | haɳi boʔhĩ	2 | 4	attested	high		manual visual inspection of 400-dpi rendered PDF page	2026-08-28	hand-keyed-from-rendered-source; OCR-not-copied
110	younger sister	DBM	Dungra Bhili-Mathwad	56	50	right	ʌiʈi bɔʔhĩ	4	attested	high		manual visual inspection of 400-dpi rendered PDF page	2026-08-28	hand-keyed-from-rendered-source; OCR-not-copied
110	younger sister	DBA	Dungra Bhili-Ambadungar	56	50	right	ajiʈibɔjiʔ-hi	4	attested	high		manual visual inspection of 400-dpi rendered PDF page	2026-08-28	hand-keyed-from-rendered-source; OCR-not-copied
110	younger sister	NTO	Nahali-Toranmal	56	50	right	aʈʌlio bai | aʈʌlio boɳli	1 | 1	attested	high		manual visual inspection of 400-dpi rendered PDF page	2026-08-28	hand-keyed-from-rendered-source; OCR-not-copied
110	younger sister	KNA	Kotli-Narayanpur	56	50	right	nʌhʌi bʌhʌis	3	attested	high		manual visual inspection of 400-dpi rendered PDF page	2026-08-28	hand-keyed-from-rendered-source; OCR-not-copied
110	younger sister	KTA	Kotli-Taradi	56	50	right	nani baj | nani baj	2 | 7	attested	high		manual visual inspection of 400-dpi rendered PDF page	2026-08-28	hand-keyed-from-rendered-source; OCR-not-copied
110	younger sister	GTA	Gujari-Taradi	56	50	right	nʌnɖiɖi ben	2	attested	high		manual visual inspection of 400-dpi rendered PDF page	2026-08-28	hand-keyed-from-rendered-source; OCR-not-copied
110	younger sister	GUJ	Gujarati	56	50	right	naniben | naniben	2 | 8	attested	high		manual visual inspection of 400-dpi rendered PDF page	2026-08-28	hand-keyed-from-rendered-source; OCR-not-copied
110	younger sister	MAR	Marati	56	50	right	lahan-bhʌhin | lahan-bhʌhin	3 | 8	attested	high		manual visual inspection of 400-dpi rendered PDF page	2026-08-28	hand-keyed-from-rendered-source; OCR-not-copied
110	younger sister	HIN	Hindi	56	50	right	tʃoʈibəhin | tʃoʈibəhin	2 | 8	attested	high		manual visual inspection of 400-dpi rendered PDF page	2026-08-28	hand-keyed-from-rendered-source; OCR-not-copied
110	younger sister	NTE	Nahali-Tembhi	56	50	right	boko	6	attested	high		manual visual inspection of 400-dpi rendered PDF page	2026-08-28	hand-keyed-from-rendered-source; OCR-not-copied
110	younger sister	TKO	Tukaithad-Korku	57	51	left	bokodʒʌi	6	attested	high		manual visual inspection of 400-dpi rendered PDF page	2026-08-28	hand-keyed-from-rendered-source; OCR-not-copied
110	younger sister	NJA	Nihali-Jamod	57	51	left	baji	7	attested	high		manual visual inspection of 400-dpi rendered PDF page	2026-08-28	hand-keyed-from-rendered-source; OCR-not-copied
111	son	NCH	Noiri-Chillare	57	51	left	sɔʔu	1	attested	high		manual visual inspection of 400-dpi rendered PDF page	2026-08-28	hand-keyed-from-rendered-source; OCR-not-copied
111	son	NPN	Noiri-Pannali	57	51	left	sɔʔu	1	attested	high		manual visual inspection of 400-dpi rendered PDF page	2026-08-28	hand-keyed-from-rendered-source; OCR-not-copied
111	son	NAS	Noiri-Astambha	57	51	left	sɔʔu | poriu	1 | 3	attested	high		manual visual inspection of 400-dpi rendered PDF page	2026-08-28	hand-keyed-from-rendered-source; OCR-not-copied
111	son	NGO	Noiri-Gomon	57	51	left	suʔa | pouʔija | pouʔija	1 | 3 | 8	attested	high		manual visual inspection of 400-dpi rendered PDF page	2026-08-28	hand-keyed-from-rendered-source; OCR-not-copied
111	son	BMU	Barutiya-Mutalwad	57	51	left	soʔo | poiu	1 | 3	attested	high		manual visual inspection of 400-dpi rendered PDF page	2026-08-28	hand-keyed-from-rendered-source; OCR-not-copied
111	son	DBM	Dungra Bhili-Mathwad	57	51	left	suʔu	1	attested	high		manual visual inspection of 400-dpi rendered PDF page	2026-08-28	hand-keyed-from-rendered-source; OCR-not-copied
111	son	DBA	Dungra Bhili-Ambadungar	57	51	left	swʊ	1	attested	high		manual visual inspection of 400-dpi rendered PDF page	2026-08-28	hand-keyed-from-rendered-source; OCR-not-copied
111	son	NTO	Nahali-Toranmal	57	51	left	ʂero	1	attested	high		manual visual inspection of 400-dpi rendered PDF page	2026-08-28	hand-keyed-from-rendered-source; OCR-not-copied
111	son	KNA	Kotli-Narayanpur	57	51	left	porija | porija	3 | 8	attested	high		manual visual inspection of 400-dpi rendered PDF page	2026-08-28	hand-keyed-from-rendered-source; OCR-not-copied
111	son	KTA	Kotli-Taradi	57	51	left	porija | porija	3 | 8	attested	high		manual visual inspection of 400-dpi rendered PDF page	2026-08-28	hand-keyed-from-rendered-source; OCR-not-copied
111	son	GTA	Gujari-Taradi	57	51	left	tʃokiri	4	attested	high		manual visual inspection of 400-dpi rendered PDF page	2026-08-28	hand-keyed-from-rendered-source; OCR-not-copied
111	son	GUJ	Gujarati	57	51	left	puʈəra | ɖikəro | tʃokro	2 | 4 | 4	attested	high		manual visual inspection of 400-dpi rendered PDF page	2026-08-28	hand-keyed-from-rendered-source; OCR-not-copied
111	son	MAR	Marati	57	51	left	puʈrʌ | mulga	2 | 6	attested	high		manual visual inspection of 400-dpi rendered PDF page	2026-08-28	hand-keyed-from-rendered-source; OCR-not-copied
111	son	HIN	Hindi	57	51	left	beʈa	5	attested	high		manual visual inspection of 400-dpi rendered PDF page	2026-08-28	hand-keyed-from-rendered-source; OCR-not-copied
111	son	NTE	Nahali-Tembhi	57	51	left	ɖokekoɳ	7	attested	high		manual visual inspection of 400-dpi rendered PDF page	2026-08-28	hand-keyed-from-rendered-source; OCR-not-copied
111	son	TKO	Tukaithad-Korku	57	51	left	koɳ	7	attested	high		manual visual inspection of 400-dpi rendered PDF page	2026-08-28	hand-keyed-from-rendered-source; OCR-not-copied
111	son	NJA	Nihali-Jamod	57	51	left	nʌnʌ	8	attested	high		manual visual inspection of 400-dpi rendered PDF page	2026-08-28	hand-keyed-from-rendered-source; OCR-not-copied
112	daughter	NCH	Noiri-Chillare	57	51	left	sɔʔi	1	attested	high		manual visual inspection of 400-dpi rendered PDF page	2026-08-28	hand-keyed-from-rendered-source; OCR-not-copied
112	daughter	NPN	Noiri-Pannali	57	51	left	sɔʔi	1	attested	high		manual visual inspection of 400-dpi rendered PDF page	2026-08-28	hand-keyed-from-rendered-source; OCR-not-copied
112	daughter	NAS	Noiri-Astambha	57	51	left	sɔʔi | pori | pori	1 | 7 | 10	attested	high		manual visual inspection of 400-dpi rendered PDF page	2026-08-28	hand-keyed-from-rendered-source; OCR-not-copied
112	daughter	NGO	Noiri-Gomon	57	51	left	suʔi | sui | poiri | poiri	1 | 1 | 3 | 7	attested	high		manual visual inspection of 400-dpi rendered PDF page	2026-08-28	hand-keyed-from-rendered-source; OCR-not-copied
112	daughter	BMU	Barutiya-Mutalwad	57	51	left	sɔʔi | pori | pori	1 | 7 | 10	attested	high		manual visual inspection of 400-dpi rendered PDF page	2026-08-28	hand-keyed-from-rendered-source; OCR-not-copied
112	daughter	DBM	Dungra Bhili-Mathwad	57	51	left	suʔi	1	attested	high		manual visual inspection of 400-dpi rendered PDF page	2026-08-28	hand-keyed-from-rendered-source; OCR-not-copied
112	daughter	DBA	Dungra Bhili-Ambadungar	57	51	left	sʊi	1	attested	high		manual visual inspection of 400-dpi rendered PDF page	2026-08-28	hand-keyed-from-rendered-source; OCR-not-copied
112	daughter	NTO	Nahali-Toranmal	57	51	left	ʂori | ʂori	1 | 10	attested	high		manual visual inspection of 400-dpi rendered PDF page	2026-08-28	hand-keyed-from-rendered-source; OCR-not-copied
112	daughter	KNA	Kotli-Narayanpur	57	51	left	poʈi	7	attested	high		manual visual inspection of 400-dpi rendered PDF page	2026-08-28	hand-keyed-from-rendered-source; OCR-not-copied
112	daughter	KTA	Kotli-Taradi	57	51	left	poʈi	7	attested	high		manual visual inspection of 400-dpi rendered PDF page	2026-08-28	hand-keyed-from-rendered-source; OCR-not-copied
112	daughter	GTA	Gujari-Taradi	57	51	left	tʃokiri	2	attested	high		manual visual inspection of 400-dpi rendered PDF page	2026-08-28	hand-keyed-from-rendered-source; OCR-not-copied
112	daughter	GUJ	Gujarati	57	51	left	ɖikəri | tʃokri | puʈəri	2 | 2 | 3	attested	high		manual visual inspection of 400-dpi rendered PDF page	2026-08-28	hand-keyed-from-rendered-source; OCR-not-copied
112	daughter	MAR	Marati	57	51	right	kʌnju | mulgi	5 | 6	attested	high		manual visual inspection of 400-dpi rendered PDF page	2026-08-28	hand-keyed-from-rendered-source; OCR-not-copied
112	daughter	HIN	Hindi	57	51	right	puʈri | beʈi	3 | 4	attested	high		manual visual inspection of 400-dpi rendered PDF page	2026-08-28	hand-keyed-from-rendered-source; OCR-not-copied
112	daughter	NTE	Nahali-Tembhi	57	51	right	koɳ	9	attested	high		manual visual inspection of 400-dpi rendered PDF page	2026-08-28	hand-keyed-from-rendered-source; OCR-not-copied
112	daughter	TKO	Tukaithad-Korku	57	51	right	kondʒʌi	9	attested	high		manual visual inspection of 400-dpi rendered PDF page	2026-08-28	hand-keyed-from-rendered-source; OCR-not-copied
112	daughter	NJA	Nihali-Jamod	57	51	right	piridʒo	8	attested	high		manual visual inspection of 400-dpi rendered PDF page	2026-08-28	hand-keyed-from-rendered-source; OCR-not-copied
113	husband	NCH	Noiri-Chillare	57	51	right	ɖɔhu	4	attested	high		manual visual inspection of 400-dpi rendered PDF page	2026-08-28	hand-keyed-from-rendered-source; OCR-not-copied
113	husband	NPN	Noiri-Pannali	57	51	right	maʈi | koualu	1 | 7	attested	high		manual visual inspection of 400-dpi rendered PDF page	2026-08-28	hand-keyed-from-rendered-source; OCR-not-copied
113	husband	NAS	Noiri-Astambha	57	51	right	maʈi | ɖɔʔu	1 | 4	attested	high		manual visual inspection of 400-dpi rendered PDF page	2026-08-28	hand-keyed-from-rendered-source; OCR-not-copied
113	husband	NGO	Noiri-Gomon	57	51	right	maʈi	1	attested	high		manual visual inspection of 400-dpi rendered PDF page	2026-08-28	hand-keyed-from-rendered-source; OCR-not-copied
113	husband	BMU	Barutiya-Mutalwad	57	51	right	maʈi | ɖɔhu	1 | 4	attested	high		manual visual inspection of 400-dpi rendered PDF page	2026-08-28	hand-keyed-from-rendered-source; OCR-not-copied
113	husband	DBM	Dungra Bhili-Mathwad	57	51	right	ɖuhu	4	attested	high		manual visual inspection of 400-dpi rendered PDF page	2026-08-28	hand-keyed-from-rendered-source; OCR-not-copied
113	husband	DBA	Dungra Bhili-Ambadungar	57	51	right	maʈi	1	attested	high		manual visual inspection of 400-dpi rendered PDF page	2026-08-28	hand-keyed-from-rendered-source; OCR-not-copied
113	husband	NTO	Nahali-Toranmal	57	51	right	eɖmi	10	attested	high		manual visual inspection of 400-dpi rendered PDF page	2026-08-28	hand-keyed-from-rendered-source; OCR-not-copied
113	husband	KNA	Kotli-Narayanpur	57	51	right	maʈi	1	attested	high		manual visual inspection of 400-dpi rendered PDF page	2026-08-28	hand-keyed-from-rendered-source; OCR-not-copied
113	husband	KTA	Kotli-Taradi	57	51	right	maʈi	1	attested	high		manual visual inspection of 400-dpi rendered PDF page	2026-08-28	hand-keyed-from-rendered-source; OCR-not-copied
113	husband	GTA	Gujari-Taradi	57	51	right	ghrwʌlo	5	attested	high		manual visual inspection of 400-dpi rendered PDF page	2026-08-28	hand-keyed-from-rendered-source; OCR-not-copied
113	husband	GUJ	Gujarati	57	51	right	ɖɦʌɳi	5	attested	high		manual visual inspection of 400-dpi rendered PDF page	2026-08-28	hand-keyed-from-rendered-source; OCR-not-copied
113	husband	MAR	Marati	57	51	right	puʈi | mulgi	2 | 3	attested	high		manual visual inspection of 400-dpi rendered PDF page	2026-08-28	hand-keyed-from-rendered-source; OCR-not-copied
113	husband	HIN	Hindi	57	51	right	pəʈi | pəʈi	1 | 2	attested	high		manual visual inspection of 400-dpi rendered PDF page	2026-08-28	hand-keyed-from-rendered-source; OCR-not-copied
113	husband	NTE	Nahali-Tembhi	57	51	right	sana	6	attested	high		manual visual inspection of 400-dpi rendered PDF page	2026-08-28	hand-keyed-from-rendered-source; OCR-not-copied
113	husband	TKO	Tukaithad-Korku	57	51	right	sana | ɖoʈa	6 | 9	attested	high		manual visual inspection of 400-dpi rendered PDF page	2026-08-28	hand-keyed-from-rendered-source; OCR-not-copied
113	husband	NJA	Nihali-Jamod	57	51	right	atho	8	attested	high		manual visual inspection of 400-dpi rendered PDF page	2026-08-28	hand-keyed-from-rendered-source; OCR-not-copied
114	wife	NCH	Noiri-Chillare	57	51	right	naɖi	1	attested	high		manual visual inspection of 400-dpi rendered PDF page	2026-08-28	hand-keyed-from-rendered-source; OCR-not-copied
114	wife	NPN	Noiri-Pannali	57	51	right	laɖi | malaɖi	1 | 1	attested	high		manual visual inspection of 400-dpi rendered PDF page	2026-08-28	hand-keyed-from-rendered-source; OCR-not-copied
114	wife	NAS	Noiri-Astambha	57	51	right	bojõ	4	attested	high		manual visual inspection of 400-dpi rendered PDF page	2026-08-28	hand-keyed-from-rendered-source; OCR-not-copied
114	wife	NGO	Noiri-Gomon	57	51	right	buijo	4	attested	high		manual visual inspection of 400-dpi rendered PDF page	2026-08-28	hand-keyed-from-rendered-source; OCR-not-copied
114	wife	BMU	Barutiya-Mutalwad	57	51	right	laɖi | bojõ	1 | 4	attested	high		manual visual inspection of 400-dpi rendered PDF page	2026-08-28	hand-keyed-from-rendered-source; OCR-not-copied
114	wife	DBM	Dungra Bhili-Mathwad	57	51	right	naɖi	1	attested	high		manual visual inspection of 400-dpi rendered PDF page	2026-08-28	hand-keyed-from-rendered-source; OCR-not-copied
114	wife	DBA	Dungra Bhili-Ambadungar	57	51	right	naɽi	1	attested	high		manual visual inspection of 400-dpi rendered PDF page	2026-08-28	hand-keyed-from-rendered-source; OCR-not-copied
114	wife	NTO	Nahali-Toranmal	57	51	right	baiko	4	attested	high		manual visual inspection of 400-dpi rendered PDF page	2026-08-28	hand-keyed-from-rendered-source; OCR-not-copied
114	wife	KNA	Kotli-Narayanpur	57	51	right	t̪her	8	attested	high		manual visual inspection of 400-dpi rendered PDF page	2026-08-28	hand-keyed-from-rendered-source; OCR-not-copied
114	wife	KTA	Kotli-Taradi	57	51	right	bʌiko	4	attested	high		manual visual inspection of 400-dpi rendered PDF page	2026-08-28	hand-keyed-from-rendered-source; OCR-not-copied
114	wife	GTA	Gujari-Taradi	57	51	right	ghrwʌli	5	attested	high		manual visual inspection of 400-dpi rendered PDF page	2026-08-28	hand-keyed-from-rendered-source; OCR-not-copied
114	wife	GUJ	Gujarati	57	51	right	pəʈni	2	attested	high		manual visual inspection of 400-dpi rendered PDF page	2026-08-28	hand-keyed-from-rendered-source; OCR-not-copied
114	wife	MAR	Marati	57	51	right	pʌʈni | baiko	2 | 4	attested	high		manual visual inspection of 400-dpi rendered PDF page	2026-08-28	hand-keyed-from-rendered-source; OCR-not-copied
114	wife	HIN	Hindi	57	51	right	pəʈni	2	attested	high		manual visual inspection of 400-dpi rendered PDF page	2026-08-28	hand-keyed-from-rendered-source; OCR-not-copied
114	wife	NTE	Nahali-Tembhi	57	51	right	dʒapa	6	attested	high		manual visual inspection of 400-dpi rendered PDF page	2026-08-28	hand-keyed-from-rendered-source; OCR-not-copied
114	wife	TKO	Tukaithad-Korku	57	51	right	dʒapaj	6	attested	high		manual visual inspection of 400-dpi rendered PDF page	2026-08-28	hand-keyed-from-rendered-source; OCR-not-copied
114	wife	NJA	Nihali-Jamod	57	51	right	kɔl	9	attested	high		manual visual inspection of 400-dpi rendered PDF page	2026-08-28	hand-keyed-from-rendered-source; OCR-not-copied
115	boy	NCH	Noiri-Chillare	58	52	left	sɔʔu	6	attested	high		manual visual inspection of 400-dpi rendered PDF page	2026-08-28	hand-keyed-from-rendered-source; OCR-not-copied
115	boy	NPN	Noiri-Pannali	58	52	left	soʔu	6	attested	high		manual visual inspection of 400-dpi rendered PDF page	2026-08-28	hand-keyed-from-rendered-source; OCR-not-copied
115	boy	NAS	Noiri-Astambha	58	52	left	poriu | sɔʔu	1 | 6	attested	high		manual visual inspection of 400-dpi rendered PDF page	2026-08-28	hand-keyed-from-rendered-source; OCR-not-copied
115	boy	NGO	Noiri-Gomon	58	52	left	porija | suʔu	1 | 6	attested	high		manual visual inspection of 400-dpi rendered PDF page	2026-08-28	hand-keyed-from-rendered-source; OCR-not-copied
115	boy	BMU	Barutiya-Mutalwad	58	52	left	poriu	1	attested	high		manual visual inspection of 400-dpi rendered PDF page	2026-08-28	hand-keyed-from-rendered-source; OCR-not-copied
115	boy	DBM	Dungra Bhili-Mathwad	58	52	left	suʔu	6	attested	high		manual visual inspection of 400-dpi rendered PDF page	2026-08-28	hand-keyed-from-rendered-source; OCR-not-copied
115	boy	DBA	Dungra Bhili-Ambadungar	58	52	left			source_blank	high	source explicitly prints '0 no entry'	manual visual inspection of 400-dpi rendered PDF page	2026-08-28	hand-keyed-from-rendered-source; OCR-not-copied
115	boy	NTO	Nahali-Toranmal	58	52	left	ʂoro	6	attested	high		manual visual inspection of 400-dpi rendered PDF page	2026-08-28	hand-keyed-from-rendered-source; OCR-not-copied
115	boy	KNA	Kotli-Narayanpur	58	52	left	porija	1	attested	high		manual visual inspection of 400-dpi rendered PDF page	2026-08-28	hand-keyed-from-rendered-source; OCR-not-copied
115	boy	KTA	Kotli-Taradi	58	52	left	porija	1	attested	high		manual visual inspection of 400-dpi rendered PDF page	2026-08-28	hand-keyed-from-rendered-source; OCR-not-copied
115	boy	GTA	Gujari-Taradi	58	52	left	tʃokaro	2	attested	high		manual visual inspection of 400-dpi rendered PDF page	2026-08-28	hand-keyed-from-rendered-source; OCR-not-copied
115	boy	GUJ	Gujarati	58	52	left	tʃokro	2	attested	high		manual visual inspection of 400-dpi rendered PDF page	2026-08-28	hand-keyed-from-rendered-source; OCR-not-copied
115	boy	MAR	Marati	58	52	left	purga | mulga	1 | 4	attested	high		manual visual inspection of 400-dpi rendered PDF page	2026-08-28	hand-keyed-from-rendered-source; OCR-not-copied
115	boy	HIN	Hindi	58	52	left	ləɖka	3	attested	high		manual visual inspection of 400-dpi rendered PDF page	2026-08-28	hand-keyed-from-rendered-source; OCR-not-copied
115	boy	NTE	Nahali-Tembhi	58	52	left	porija	1	attested	high		manual visual inspection of 400-dpi rendered PDF page	2026-08-28	hand-keyed-from-rendered-source; OCR-not-copied
115	boy	TKO	Tukaithad-Korku	58	52	left	porija	1	attested	high		manual visual inspection of 400-dpi rendered PDF page	2026-08-28	hand-keyed-from-rendered-source; OCR-not-copied
115	boy	NJA	Nihali-Jamod	58	52	left	nʌnʌ	7	attested	high		manual visual inspection of 400-dpi rendered PDF page	2026-08-28	hand-keyed-from-rendered-source; OCR-not-copied
116	girl	NCH	Noiri-Chillare	58	52	left	sɔʔi	5	attested	high		manual visual inspection of 400-dpi rendered PDF page	2026-08-28	hand-keyed-from-rendered-source; OCR-not-copied
116	girl	NPN	Noiri-Pannali	58	52	left	soʔi	5	attested	high		manual visual inspection of 400-dpi rendered PDF page	2026-08-28	hand-keyed-from-rendered-source; OCR-not-copied
116	girl	NAS	Noiri-Astambha	58	52	left	pori | sɔʔi	1 | 5	attested	high		manual visual inspection of 400-dpi rendered PDF page	2026-08-28	hand-keyed-from-rendered-source; OCR-not-copied
116	girl	NGO	Noiri-Gomon	58	52	left	poiri | suʔi | sui	1 | 5 | 5	attested	high		manual visual inspection of 400-dpi rendered PDF page	2026-08-28	hand-keyed-from-rendered-source; OCR-not-copied
116	girl	BMU	Barutiya-Mutalwad	58	52	left	pori	1	attested	high		manual visual inspection of 400-dpi rendered PDF page	2026-08-28	hand-keyed-from-rendered-source; OCR-not-copied
116	girl	DBM	Dungra Bhili-Mathwad	58	52	left	suʔi	5	attested	high		manual visual inspection of 400-dpi rendered PDF page	2026-08-28	hand-keyed-from-rendered-source; OCR-not-copied
116	girl	DBA	Dungra Bhili-Ambadungar	58	52	left			source_blank	high	source explicitly prints '0 no entry'	manual visual inspection of 400-dpi rendered PDF page	2026-08-28	hand-keyed-from-rendered-source; OCR-not-copied
116	girl	NTO	Nahali-Toranmal	58	52	left	ʂori	5	attested	high		manual visual inspection of 400-dpi rendered PDF page	2026-08-28	hand-keyed-from-rendered-source; OCR-not-copied
116	girl	KNA	Kotli-Narayanpur	58	52	left	poʈi	1	attested	high		manual visual inspection of 400-dpi rendered PDF page	2026-08-28	hand-keyed-from-rendered-source; OCR-not-copied
116	girl	KTA	Kotli-Taradi	58	52	left	porija	1	attested	high		manual visual inspection of 400-dpi rendered PDF page	2026-08-28	hand-keyed-from-rendered-source; OCR-not-copied
116	girl	GTA	Gujari-Taradi	58	52	left	tʃokari	2	attested	high		manual visual inspection of 400-dpi rendered PDF page	2026-08-28	hand-keyed-from-rendered-source; OCR-not-copied
116	girl	GUJ	Gujarati	58	52	left	tʃokri	2	attested	high		manual visual inspection of 400-dpi rendered PDF page	2026-08-28	hand-keyed-from-rendered-source; OCR-not-copied
116	girl	MAR	Marati	58	52	left	porgi | mulgi	1 | 4	attested	high		manual visual inspection of 400-dpi rendered PDF page	2026-08-28	hand-keyed-from-rendered-source; OCR-not-copied
116	girl	HIN	Hindi	58	52	left	ləɖki	3	attested	high		manual visual inspection of 400-dpi rendered PDF page	2026-08-28	hand-keyed-from-rendered-source; OCR-not-copied
116	girl	NTE	Nahali-Tembhi	58	52	left	t̪ʌrʌi	7	attested	high		manual visual inspection of 400-dpi rendered PDF page	2026-08-28	hand-keyed-from-rendered-source; OCR-not-copied
116	girl	TKO	Tukaithad-Korku	58	52	left	t̪ʌrʌj	7	attested	high		manual visual inspection of 400-dpi rendered PDF page	2026-08-28	hand-keyed-from-rendered-source; OCR-not-copied
116	girl	NJA	Nihali-Jamod	58	52	left	piridʒo	6	attested	high		manual visual inspection of 400-dpi rendered PDF page	2026-08-28	hand-keyed-from-rendered-source; OCR-not-copied
117	day	NCH	Noiri-Chillare	58	52	left	ɖihi	1	attested	high		manual visual inspection of 400-dpi rendered PDF page	2026-08-28	hand-keyed-from-rendered-source; OCR-not-copied
117	day	NPN	Noiri-Pannali	58	52	left	ɖihi	1	attested	high		manual visual inspection of 400-dpi rendered PDF page	2026-08-28	hand-keyed-from-rendered-source; OCR-not-copied
117	day	NAS	Noiri-Astambha	58	52	left	ɖihi	1	attested	high		manual visual inspection of 400-dpi rendered PDF page	2026-08-28	hand-keyed-from-rendered-source; OCR-not-copied
117	day	NGO	Noiri-Gomon	58	52	left	ɖihi	1	attested	high		manual visual inspection of 400-dpi rendered PDF page	2026-08-28	hand-keyed-from-rendered-source; OCR-not-copied
117	day	BMU	Barutiya-Mutalwad	58	52	left	ɖihi	1	attested	high		manual visual inspection of 400-dpi rendered PDF page	2026-08-28	hand-keyed-from-rendered-source; OCR-not-copied
117	day	DBM	Dungra Bhili-Mathwad	58	52	left	ɖihi	1	attested	high		manual visual inspection of 400-dpi rendered PDF page	2026-08-28	hand-keyed-from-rendered-source; OCR-not-copied
117	day	DBA	Dungra Bhili-Ambadungar	58	52	left	ɖihi	1	attested	high		manual visual inspection of 400-dpi rendered PDF page	2026-08-28	hand-keyed-from-rendered-source; OCR-not-copied
117	day	NTO	Nahali-Toranmal	58	52	right	ɖih | ɖih	1 | 5	attested	high		manual visual inspection of 400-dpi rendered PDF page	2026-08-28	hand-keyed-from-rendered-source; OCR-not-copied
117	day	KNA	Kotli-Narayanpur	58	52	right	ɖisa | ɖisa	1 | 4	attested	high		manual visual inspection of 400-dpi rendered PDF page	2026-08-28	hand-keyed-from-rendered-source; OCR-not-copied
117	day	KTA	Kotli-Taradi	58	52	right	ɖin	5	attested	high		manual visual inspection of 400-dpi rendered PDF page	2026-08-28	hand-keyed-from-rendered-source; OCR-not-copied
117	day	GTA	Gujari-Taradi	58	52	right	ɖaɖo	3	attested	high		manual visual inspection of 400-dpi rendered PDF page	2026-08-28	hand-keyed-from-rendered-source; OCR-not-copied
117	day	GUJ	Gujarati	58	52	right	ɖivəs	2	attested	high		manual visual inspection of 400-dpi rendered PDF page	2026-08-28	hand-keyed-from-rendered-source; OCR-not-copied
117	day	MAR	Marati	58	52	right	ɖiwʌs	2	attested	high		manual visual inspection of 400-dpi rendered PDF page	2026-08-28	hand-keyed-from-rendered-source; OCR-not-copied
117	day	HIN	Hindi	58	52	right	ɖivəs | ɖin	2 | 5	attested	high		manual visual inspection of 400-dpi rendered PDF page	2026-08-28	hand-keyed-from-rendered-source; OCR-not-copied
117	day	NTE	Nahali-Tembhi	58	52	right	ɖija	4	attested	high		manual visual inspection of 400-dpi rendered PDF page	2026-08-28	hand-keyed-from-rendered-source; OCR-not-copied
117	day	TKO	Tukaithad-Korku	58	52	right	ɖija	4	attested	high		manual visual inspection of 400-dpi rendered PDF page	2026-08-28	hand-keyed-from-rendered-source; OCR-not-copied
117	day	NJA	Nihali-Jamod	58	52	right	ɖina	4	attested	high		manual visual inspection of 400-dpi rendered PDF page	2026-08-28	hand-keyed-from-rendered-source; OCR-not-copied
118	night	NCH	Noiri-Chillare	58	52	right	raʈ	1	attested	high		manual visual inspection of 400-dpi rendered PDF page	2026-08-28	hand-keyed-from-rendered-source; OCR-not-copied
118	night	NPN	Noiri-Pannali	58	52	right	raʈ	1	attested	high		manual visual inspection of 400-dpi rendered PDF page	2026-08-28	hand-keyed-from-rendered-source; OCR-not-copied
118	night	NAS	Noiri-Astambha	58	52	right	raʈ	1	attested	high		manual visual inspection of 400-dpi rendered PDF page	2026-08-28	hand-keyed-from-rendered-source; OCR-not-copied
118	night	NGO	Noiri-Gomon	58	52	right	raʈ	1	attested	high		manual visual inspection of 400-dpi rendered PDF page	2026-08-28	hand-keyed-from-rendered-source; OCR-not-copied
118	night	BMU	Barutiya-Mutalwad	58	52	right	raʈ	1	attested	high		manual visual inspection of 400-dpi rendered PDF page	2026-08-28	hand-keyed-from-rendered-source; OCR-not-copied
118	night	DBM	Dungra Bhili-Mathwad	58	52	right	raʈe	1	attested	high		manual visual inspection of 400-dpi rendered PDF page	2026-08-28	hand-keyed-from-rendered-source; OCR-not-copied
118	night	DBA	Dungra Bhili-Ambadungar	58	52	right	raʈe	1	attested	high		manual visual inspection of 400-dpi rendered PDF page	2026-08-28	hand-keyed-from-rendered-source; OCR-not-copied
118	night	NTO	Nahali-Toranmal	58	52	right	raʈ	1	attested	high		manual visual inspection of 400-dpi rendered PDF page	2026-08-28	hand-keyed-from-rendered-source; OCR-not-copied
118	night	KNA	Kotli-Narayanpur	58	52	right	raʈ	1	attested	high		manual visual inspection of 400-dpi rendered PDF page	2026-08-28	hand-keyed-from-rendered-source; OCR-not-copied
118	night	KTA	Kotli-Taradi	58	52	right	raʈ	1	attested	high		manual visual inspection of 400-dpi rendered PDF page	2026-08-28	hand-keyed-from-rendered-source; OCR-not-copied
118	night	GTA	Gujari-Taradi	58	52	right	raʈ	1	attested	high		manual visual inspection of 400-dpi rendered PDF page	2026-08-28	hand-keyed-from-rendered-source; OCR-not-copied
118	night	GUJ	Gujarati	58	52	right	raʈ | raʈri	1 | 1	attested	high		manual visual inspection of 400-dpi rendered PDF page	2026-08-28	hand-keyed-from-rendered-source; OCR-not-copied
118	night	MAR	Marati	58	52	right	raʈra	1	attested	high		manual visual inspection of 400-dpi rendered PDF page	2026-08-28	hand-keyed-from-rendered-source; OCR-not-copied
118	night	HIN	Hindi	58	52	right	raʈ	1	attested	high		manual visual inspection of 400-dpi rendered PDF page	2026-08-28	hand-keyed-from-rendered-source; OCR-not-copied
118	night	NTE	Nahali-Tembhi	58	52	right	raʈo	1	attested	high		manual visual inspection of 400-dpi rendered PDF page	2026-08-28	hand-keyed-from-rendered-source; OCR-not-copied
118	night	TKO	Tukaithad-Korku	58	52	right	raʈo	1	attested	high		manual visual inspection of 400-dpi rendered PDF page	2026-08-28	hand-keyed-from-rendered-source; OCR-not-copied
118	night	NJA	Nihali-Jamod	58	52	right	mindi	3	attested	high		manual visual inspection of 400-dpi rendered PDF page	2026-08-28	hand-keyed-from-rendered-source; OCR-not-copied
119	morning	NCH	Noiri-Chillare	58	52	right	vehi	1	attested	high		manual visual inspection of 400-dpi rendered PDF page	2026-08-28	hand-keyed-from-rendered-source; OCR-not-copied
119	morning	NPN	Noiri-Pannali	58	52	right	vegi	1	attested	high		manual visual inspection of 400-dpi rendered PDF page	2026-08-28	hand-keyed-from-rendered-source; OCR-not-copied
119	morning	NAS	Noiri-Astambha	58	52	right	wegi	1	attested	high		manual visual inspection of 400-dpi rendered PDF page	2026-08-28	hand-keyed-from-rendered-source; OCR-not-copied
119	morning	NGO	Noiri-Gomon	58	52	right	vegidz	1	attested	high		manual visual inspection of 400-dpi rendered PDF page	2026-08-28	hand-keyed-from-rendered-source; OCR-not-copied
119	morning	BMU	Barutiya-Mutalwad	58	52	right	vegi	1	attested	high		manual visual inspection of 400-dpi rendered PDF page	2026-08-28	hand-keyed-from-rendered-source; OCR-not-copied
119	morning	DBM	Dungra Bhili-Mathwad	58	52	right	raʈi	6	attested	high		manual visual inspection of 400-dpi rendered PDF page	2026-08-28	hand-keyed-from-rendered-source; OCR-not-copied
119	morning	DBA	Dungra Bhili-Ambadungar	58	52	right	həɖãre | raʈidʒe	5 | 6	attested	high		manual visual inspection of 400-dpi rendered PDF page	2026-08-28	hand-keyed-from-rendered-source; OCR-not-copied
119	morning	NTO	Nahali-Toranmal	58	52	right	uʈjain	9	attested	high		manual visual inspection of 400-dpi rendered PDF page	2026-08-28	hand-keyed-from-rendered-source; OCR-not-copied
119	morning	KNA	Kotli-Narayanpur	58	52	right	sʌkʌi	2	attested	high		manual visual inspection of 400-dpi rendered PDF page	2026-08-28	hand-keyed-from-rendered-source; OCR-not-copied
119	morning	KTA	Kotli-Taradi	58	52	right	sʌkaj	2	attested	high		manual visual inspection of 400-dpi rendered PDF page	2026-08-28	hand-keyed-from-rendered-source; OCR-not-copied
119	morning	GTA	Gujari-Taradi	58	52	right	sʌkkale	2	attested	high		manual visual inspection of 400-dpi rendered PDF page	2026-08-28	hand-keyed-from-rendered-source; OCR-not-copied
119	morning	GUJ	Gujarati	58	52	right	səvər	5	attested	high		manual visual inspection of 400-dpi rendered PDF page	2026-08-28	hand-keyed-from-rendered-source; OCR-not-copied
119	morning	MAR	Marati	58	52	right	sʌkaɭ	2	attested	high		manual visual inspection of 400-dpi rendered PDF page	2026-08-28	hand-keyed-from-rendered-source; OCR-not-copied
119	morning	HIN	Hindi	58	52	right	səbera | subeh | səbera	3 | 3 | 5	attested	high		manual visual inspection of 400-dpi rendered PDF page	2026-08-28	hand-keyed-from-rendered-source; OCR-not-copied
119	morning	NTE	Nahali-Tembhi	58	52	right	phidʒʌin | ʌɲʌn	7 | 8	attested	high		manual visual inspection of 400-dpi rendered PDF page	2026-08-28	hand-keyed-from-rendered-source; OCR-not-copied
119	morning	TKO	Tukaithad-Korku	59	53	left	phedʒʌr	7	attested	high		manual visual inspection of 400-dpi rendered PDF page	2026-08-28	hand-keyed-from-rendered-source; OCR-not-copied
119	morning	NJA	Nihali-Jamod	59	53	left	phɛdʒer	7	attested	high		manual visual inspection of 400-dpi rendered PDF page	2026-08-28	hand-keyed-from-rendered-source; OCR-not-copied
120	noon	NCH	Noiri-Chillare	59	53	left	hirʌupe | hirʌupe | hirʌupe	4 | 6 | 8	attested	high		manual visual inspection of 400-dpi rendered PDF page	2026-08-28	hand-keyed-from-rendered-source; OCR-not-copied
120	noon	NPN	Noiri-Pannali	59	53	left	ɖihe | hirape | hirape	1 | 4 | 6	attested	high		manual visual inspection of 400-dpi rendered PDF page	2026-08-28	hand-keyed-from-rendered-source; OCR-not-copied
120	noon	NAS	Noiri-Astambha	59	53	left	ɖihɛ	1	attested	high		manual visual inspection of 400-dpi rendered PDF page	2026-08-28	hand-keyed-from-rendered-source; OCR-not-copied
120	noon	NGO	Noiri-Gomon	59	53	left	madzon-ɖihi	1	attested	high		manual visual inspection of 400-dpi rendered PDF page	2026-08-28	hand-keyed-from-rendered-source; OCR-not-copied
120	noon	BMU	Barutiya-Mutalwad	59	53	left	ɖihɛ | hirʌo | hirʌo	1 | 4 | 8	attested	high		manual visual inspection of 400-dpi rendered PDF page	2026-08-28	hand-keyed-from-rendered-source; OCR-not-copied
120	noon	DBM	Dungra Bhili-Mathwad	59	53	left	ɖihɔ | hiraɳupe	1 | 8	attested	high		manual visual inspection of 400-dpi rendered PDF page	2026-08-28	hand-keyed-from-rendered-source; OCR-not-copied
120	noon	DBA	Dungra Bhili-Ambadungar	59	53	left	ɖihɔ	1	attested	high		manual visual inspection of 400-dpi rendered PDF page	2026-08-28	hand-keyed-from-rendered-source; OCR-not-copied
120	noon	NTO	Nahali-Toranmal	59	53	left	boɽɖih	1	attested	high		manual visual inspection of 400-dpi rendered PDF page	2026-08-28	hand-keyed-from-rendered-source; OCR-not-copied
120	noon	KNA	Kotli-Narayanpur	59	53	left	mʌdjan	5	attested	high		manual visual inspection of 400-dpi rendered PDF page	2026-08-28	hand-keyed-from-rendered-source; OCR-not-copied
120	noon	KTA	Kotli-Taradi	59	53	left	mʌdhijan	5	attested	high		manual visual inspection of 400-dpi rendered PDF page	2026-08-28	hand-keyed-from-rendered-source; OCR-not-copied
120	noon	GTA	Gujari-Taradi	59	53	left	mʌɖijan	5	attested	high		manual visual inspection of 400-dpi rendered PDF page	2026-08-28	hand-keyed-from-rendered-source; OCR-not-copied
120	noon	GUJ	Gujarati	59	53	left	bəpor	3	attested	high		manual visual inspection of 400-dpi rendered PDF page	2026-08-28	hand-keyed-from-rendered-source; OCR-not-copied
120	noon	MAR	Marati	59	53	left	ɖupʌr	3	attested	high		manual visual inspection of 400-dpi rendered PDF page	2026-08-28	hand-keyed-from-rendered-source; OCR-not-copied
120	noon	HIN	Hindi	59	53	left	ɖopəhər	3	attested	high		manual visual inspection of 400-dpi rendered PDF page	2026-08-28	hand-keyed-from-rendered-source; OCR-not-copied
120	noon	NTE	Nahali-Tembhi	59	53	left	ʌjipdʒʌn	7	attested	high		manual visual inspection of 400-dpi rendered PDF page	2026-08-28	hand-keyed-from-rendered-source; OCR-not-copied
120	noon	TKO	Tukaithad-Korku	59	53	left	ɖija	1	attested	high		manual visual inspection of 400-dpi rendered PDF page	2026-08-28	hand-keyed-from-rendered-source; OCR-not-copied
120	noon	NJA	Nihali-Jamod	59	53	left	baripar	6	attested	high		manual visual inspection of 400-dpi rendered PDF page	2026-08-28	hand-keyed-from-rendered-source; OCR-not-copied
121	evening/afternoon	NCH	Noiri-Chillare	59	53	left	hʌsʈivelli	1	attested	high		manual visual inspection of 400-dpi rendered PDF page	2026-08-28	hand-keyed-from-rendered-source; OCR-not-copied
121	evening/afternoon	NPN	Noiri-Pannali	59	53	left	hasʈivelle	1	attested	high		manual visual inspection of 400-dpi rendered PDF page	2026-08-28	hand-keyed-from-rendered-source; OCR-not-copied
121	evening/afternoon	NAS	Noiri-Astambha	59	53	left	hastiweɭe	1	attested	high		manual visual inspection of 400-dpi rendered PDF page	2026-08-28	hand-keyed-from-rendered-source; OCR-not-copied
121	evening/afternoon	NGO	Noiri-Gomon	59	53	left	hʌsʈivello	1	attested	high		manual visual inspection of 400-dpi rendered PDF page	2026-08-28	hand-keyed-from-rendered-source; OCR-not-copied
121	evening/afternoon	BMU	Barutiya-Mutalwad	59	53	left	hʌsʈivell | hãndze_po	1 | 7	attested	high		manual visual inspection of 400-dpi rendered PDF page	2026-08-28	hand-keyed-from-rendered-source; OCR-not-copied
121	evening/afternoon	DBM	Dungra Bhili-Mathwad	59	53	left	hʌsʈivell | hʌsʈɔ	1 | 1	attested	high		manual visual inspection of 400-dpi rendered PDF page	2026-08-28	hand-keyed-from-rendered-source; OCR-not-copied
121	evening/afternoon	DBA	Dungra Bhili-Ambadungar	59	53	left	hãsʈɔ	1	attested	high		manual visual inspection of 400-dpi rendered PDF page	2026-08-28	hand-keyed-from-rendered-source; OCR-not-copied
121	evening/afternoon	NTO	Nahali-Toranmal	59	53	left	weɭʈo | weɭwar	11 | 12	attested	high		manual visual inspection of 400-dpi rendered PDF page	2026-08-28	hand-keyed-from-rendered-source; OCR-not-copied
121	evening/afternoon	KNA	Kotli-Narayanpur	59	53	left	ɖimʌi	6	attested	high		manual visual inspection of 400-dpi rendered PDF page	2026-08-28	hand-keyed-from-rendered-source; OCR-not-copied
121	evening/afternoon	KTA	Kotli-Taradi	59	53	left	ʌnɖija kʌj	2	attested	high		manual visual inspection of 400-dpi rendered PDF page	2026-08-28	hand-keyed-from-rendered-source; OCR-not-copied
121	evening/afternoon	GTA	Gujari-Taradi	59	53	left	sʌnɖija kʌl	2	attested	high		manual visual inspection of 400-dpi rendered PDF page	2026-08-28	hand-keyed-from-rendered-source; OCR-not-copied
121	evening/afternoon	GUJ	Gujarati	59	53	left	sãdʒ	5	attested	high		manual visual inspection of 400-dpi rendered PDF page	2026-08-28	hand-keyed-from-rendered-source; OCR-not-copied
121	evening/afternoon	MAR	Marati	59	53	left	saijʌnkʌɭ | sʌnɖhja	2 | 2	attested	high		manual visual inspection of 400-dpi rendered PDF page	2026-08-28	hand-keyed-from-rendered-source; OCR-not-copied
121	evening/afternoon	HIN	Hindi	59	53	left	sõɖhja | ʃam	2 | 4	attested	high		manual visual inspection of 400-dpi rendered PDF page	2026-08-28	hand-keyed-from-rendered-source; OCR-not-copied
121	evening/afternoon	NTE	Nahali-Tembhi	59	53	left	sikurup-dʒʌin	9	attested	high		manual visual inspection of 400-dpi rendered PDF page	2026-08-28	hand-keyed-from-rendered-source; OCR-not-copied
121	evening/afternoon	TKO	Tukaithad-Korku	59	53	left	ʌjubdʒen	10	attested	high		manual visual inspection of 400-dpi rendered PDF page	2026-08-28	hand-keyed-from-rendered-source; OCR-not-copied
121	evening/afternoon	NJA	Nihali-Jamod	59	53	right	budo	8	attested	high		manual visual inspection of 400-dpi rendered PDF page	2026-08-28	hand-keyed-from-rendered-source; OCR-not-copied
122	yesterday	NCH	Noiri-Chillare	59	53	right	kal	1	attested	high		manual visual inspection of 400-dpi rendered PDF page	2026-08-28	hand-keyed-from-rendered-source; OCR-not-copied
122	yesterday	NPN	Noiri-Pannali	59	53	right	kal	1	attested	high		manual visual inspection of 400-dpi rendered PDF page	2026-08-28	hand-keyed-from-rendered-source; OCR-not-copied
122	yesterday	NAS	Noiri-Astambha	59	53	right	kal	1	attested	high		manual visual inspection of 400-dpi rendered PDF page	2026-08-28	hand-keyed-from-rendered-source; OCR-not-copied
122	yesterday	NGO	Noiri-Gomon	59	53	right	kan	1	attested	high		manual visual inspection of 400-dpi rendered PDF page	2026-08-28	hand-keyed-from-rendered-source; OCR-not-copied
122	yesterday	BMU	Barutiya-Mutalwad	59	53	right	kal	1	attested	high		manual visual inspection of 400-dpi rendered PDF page	2026-08-28	hand-keyed-from-rendered-source; OCR-not-copied
122	yesterday	DBM	Dungra Bhili-Mathwad	59	53	right	kan	1	attested	high		manual visual inspection of 400-dpi rendered PDF page	2026-08-28	hand-keyed-from-rendered-source; OCR-not-copied
122	yesterday	DBA	Dungra Bhili-Ambadungar	59	53	right	kane	1	attested	high		manual visual inspection of 400-dpi rendered PDF page	2026-08-28	hand-keyed-from-rendered-source; OCR-not-copied
122	yesterday	NTO	Nahali-Toranmal	59	53	right	kal	1	attested	high		manual visual inspection of 400-dpi rendered PDF page	2026-08-28	hand-keyed-from-rendered-source; OCR-not-copied
122	yesterday	KNA	Kotli-Narayanpur	59	53	right	kʌlɖi	4	attested	high		manual visual inspection of 400-dpi rendered PDF page	2026-08-28	hand-keyed-from-rendered-source; OCR-not-copied
122	yesterday	KTA	Kotli-Taradi	59	53	right	kalɖi	4	attested	high		manual visual inspection of 400-dpi rendered PDF page	2026-08-28	hand-keyed-from-rendered-source; OCR-not-copied
122	yesterday	GTA	Gujari-Taradi	59	53	right	kale	1	attested	high		manual visual inspection of 400-dpi rendered PDF page	2026-08-28	hand-keyed-from-rendered-source; OCR-not-copied
122	yesterday	GUJ	Gujarati	59	53	right	kale | gəikal	1 | 3	attested	high		manual visual inspection of 400-dpi rendered PDF page	2026-08-28	hand-keyed-from-rendered-source; OCR-not-copied
122	yesterday	MAR	Marati	59	53	right	kal	1	attested	high		manual visual inspection of 400-dpi rendered PDF page	2026-08-28	hand-keyed-from-rendered-source; OCR-not-copied
122	yesterday	HIN	Hindi	59	53	right	kʌl	1	attested	high		manual visual inspection of 400-dpi rendered PDF page	2026-08-28	hand-keyed-from-rendered-source; OCR-not-copied
122	yesterday	NTE	Nahali-Tembhi	59	53	right	kolɖin	4	attested	high		manual visual inspection of 400-dpi rendered PDF page	2026-08-28	hand-keyed-from-rendered-source; OCR-not-copied
122	yesterday	TKO	Tukaithad-Korku	59	53	right	koldin	4	attested	high		manual visual inspection of 400-dpi rendered PDF page	2026-08-28	hand-keyed-from-rendered-source; OCR-not-copied
122	yesterday	NJA	Nihali-Jamod	59	53	right	çe	5	attested	high		manual visual inspection of 400-dpi rendered PDF page	2026-08-28	hand-keyed-from-rendered-source; OCR-not-copied
123	today	NCH	Noiri-Chillare	59	53	right	adʒ	1	attested	high		manual visual inspection of 400-dpi rendered PDF page	2026-08-28	hand-keyed-from-rendered-source; OCR-not-copied
123	today	NPN	Noiri-Pannali	59	53	right	adʒ	1	attested	high		manual visual inspection of 400-dpi rendered PDF page	2026-08-28	hand-keyed-from-rendered-source; OCR-not-copied
123	today	NAS	Noiri-Astambha	59	53	right	adz	1	attested	high		manual visual inspection of 400-dpi rendered PDF page	2026-08-28	hand-keyed-from-rendered-source; OCR-not-copied
123	today	NGO	Noiri-Gomon	59	53	right	adʒ	1	attested	high		manual visual inspection of 400-dpi rendered PDF page	2026-08-28	hand-keyed-from-rendered-source; OCR-not-copied
123	today	BMU	Barutiya-Mutalwad	59	53	right	adz	1	attested	high		manual visual inspection of 400-dpi rendered PDF page	2026-08-28	hand-keyed-from-rendered-source; OCR-not-copied
123	today	DBM	Dungra Bhili-Mathwad	59	53	right	adʒe	1	attested	high		manual visual inspection of 400-dpi rendered PDF page	2026-08-28	hand-keyed-from-rendered-source; OCR-not-copied
123	today	DBA	Dungra Bhili-Ambadungar	59	53	right	adʒe	1	attested	high		manual visual inspection of 400-dpi rendered PDF page	2026-08-28	hand-keyed-from-rendered-source; OCR-not-copied
123	today	NTO	Nahali-Toranmal	59	53	right	aɖz	1	attested	high		manual visual inspection of 400-dpi rendered PDF page	2026-08-28	hand-keyed-from-rendered-source; OCR-not-copied
123	today	KNA	Kotli-Narayanpur	59	53	right	adʒ	1	attested	high		manual visual inspection of 400-dpi rendered PDF page	2026-08-28	hand-keyed-from-rendered-source; OCR-not-copied
123	today	KTA	Kotli-Taradi	59	53	right	adʒ	1	attested	high		manual visual inspection of 400-dpi rendered PDF page	2026-08-28	hand-keyed-from-rendered-source; OCR-not-copied
123	today	GTA	Gujari-Taradi	59	53	right	adʒ	1	attested	high		manual visual inspection of 400-dpi rendered PDF page	2026-08-28	hand-keyed-from-rendered-source; OCR-not-copied
123	today	GUJ	Gujarati	59	53	right	adʒei	1	attested	high		manual visual inspection of 400-dpi rendered PDF page	2026-08-28	hand-keyed-from-rendered-source; OCR-not-copied
123	today	MAR	Marati	59	53	right	adz	1	attested	high		manual visual inspection of 400-dpi rendered PDF page	2026-08-28	hand-keyed-from-rendered-source; OCR-not-copied
123	today	HIN	Hindi	59	53	right	adʒ	1	attested	high		manual visual inspection of 400-dpi rendered PDF page	2026-08-28	hand-keyed-from-rendered-source; OCR-not-copied
123	today	NTE	Nahali-Tembhi	59	53	right	ʈein	3	attested	high		manual visual inspection of 400-dpi rendered PDF page	2026-08-28	hand-keyed-from-rendered-source; OCR-not-copied
123	today	TKO	Tukaithad-Korku	59	53	right	ʈejndʒ	3	attested	high		manual visual inspection of 400-dpi rendered PDF page	2026-08-28	hand-keyed-from-rendered-source; OCR-not-copied
123	today	NJA	Nihali-Jamod	59	53	right	baj	2	attested	high		manual visual inspection of 400-dpi rendered PDF page	2026-08-28	hand-keyed-from-rendered-source; OCR-not-copied
124	tomorrow	NCH	Noiri-Chillare	59	53	right	hanɖa	1	attested	high		manual visual inspection of 400-dpi rendered PDF page	2026-08-28	hand-keyed-from-rendered-source; OCR-not-copied
124	tomorrow	NPN	Noiri-Pannali	59	53	right	hanɖa	1	attested	high		manual visual inspection of 400-dpi rendered PDF page	2026-08-28	hand-keyed-from-rendered-source; OCR-not-copied
124	tomorrow	NAS	Noiri-Astambha	59	53	right	handa	1	attested	high		manual visual inspection of 400-dpi rendered PDF page	2026-08-28	hand-keyed-from-rendered-source; OCR-not-copied
124	tomorrow	NGO	Noiri-Gomon	59	53	right	handa	1	attested	high		manual visual inspection of 400-dpi rendered PDF page	2026-08-28	hand-keyed-from-rendered-source; OCR-not-copied
124	tomorrow	BMU	Barutiya-Mutalwad	59	53	right	handa	1	attested	high		manual visual inspection of 400-dpi rendered PDF page	2026-08-28	hand-keyed-from-rendered-source; OCR-not-copied
124	tomorrow	DBM	Dungra Bhili-Mathwad	59	53	right	hanɖa	1	attested	high		manual visual inspection of 400-dpi rendered PDF page	2026-08-28	hand-keyed-from-rendered-source; OCR-not-copied
124	tomorrow	DBA	Dungra Bhili-Ambadungar	59	53	right	hãɖʌʔa	1	attested	high		manual visual inspection of 400-dpi rendered PDF page	2026-08-28	hand-keyed-from-rendered-source; OCR-not-copied
124	tomorrow	NTO	Nahali-Toranmal	59	53	right	hekeɭe	5	attested	high		manual visual inspection of 400-dpi rendered PDF page	2026-08-28	hand-keyed-from-rendered-source; OCR-not-copied
124	tomorrow	KNA	Kotli-Narayanpur	59	53	right	kalɖi	4	attested	high		manual visual inspection of 400-dpi rendered PDF page	2026-08-28	hand-keyed-from-rendered-source; OCR-not-copied
124	tomorrow	KTA	Kotli-Taradi	59	53	right	kalɖi	4	attested	high		manual visual inspection of 400-dpi rendered PDF page	2026-08-28	hand-keyed-from-rendered-source; OCR-not-copied
124	tomorrow	GTA	Gujari-Taradi	59	53	right	kale	2	attested	high		manual visual inspection of 400-dpi rendered PDF page	2026-08-28	hand-keyed-from-rendered-source; OCR-not-copied
124	tomorrow	GUJ	Gujarati	59	53	right	kale	2	attested	high		manual visual inspection of 400-dpi rendered PDF page	2026-08-28	hand-keyed-from-rendered-source; OCR-not-copied
124	tomorrow	MAR	Marati	60	54	left	uɖɦja	3	attested	high		manual visual inspection of 400-dpi rendered PDF page	2026-08-28	hand-keyed-from-rendered-source; OCR-not-copied
124	tomorrow	HIN	Hindi	60	54	left	kal	2	attested	high		manual visual inspection of 400-dpi rendered PDF page	2026-08-28	hand-keyed-from-rendered-source; OCR-not-copied
124	tomorrow	NTE	Nahali-Tembhi	60	54	left	paʈa	7	attested	high		manual visual inspection of 400-dpi rendered PDF page	2026-08-28	hand-keyed-from-rendered-source; OCR-not-copied
124	tomorrow	TKO	Tukaithad-Korku	60	54	left	paʈa	7	attested	high		manual visual inspection of 400-dpi rendered PDF page	2026-08-28	hand-keyed-from-rendered-source; OCR-not-copied
124	tomorrow	NJA	Nihali-Jamod	60	54	left	kjam	6	attested	high		manual visual inspection of 400-dpi rendered PDF page	2026-08-28	hand-keyed-from-rendered-source; OCR-not-copied
125	week	NCH	Noiri-Chillare	60	54	left	aʈhi | hʌpʈi	1 | 2	attested	high		manual visual inspection of 400-dpi rendered PDF page	2026-08-28	hand-keyed-from-rendered-source; OCR-not-copied
125	week	NPN	Noiri-Pannali	60	54	left	aʈh | hʌpʈu	1 | 2	attested	high		manual visual inspection of 400-dpi rendered PDF page	2026-08-28	hand-keyed-from-rendered-source; OCR-not-copied
125	week	NAS	Noiri-Astambha	60	54	left	aʈe | aʈo	1 | 1	attested	high		manual visual inspection of 400-dpi rendered PDF page	2026-08-28	hand-keyed-from-rendered-source; OCR-not-copied
125	week	NGO	Noiri-Gomon	60	54	left	aʈouɖo	1	attested	high		manual visual inspection of 400-dpi rendered PDF page	2026-08-28	hand-keyed-from-rendered-source; OCR-not-copied
125	week	BMU	Barutiya-Mutalwad	60	54	left	aʈ | hʌpʈo	1 | 2	attested	high		manual visual inspection of 400-dpi rendered PDF page	2026-08-28	hand-keyed-from-rendered-source; OCR-not-copied
125	week	DBM	Dungra Bhili-Mathwad	60	54	left	aʈhiwaɖi	1	attested	high		manual visual inspection of 400-dpi rendered PDF page	2026-08-28	hand-keyed-from-rendered-source; OCR-not-copied
125	week	DBA	Dungra Bhili-Ambadungar	60	54	left	aʈvarijʊ	1	attested	high		manual visual inspection of 400-dpi rendered PDF page	2026-08-28	hand-keyed-from-rendered-source; OCR-not-copied
125	week	NTO	Nahali-Toranmal	60	54	left	apʈo	2	attested	high		manual visual inspection of 400-dpi rendered PDF page	2026-08-28	hand-keyed-from-rendered-source; OCR-not-copied
125	week	KNA	Kotli-Narayanpur	60	54	left	hʌpʈa	2	attested	high		manual visual inspection of 400-dpi rendered PDF page	2026-08-28	hand-keyed-from-rendered-source; OCR-not-copied
125	week	KTA	Kotli-Taradi	60	54	left	aʈhoɖo	1	attested	high		manual visual inspection of 400-dpi rendered PDF page	2026-08-28	hand-keyed-from-rendered-source; OCR-not-copied
125	week	GTA	Gujari-Taradi	60	54	left	saʈɖaɖa	3	attested	high		manual visual inspection of 400-dpi rendered PDF page	2026-08-28	hand-keyed-from-rendered-source; OCR-not-copied
125	week	GUJ	Gujarati	60	54	left	aʈhawaɖiũ | səpʈah	1 | 2	attested	high		manual visual inspection of 400-dpi rendered PDF page	2026-08-28	hand-keyed-from-rendered-source; OCR-not-copied
125	week	MAR	Marati	60	54	left	aʈhwʌɖa	1	attested	high		manual visual inspection of 400-dpi rendered PDF page	2026-08-28	hand-keyed-from-rendered-source; OCR-not-copied
125	week	HIN	Hindi	60	54	left	hʌphʈa | səpʈah	2 | 2	attested	high		manual visual inspection of 400-dpi rendered PDF page	2026-08-28	hand-keyed-from-rendered-source; OCR-not-copied
125	week	NTE	Nahali-Tembhi	60	54	left	huʈi	4	attested	high		manual visual inspection of 400-dpi rendered PDF page	2026-08-28	hand-keyed-from-rendered-source; OCR-not-copied
125	week	TKO	Tukaithad-Korku	60	54	left	aʈdin	1	attested	high		manual visual inspection of 400-dpi rendered PDF page	2026-08-28	hand-keyed-from-rendered-source; OCR-not-copied
125	week	NJA	Nihali-Jamod	60	54	left	hʌpʈa	2	attested	high		manual visual inspection of 400-dpi rendered PDF page	2026-08-28	hand-keyed-from-rendered-source; OCR-not-copied
126	month	NCH	Noiri-Chillare	60	54	left	moinu	1	attested	high		manual visual inspection of 400-dpi rendered PDF page	2026-08-28	hand-keyed-from-rendered-source; OCR-not-copied
126	month	NPN	Noiri-Pannali	60	54	left	moinɔ	1	attested	high		manual visual inspection of 400-dpi rendered PDF page	2026-08-28	hand-keyed-from-rendered-source; OCR-not-copied
126	month	NAS	Noiri-Astambha	60	54	left	moinu	1	attested	high		manual visual inspection of 400-dpi rendered PDF page	2026-08-28	hand-keyed-from-rendered-source; OCR-not-copied
126	month	NGO	Noiri-Gomon	60	54	left	moino	1	attested	high		manual visual inspection of 400-dpi rendered PDF page	2026-08-28	hand-keyed-from-rendered-source; OCR-not-copied
126	month	BMU	Barutiya-Mutalwad	60	54	left	moinu	1	attested	high		manual visual inspection of 400-dpi rendered PDF page	2026-08-28	hand-keyed-from-rendered-source; OCR-not-copied
126	month	DBM	Dungra Bhili-Mathwad	60	54	left	moinu	1	attested	high		manual visual inspection of 400-dpi rendered PDF page	2026-08-28	hand-keyed-from-rendered-source; OCR-not-copied
126	month	DBA	Dungra Bhili-Ambadungar	60	54	left	mɔjinʊ	1	attested	high		manual visual inspection of 400-dpi rendered PDF page	2026-08-28	hand-keyed-from-rendered-source; OCR-not-copied
126	month	NTO	Nahali-Toranmal	60	54	left	mʌinɔ	1	attested	high		manual visual inspection of 400-dpi rendered PDF page	2026-08-28	hand-keyed-from-rendered-source; OCR-not-copied
126	month	KNA	Kotli-Narayanpur	60	54	left	mʌhina	1	attested	high		manual visual inspection of 400-dpi rendered PDF page	2026-08-28	hand-keyed-from-rendered-source; OCR-not-copied
126	month	KTA	Kotli-Taradi	60	54	left	mʌhino	1	attested	high		manual visual inspection of 400-dpi rendered PDF page	2026-08-28	hand-keyed-from-rendered-source; OCR-not-copied
126	month	GTA	Gujari-Taradi	60	54	left	mʌhino	1	attested	high		manual visual inspection of 400-dpi rendered PDF page	2026-08-28	hand-keyed-from-rendered-source; OCR-not-copied
126	month	GUJ	Gujarati	60	54	left	mãhino	1	attested	high		manual visual inspection of 400-dpi rendered PDF page	2026-08-28	hand-keyed-from-rendered-source; OCR-not-copied
126	month	MAR	Marati	60	54	left	mʌihina	1	attested	high		manual visual inspection of 400-dpi rendered PDF page	2026-08-28	hand-keyed-from-rendered-source; OCR-not-copied
126	month	HIN	Hindi	60	54	left	məhina	1	attested	high		manual visual inspection of 400-dpi rendered PDF page	2026-08-28	hand-keyed-from-rendered-source; OCR-not-copied
126	month	NTE	Nahali-Tembhi	60	54	left	mena	1	attested	high		manual visual inspection of 400-dpi rendered PDF page	2026-08-28	hand-keyed-from-rendered-source; OCR-not-copied
126	month	TKO	Tukaithad-Korku	60	54	left	mena	1	attested	high		manual visual inspection of 400-dpi rendered PDF page	2026-08-28	hand-keyed-from-rendered-source; OCR-not-copied
126	month	NJA	Nihali-Jamod	60	54	left	mʌina	1	attested	high		manual visual inspection of 400-dpi rendered PDF page	2026-08-28	hand-keyed-from-rendered-source; OCR-not-copied
127	year	NCH	Noiri-Chillare	60	54	left	orihi	1	attested	high		manual visual inspection of 400-dpi rendered PDF page	2026-08-28	hand-keyed-from-rendered-source; OCR-not-copied
127	year	NPN	Noiri-Pannali	60	54	left	worihi	1	attested	high		manual visual inspection of 400-dpi rendered PDF page	2026-08-28	hand-keyed-from-rendered-source; OCR-not-copied
127	year	NAS	Noiri-Astambha	60	54	left	wʌrih	1	attested	high		manual visual inspection of 400-dpi rendered PDF page	2026-08-28	hand-keyed-from-rendered-source; OCR-not-copied
127	year	NGO	Noiri-Gomon	60	54	left	vʌrho	1	attested	high		manual visual inspection of 400-dpi rendered PDF page	2026-08-28	hand-keyed-from-rendered-source; OCR-not-copied
127	year	BMU	Barutiya-Mutalwad	60	54	right	worihi	1	attested	high		manual visual inspection of 400-dpi rendered PDF page	2026-08-28	hand-keyed-from-rendered-source; OCR-not-copied
127	year	DBM	Dungra Bhili-Mathwad	60	54	right	orihi | worehe	1 | 1	attested	high		manual visual inspection of 400-dpi rendered PDF page	2026-08-28	hand-keyed-from-rendered-source; OCR-not-copied
127	year	DBA	Dungra Bhili-Ambadungar	60	54	right	vɔrɔhe | vɔrɔhɔ	1 | 1	attested	high		manual visual inspection of 400-dpi rendered PDF page	2026-08-28	hand-keyed-from-rendered-source; OCR-not-copied
127	year	NTO	Nahali-Toranmal	60	54	right	worih	1	attested	high		manual visual inspection of 400-dpi rendered PDF page	2026-08-28	hand-keyed-from-rendered-source; OCR-not-copied
127	year	KNA	Kotli-Narayanpur	60	54	right	bʌrʌmʌ-hina	4	attested	high		manual visual inspection of 400-dpi rendered PDF page	2026-08-28	hand-keyed-from-rendered-source; OCR-not-copied
127	year	KTA	Kotli-Taradi	60	54	right	sal	3	attested	high		manual visual inspection of 400-dpi rendered PDF page	2026-08-28	hand-keyed-from-rendered-source; OCR-not-copied
127	year	GTA	Gujari-Taradi	60	54	right	sal	3	attested	high		manual visual inspection of 400-dpi rendered PDF page	2026-08-28	hand-keyed-from-rendered-source; OCR-not-copied
127	year	GUJ	Gujarati	60	54	right	vərʃ	2	attested	high		manual visual inspection of 400-dpi rendered PDF page	2026-08-28	hand-keyed-from-rendered-source; OCR-not-copied
127	year	MAR	Marati	60	54	right	wʌrʂʌ | sal	2 | 3	attested	high		manual visual inspection of 400-dpi rendered PDF page	2026-08-28	hand-keyed-from-rendered-source; OCR-not-copied
127	year	HIN	Hindi	60	54	right	vərʂ | sal	2 | 3	attested	high		manual visual inspection of 400-dpi rendered PDF page	2026-08-28	hand-keyed-from-rendered-source; OCR-not-copied
127	year	NTE	Nahali-Tembhi	60	54	right	sal	3	attested	high		manual visual inspection of 400-dpi rendered PDF page	2026-08-28	hand-keyed-from-rendered-source; OCR-not-copied
127	year	TKO	Tukaithad-Korku	60	54	right	sal	3	attested	high		manual visual inspection of 400-dpi rendered PDF page	2026-08-28	hand-keyed-from-rendered-source; OCR-not-copied
127	year	NJA	Nihali-Jamod	60	54	right	sal	3	attested	high		manual visual inspection of 400-dpi rendered PDF page	2026-08-28	hand-keyed-from-rendered-source; OCR-not-copied
128	old	NCH	Noiri-Chillare	60	54	right	dʒʊnɔ	1	attested	high		manual visual inspection of 400-dpi rendered PDF page	2026-08-28	hand-keyed-from-rendered-source; OCR-not-copied
128	old	NPN	Noiri-Pannali	60	54	right	dʒʊnɔ	1	attested	high		manual visual inspection of 400-dpi rendered PDF page	2026-08-28	hand-keyed-from-rendered-source; OCR-not-copied
128	old	NAS	Noiri-Astambha	60	54	right	dzunʌ	1	attested	high		manual visual inspection of 400-dpi rendered PDF page	2026-08-28	hand-keyed-from-rendered-source; OCR-not-copied
128	old	NGO	Noiri-Gomon	60	54	right	dʒuno	1	attested	high		manual visual inspection of 400-dpi rendered PDF page	2026-08-28	hand-keyed-from-rendered-source; OCR-not-copied
128	old	BMU	Barutiya-Mutalwad	60	54	right	dʒuna | dʒunu	1 | 1	attested	high		manual visual inspection of 400-dpi rendered PDF page	2026-08-28	hand-keyed-from-rendered-source; OCR-not-copied
128	old	DBM	Dungra Bhili-Mathwad	60	54	right	dʒunno	1	attested	high		manual visual inspection of 400-dpi rendered PDF page	2026-08-28	hand-keyed-from-rendered-source; OCR-not-copied
128	old	DBA	Dungra Bhili-Ambadungar	60	54	right	dʒunɔ	1	attested	high		manual visual inspection of 400-dpi rendered PDF page	2026-08-28	hand-keyed-from-rendered-source; OCR-not-copied
128	old	NTO	Nahali-Toranmal	60	54	right	ɖzunalo	1	attested	high		manual visual inspection of 400-dpi rendered PDF page	2026-08-28	hand-keyed-from-rendered-source; OCR-not-copied
128	old	KNA	Kotli-Narayanpur	60	54	right	porɖi	3	attested	high		manual visual inspection of 400-dpi rendered PDF page	2026-08-28	hand-keyed-from-rendered-source; OCR-not-copied
128	old	KTA	Kotli-Taradi	60	54	right	dʒuna	1	attested	high		manual visual inspection of 400-dpi rendered PDF page	2026-08-28	hand-keyed-from-rendered-source; OCR-not-copied
128	old	GTA	Gujari-Taradi	60	54	right	dʒunu	1	attested	high		manual visual inspection of 400-dpi rendered PDF page	2026-08-28	hand-keyed-from-rendered-source; OCR-not-copied
128	old	GUJ	Gujarati	60	54	right	dʒunu	1	attested	high		manual visual inspection of 400-dpi rendered PDF page	2026-08-28	hand-keyed-from-rendered-source; OCR-not-copied
128	old	MAR	Marati	60	54	right	dzunə	1	attested	high		manual visual inspection of 400-dpi rendered PDF page	2026-08-28	hand-keyed-from-rendered-source; OCR-not-copied
128	old	HIN	Hindi	60	54	right	purana	2	attested	high		manual visual inspection of 400-dpi rendered PDF page	2026-08-28	hand-keyed-from-rendered-source; OCR-not-copied
128	old	NTE	Nahali-Tembhi	60	54	right	dʒona	1	attested	high		manual visual inspection of 400-dpi rendered PDF page	2026-08-28	hand-keyed-from-rendered-source; OCR-not-copied
128	old	TKO	Tukaithad-Korku	60	54	right	dʒuna	1	attested	high		manual visual inspection of 400-dpi rendered PDF page	2026-08-28	hand-keyed-from-rendered-source; OCR-not-copied
128	old	NJA	Nihali-Jamod	60	54	right	dʒuna	1	attested	high		manual visual inspection of 400-dpi rendered PDF page	2026-08-28	hand-keyed-from-rendered-source; OCR-not-copied
129	new	NCH	Noiri-Chillare	60	54	right	nʌvɔ | nʌvɔ | nʌvɔ	1 | 2 | 4	attested	high		manual visual inspection of 400-dpi rendered PDF page	2026-08-28	hand-keyed-from-rendered-source; OCR-not-copied
129	new	NPN	Noiri-Pannali	60	54	right	nʌvɔ | nʌvɔ | nʌvɔ	1 | 2 | 4	attested	high		manual visual inspection of 400-dpi rendered PDF page	2026-08-28	hand-keyed-from-rendered-source; OCR-not-copied
129	new	NAS	Noiri-Astambha	60	54	right	naowa | naowa	1 | 4	attested	high		manual visual inspection of 400-dpi rendered PDF page	2026-08-28	hand-keyed-from-rendered-source; OCR-not-copied
129	new	NGO	Noiri-Gomon	60	54	right	nʌvo | nʌvo | nʌvo	1 | 2 | 4	attested	high		manual visual inspection of 400-dpi rendered PDF page	2026-08-28	hand-keyed-from-rendered-source; OCR-not-copied
129	new	BMU	Barutiya-Mutalwad	60	54	right	nowu	1	attested	high		manual visual inspection of 400-dpi rendered PDF page	2026-08-28	hand-keyed-from-rendered-source; OCR-not-copied
129	new	DBM	Dungra Bhili-Mathwad	60	54	right	nʌnno	3	attested	high		manual visual inspection of 400-dpi rendered PDF page	2026-08-28	hand-keyed-from-rendered-source; OCR-not-copied
129	new	DBA	Dungra Bhili-Ambadungar	61	55	left	nʌvʊnɔ | nʌvʊnɔ	1 | 3	attested	high		manual visual inspection of 400-dpi rendered PDF page	2026-08-28	hand-keyed-from-rendered-source; OCR-not-copied
129	new	NTO	Nahali-Toranmal	61	55	left	nʌwalo	1	attested	high		manual visual inspection of 400-dpi rendered PDF page	2026-08-28	hand-keyed-from-rendered-source; OCR-not-copied
129	new	KNA	Kotli-Narayanpur	61	55	left	nʌva | nʌva | nʌva	1 | 2 | 4	attested	high		manual visual inspection of 400-dpi rendered PDF page	2026-08-28	hand-keyed-from-rendered-source; OCR-not-copied
129	new	KTA	Kotli-Taradi	61	55	left	nʌva | nʌva | nʌva	1 | 2 | 4	attested	high		manual visual inspection of 400-dpi rendered PDF page	2026-08-28	hand-keyed-from-rendered-source; OCR-not-copied
129	new	GTA	Gujari-Taradi	61	55	left	nou	1	attested	high		manual visual inspection of 400-dpi rendered PDF page	2026-08-28	hand-keyed-from-rendered-source; OCR-not-copied
129	new	GUJ	Gujarati	61	55	left	nəvũ | nəvũ	1 | 4	attested	high		manual visual inspection of 400-dpi rendered PDF page	2026-08-28	hand-keyed-from-rendered-source; OCR-not-copied
129	new	MAR	Marati	61	55	left	nʌwa | nʌwa | nʌwa	1 | 2 | 4	attested	high		manual visual inspection of 400-dpi rendered PDF page	2026-08-28	hand-keyed-from-rendered-source; OCR-not-copied
129	new	HIN	Hindi	61	55	left	nəvə | nəja | nəvə | nəvə	1 | 2 | 2 | 4	attested	high		manual visual inspection of 400-dpi rendered PDF page	2026-08-28	hand-keyed-from-rendered-source; OCR-not-copied
129	new	NTE	Nahali-Tembhi	61	55	left	une	5	attested	high		manual visual inspection of 400-dpi rendered PDF page	2026-08-28	hand-keyed-from-rendered-source; OCR-not-copied
129	new	TKO	Tukaithad-Korku	61	55	left	une	5	attested	high		manual visual inspection of 400-dpi rendered PDF page	2026-08-28	hand-keyed-from-rendered-source; OCR-not-copied
129	new	NJA	Nihali-Jamod	61	55	left	nahʊa | nahʊa	2 | 4	attested	high		manual visual inspection of 400-dpi rendered PDF page	2026-08-28	hand-keyed-from-rendered-source; OCR-not-copied
130	good	NCH	Noiri-Chillare	61	55	left	hadzo	1	attested	high		manual visual inspection of 400-dpi rendered PDF page	2026-08-28	hand-keyed-from-rendered-source; OCR-not-copied
130	good	NPN	Noiri-Pannali	61	55	left	hadzo	1	attested	high		manual visual inspection of 400-dpi rendered PDF page	2026-08-28	hand-keyed-from-rendered-source; OCR-not-copied
130	good	NAS	Noiri-Astambha	61	55	left	hadzo	1	attested	high		manual visual inspection of 400-dpi rendered PDF page	2026-08-28	hand-keyed-from-rendered-source; OCR-not-copied
130	good	NGO	Noiri-Gomon	61	55	left	nʌdzo	1	attested	high		manual visual inspection of 400-dpi rendered PDF page	2026-08-28	hand-keyed-from-rendered-source; OCR-not-copied
130	good	BMU	Barutiya-Mutalwad	61	55	left	hadzu	1	attested	high		manual visual inspection of 400-dpi rendered PDF page	2026-08-28	hand-keyed-from-rendered-source; OCR-not-copied
130	good	DBM	Dungra Bhili-Mathwad	61	55	left	hadʒo	1	attested	high		manual visual inspection of 400-dpi rendered PDF page	2026-08-28	hand-keyed-from-rendered-source; OCR-not-copied
130	good	DBA	Dungra Bhili-Ambadungar	61	55	left	hadʒɔ	1	attested	high		manual visual inspection of 400-dpi rendered PDF page	2026-08-28	hand-keyed-from-rendered-source; OCR-not-copied
130	good	NTO	Nahali-Toranmal	61	55	left	hadzo	1	attested	high		manual visual inspection of 400-dpi rendered PDF page	2026-08-28	hand-keyed-from-rendered-source; OCR-not-copied
130	good	KNA	Kotli-Narayanpur	61	55	left	ovʌlʌs	7	attested	high		manual visual inspection of 400-dpi rendered PDF page	2026-08-28	hand-keyed-from-rendered-source; OCR-not-copied
130	good	KTA	Kotli-Taradi	61	55	left	avɭ	6	attested	high		manual visual inspection of 400-dpi rendered PDF page	2026-08-28	hand-keyed-from-rendered-source; OCR-not-copied
130	good	GTA	Gujari-Taradi	61	55	left	saru	2	attested	high		manual visual inspection of 400-dpi rendered PDF page	2026-08-28	hand-keyed-from-rendered-source; OCR-not-copied
130	good	GUJ	Gujarati	61	55	left	sarəs	2	attested	high		manual visual inspection of 400-dpi rendered PDF page	2026-08-28	hand-keyed-from-rendered-source; OCR-not-copied
130	good	MAR	Marati	61	55	left	tsaŋgla	5	attested	high		manual visual inspection of 400-dpi rendered PDF page	2026-08-28	hand-keyed-from-rendered-source; OCR-not-copied
130	good	HIN	Hindi	61	55	left	ʌtʃtʃha | bəɽhija	3 | 4	attested	high		manual visual inspection of 400-dpi rendered PDF page	2026-08-28	hand-keyed-from-rendered-source; OCR-not-copied
130	good	NTE	Nahali-Tembhi	61	55	left	atʃha	3	attested	high		manual visual inspection of 400-dpi rendered PDF page	2026-08-28	hand-keyed-from-rendered-source; OCR-not-copied
130	good	TKO	Tukaithad-Korku	61	55	left	aʊlka	8	attested	high		manual visual inspection of 400-dpi rendered PDF page	2026-08-28	hand-keyed-from-rendered-source; OCR-not-copied
130	good	NJA	Nihali-Jamod	61	55	left	masʈo	9	attested	high		manual visual inspection of 400-dpi rendered PDF page	2026-08-28	hand-keyed-from-rendered-source; OCR-not-copied
131	bad	NCH	Noiri-Chillare	61	55	left	kʌini hadʒo	2	attested	high		manual visual inspection of 400-dpi rendered PDF page	2026-08-28	hand-keyed-from-rendered-source; OCR-not-copied
131	bad	NPN	Noiri-Pannali	61	55	left	kʌini-hadzo	2	attested	high		manual visual inspection of 400-dpi rendered PDF page	2026-08-28	hand-keyed-from-rendered-source; OCR-not-copied
131	bad	NAS	Noiri-Astambha	61	55	left	kʌini hadʒo | nehadzu	2 | 2	attested	high		manual visual inspection of 400-dpi rendered PDF page	2026-08-28	hand-keyed-from-rendered-source; OCR-not-copied
131	bad	NGO	Noiri-Gomon	61	55	left	nʌhʌdzo | komi	2 | 7	attested	high		manual visual inspection of 400-dpi rendered PDF page	2026-08-28	hand-keyed-from-rendered-source; OCR-not-copied
131	bad	BMU	Barutiya-Mutalwad	61	55	right	kʌini hʌdʒo | ɳahadzu	2 | 2	attested	high		manual visual inspection of 400-dpi rendered PDF page	2026-08-28	hand-keyed-from-rendered-source; OCR-not-copied
131	bad	DBM	Dungra Bhili-Mathwad	61	55	right	hadʒonʌi	2	attested	high		manual visual inspection of 400-dpi rendered PDF page	2026-08-28	hand-keyed-from-rendered-source; OCR-not-copied
131	bad	DBA	Dungra Bhili-Ambadungar	61	55	right	khʌrabe	1	attested	high		manual visual inspection of 400-dpi rendered PDF page	2026-08-28	hand-keyed-from-rendered-source; OCR-not-copied
131	bad	NTO	Nahali-Toranmal	61	55	right	khʌrap	1	attested	high		manual visual inspection of 400-dpi rendered PDF page	2026-08-28	hand-keyed-from-rendered-source; OCR-not-copied
131	bad	KNA	Kotli-Narayanpur	61	55	right	kaninao-vʌlʌs | sʌɖigʌja | pidigʌja	3 | 4 | 4	attested	high		manual visual inspection of 400-dpi rendered PDF page	2026-08-28	hand-keyed-from-rendered-source; OCR-not-copied
131	bad	KTA	Kotli-Taradi	61	55	right	khʌrab	1	attested	high		manual visual inspection of 400-dpi rendered PDF page	2026-08-28	hand-keyed-from-rendered-source; OCR-not-copied
131	bad	GTA	Gujari-Taradi	61	55	right	khʌrab	1	attested	high		manual visual inspection of 400-dpi rendered PDF page	2026-08-28	hand-keyed-from-rendered-source; OCR-not-copied
131	bad	GUJ	Gujarati	61	55	right	khərab	1	attested	high		manual visual inspection of 400-dpi rendered PDF page	2026-08-28	hand-keyed-from-rendered-source; OCR-not-copied
131	bad	MAR	Marati	61	55	right	khʌrab | wait	1 | 6	attested	high		manual visual inspection of 400-dpi rendered PDF page	2026-08-28	hand-keyed-from-rendered-source; OCR-not-copied
131	bad	HIN	Hindi	61	55	right	khərab	1	attested	high		manual visual inspection of 400-dpi rendered PDF page	2026-08-28	hand-keyed-from-rendered-source; OCR-not-copied
131	bad	NTE	Nahali-Tembhi	61	55	right	surʌi	8	attested	high		manual visual inspection of 400-dpi rendered PDF page	2026-08-28	hand-keyed-from-rendered-source; OCR-not-copied
131	bad	TKO	Tukaithad-Korku	61	55	right	surʌi	8	attested	high		manual visual inspection of 400-dpi rendered PDF page	2026-08-28	hand-keyed-from-rendered-source; OCR-not-copied
131	bad	NJA	Nihali-Jamod	61	55	right	bekar	9	attested	high		manual visual inspection of 400-dpi rendered PDF page	2026-08-28	hand-keyed-from-rendered-source; OCR-not-copied
132	wet	NCH	Noiri-Chillare	61	55	right	piginɔ	1	attested	high		manual visual inspection of 400-dpi rendered PDF page	2026-08-28	hand-keyed-from-rendered-source; OCR-not-copied
132	wet	NPN	Noiri-Pannali	61	55	right	pigilo	1	attested	high		manual visual inspection of 400-dpi rendered PDF page	2026-08-28	hand-keyed-from-rendered-source; OCR-not-copied
132	wet	NAS	Noiri-Astambha	61	55	right	pignɔ	1	attested	high		manual visual inspection of 400-dpi rendered PDF page	2026-08-28	hand-keyed-from-rendered-source; OCR-not-copied
132	wet	NGO	Noiri-Gomon	61	55	right	pigino	1	attested	high		manual visual inspection of 400-dpi rendered PDF page	2026-08-28	hand-keyed-from-rendered-source; OCR-not-copied
132	wet	BMU	Barutiya-Mutalwad	61	55	right	pigli	1	attested	high		manual visual inspection of 400-dpi rendered PDF page	2026-08-28	hand-keyed-from-rendered-source; OCR-not-copied
132	wet	DBM	Dungra Bhili-Mathwad	61	55	right	piginɔ | ʈiʈino	1 | 4	attested	high		manual visual inspection of 400-dpi rendered PDF page	2026-08-28	hand-keyed-from-rendered-source; OCR-not-copied
132	wet	DBA	Dungra Bhili-Ambadungar	61	55	right	pignɔ	1	attested	high		manual visual inspection of 400-dpi rendered PDF page	2026-08-28	hand-keyed-from-rendered-source; OCR-not-copied
132	wet	NTO	Nahali-Toranmal	61	55	right	bidʒel	6	attested	high		manual visual inspection of 400-dpi rendered PDF page	2026-08-28	hand-keyed-from-rendered-source; OCR-not-copied
132	wet	KNA	Kotli-Narayanpur	61	55	right	nija	2	attested	high		manual visual inspection of 400-dpi rendered PDF page	2026-08-28	hand-keyed-from-rendered-source; OCR-not-copied
132	wet	KTA	Kotli-Taradi	61	55	right	nija	2	attested	high		manual visual inspection of 400-dpi rendered PDF page	2026-08-28	hand-keyed-from-rendered-source; OCR-not-copied
132	wet	GTA	Gujari-Taradi	61	55	right	lillu	3	attested	high		manual visual inspection of 400-dpi rendered PDF page	2026-08-28	hand-keyed-from-rendered-source; OCR-not-copied
132	wet	GUJ	Gujarati	61	55	right	bɦinĩ | pəɭa-rəvũ	8 | 9	attested	high		manual visual inspection of 400-dpi rendered PDF page	2026-08-28	hand-keyed-from-rendered-source; OCR-not-copied
132	wet	MAR	Marati	61	55	right	ola | bhʌdʒlela	5 | 6	attested	high		manual visual inspection of 400-dpi rendered PDF page	2026-08-28	hand-keyed-from-rendered-source; OCR-not-copied
132	wet	HIN	Hindi	61	55	right	gila	5	attested	high		manual visual inspection of 400-dpi rendered PDF page	2026-08-28	hand-keyed-from-rendered-source; OCR-not-copied
132	wet	NTE	Nahali-Tembhi	61	55	right	ola	5	attested	high		manual visual inspection of 400-dpi rendered PDF page	2026-08-28	hand-keyed-from-rendered-source; OCR-not-copied
132	wet	TKO	Tukaithad-Korku	61	55	right	ola	5	attested	high		manual visual inspection of 400-dpi rendered PDF page	2026-08-28	hand-keyed-from-rendered-source; OCR-not-copied
132	wet	NJA	Nihali-Jamod	61	55	right	ola	5	attested	high		manual visual inspection of 400-dpi rendered PDF page	2026-08-28	hand-keyed-from-rendered-source; OCR-not-copied
133	dry	NCH	Noiri-Chillare	61	55	left	ugʌinɔ	1	attested	high		manual visual inspection of 400-dpi rendered PDF page	2026-08-28	hand-keyed-from-rendered-source; OCR-not-copied
133	dry	NPN	Noiri-Pannali	61	55	left	ugʌino	1	attested	high		manual visual inspection of 400-dpi rendered PDF page	2026-08-28	hand-keyed-from-rendered-source; OCR-not-copied
133	dry	NAS	Noiri-Astambha	61	55	left	uganɔ	1	attested	high		manual visual inspection of 400-dpi rendered PDF page	2026-08-28	hand-keyed-from-rendered-source; OCR-not-copied
133	dry	NGO	Noiri-Gomon	61	55	left	ugʌino	1	attested	high		manual visual inspection of 400-dpi rendered PDF page	2026-08-28	hand-keyed-from-rendered-source; OCR-not-copied
133	dry	BMU	Barutiya-Mutalwad	61	55	left	ugalu	1	attested	high		manual visual inspection of 400-dpi rendered PDF page	2026-08-28	hand-keyed-from-rendered-source; OCR-not-copied
133	dry	DBM	Dungra Bhili-Mathwad	61	55	left	ugʌinɔ	1	attested	high		manual visual inspection of 400-dpi rendered PDF page	2026-08-28	hand-keyed-from-rendered-source; OCR-not-copied
133	dry	DBA	Dungra Bhili-Ambadungar	61	55	left	ʊgajinɔ	1	attested	high		manual visual inspection of 400-dpi rendered PDF page	2026-08-28	hand-keyed-from-rendered-source; OCR-not-copied
133	dry	NTO	Nahali-Toranmal	61	55	left	hukel	2	attested	high		manual visual inspection of 400-dpi rendered PDF page	2026-08-28	hand-keyed-from-rendered-source; OCR-not-copied
133	dry	KNA	Kotli-Narayanpur	61	55	left	sukʌila	2	attested	high		manual visual inspection of 400-dpi rendered PDF page	2026-08-28	hand-keyed-from-rendered-source; OCR-not-copied
133	dry	KTA	Kotli-Taradi	61	55	right	sukhʌl | kojaɖa	2 | 4	attested	high		manual visual inspection of 400-dpi rendered PDF page	2026-08-28	hand-keyed-from-rendered-source; OCR-not-copied
133	dry	GTA	Gujari-Taradi	61	55	right	koɖu	3	attested	high		manual visual inspection of 400-dpi rendered PDF page	2026-08-28	hand-keyed-from-rendered-source; OCR-not-copied
133	dry	GUJ	Gujarati	61	55	right	sukũ | korũ	2 | 3	attested	high		manual visual inspection of 400-dpi rendered PDF page	2026-08-28	hand-keyed-from-rendered-source; OCR-not-copied
133	dry	MAR	Marati	61	55	right	sukha | koɖa | koɖa	2 | 3 | 4	attested	high		manual visual inspection of 400-dpi rendered PDF page	2026-08-28	hand-keyed-from-rendered-source; OCR-not-copied
133	dry	HIN	Hindi	61	55	right	sukha	2	attested	high		manual visual inspection of 400-dpi rendered PDF page	2026-08-28	hand-keyed-from-rendered-source; OCR-not-copied
133	dry	NTE	Nahali-Tembhi	61	55	right	lokor	5	attested	high		manual visual inspection of 400-dpi rendered PDF page	2026-08-28	hand-keyed-from-rendered-source; OCR-not-copied
133	dry	TKO	Tukaithad-Korku	61	55	right	lokor	5	attested	high		manual visual inspection of 400-dpi rendered PDF page	2026-08-28	hand-keyed-from-rendered-source; OCR-not-copied
133	dry	NJA	Nihali-Jamod	61	55	right	pʌʈar	6	attested	high		manual visual inspection of 400-dpi rendered PDF page	2026-08-28	hand-keyed-from-rendered-source; OCR-not-copied
134	long	NCH	Noiri-Chillare	62	56	left	lambɔ	1	attested	high		manual visual inspection of 400-dpi rendered PDF page	2026-08-28	hand-keyed-from-rendered-source; OCR-not-copied
134	long	NPN	Noiri-Pannali	62	56	left	lambo	1	attested	high		manual visual inspection of 400-dpi rendered PDF page	2026-08-28	hand-keyed-from-rendered-source; OCR-not-copied
134	long	NAS	Noiri-Astambha	62	56	left	nambɔ	1	attested	high		manual visual inspection of 400-dpi rendered PDF page	2026-08-28	hand-keyed-from-rendered-source; OCR-not-copied
134	long	NGO	Noiri-Gomon	62	56	left	nambo	1	attested	high		manual visual inspection of 400-dpi rendered PDF page	2026-08-28	hand-keyed-from-rendered-source; OCR-not-copied
134	long	BMU	Barutiya-Mutalwad	62	56	left	lambo | nambi	1 | 1	attested	high		manual visual inspection of 400-dpi rendered PDF page	2026-08-28	hand-keyed-from-rendered-source; OCR-not-copied
134	long	DBM	Dungra Bhili-Mathwad	62	56	left	nambɔ	1	attested	high		manual visual inspection of 400-dpi rendered PDF page	2026-08-28	hand-keyed-from-rendered-source; OCR-not-copied
134	long	DBA	Dungra Bhili-Ambadungar	62	56	left	nambɔ	1	attested	high		manual visual inspection of 400-dpi rendered PDF page	2026-08-28	hand-keyed-from-rendered-source; OCR-not-copied
134	long	NTO	Nahali-Toranmal	62	56	left	lambo	1	attested	high		manual visual inspection of 400-dpi rendered PDF page	2026-08-28	hand-keyed-from-rendered-source; OCR-not-copied
134	long	KNA	Kotli-Narayanpur	62	56	left	lʌmba	1	attested	high		manual visual inspection of 400-dpi rendered PDF page	2026-08-28	hand-keyed-from-rendered-source; OCR-not-copied
134	long	KTA	Kotli-Taradi	62	56	left	lamba	1	attested	high		manual visual inspection of 400-dpi rendered PDF page	2026-08-28	hand-keyed-from-rendered-source; OCR-not-copied
134	long	GTA	Gujari-Taradi	62	56	left	lambu	1	attested	high		manual visual inspection of 400-dpi rendered PDF page	2026-08-28	hand-keyed-from-rendered-source; OCR-not-copied
134	long	GUJ	Gujarati	62	56	left	lambũ	1	attested	high		manual visual inspection of 400-dpi rendered PDF page	2026-08-28	hand-keyed-from-rendered-source; OCR-not-copied
134	long	MAR	Marati	62	56	left	lambʌ	1	attested	high		manual visual inspection of 400-dpi rendered PDF page	2026-08-28	hand-keyed-from-rendered-source; OCR-not-copied
134	long	HIN	Hindi	62	56	left	ləmbu	1	attested	high		manual visual inspection of 400-dpi rendered PDF page	2026-08-28	hand-keyed-from-rendered-source; OCR-not-copied
134	long	NTE	Nahali-Tembhi	62	56	left	lʌmba	1	attested	high		manual visual inspection of 400-dpi rendered PDF page	2026-08-28	hand-keyed-from-rendered-source; OCR-not-copied
134	long	TKO	Tukaithad-Korku	62	56	left	lʌmba	1	attested	high		manual visual inspection of 400-dpi rendered PDF page	2026-08-28	hand-keyed-from-rendered-source; OCR-not-copied
134	long	NJA	Nihali-Jamod	62	56	left	lʌmba	1	attested	high		manual visual inspection of 400-dpi rendered PDF page	2026-08-28	hand-keyed-from-rendered-source; OCR-not-copied
135	short	NCH	Noiri-Chillare	62	56	left	tukɔ	1	attested	high		manual visual inspection of 400-dpi rendered PDF page	2026-08-28	hand-keyed-from-rendered-source; OCR-not-copied
135	short	NPN	Noiri-Pannali	62	56	left	aiʈo	7	attested	high		manual visual inspection of 400-dpi rendered PDF page	2026-08-28	hand-keyed-from-rendered-source; OCR-not-copied
135	short	NAS	Noiri-Astambha	62	56	left	ʈokɔ | hano | hano	1 | 12 | 8	attested	high		manual visual inspection of 400-dpi rendered PDF page	2026-08-28	hand-keyed-from-rendered-source; OCR-not-copied
135	short	NGO	Noiri-Gomon	62	56	left	aiʈo	7	attested	high		manual visual inspection of 400-dpi rendered PDF page	2026-08-28	hand-keyed-from-rendered-source; OCR-not-copied
135	short	BMU	Barutiya-Mutalwad	62	56	left	ʈoko	1	attested	high		manual visual inspection of 400-dpi rendered PDF page	2026-08-28	hand-keyed-from-rendered-source; OCR-not-copied
135	short	DBM	Dungra Bhili-Mathwad	62	56	left	tukɖo	1	attested	high		manual visual inspection of 400-dpi rendered PDF page	2026-08-28	hand-keyed-from-rendered-source; OCR-not-copied
135	short	DBA	Dungra Bhili-Ambadungar	62	56	left	tʊkʌrɔ	1	attested	high		manual visual inspection of 400-dpi rendered PDF page	2026-08-28	hand-keyed-from-rendered-source; OCR-not-copied
135	short	NTO	Nahali-Toranmal	62	56	left	ʈiljo	10	attested	high		manual visual inspection of 400-dpi rendered PDF page	2026-08-28	hand-keyed-from-rendered-source; OCR-not-copied
135	short	KNA	Kotli-Narayanpur	62	56	left	nʌhna | nʌhna	12 | 4	attested	high		manual visual inspection of 400-dpi rendered PDF page	2026-08-28	hand-keyed-from-rendered-source; OCR-not-copied
135	short	KTA	Kotli-Taradi	62	56	left	nana | nana	12 | 4	attested	high		manual visual inspection of 400-dpi rendered PDF page	2026-08-28	hand-keyed-from-rendered-source; OCR-not-copied
135	short	GTA	Gujari-Taradi	62	56	left	hʌnɖaɖu	5	attested	high		manual visual inspection of 400-dpi rendered PDF page	2026-08-28	hand-keyed-from-rendered-source; OCR-not-copied
135	short	GUJ	Gujarati	62	56	left	ʈũkũ	1	attested	high		manual visual inspection of 400-dpi rendered PDF page	2026-08-28	hand-keyed-from-rendered-source; OCR-not-copied
135	short	MAR	Marati	62	56	left	tʃhoʈa | akhuɖ | lahan	2 | 3 | 4	attested	high		manual visual inspection of 400-dpi rendered PDF page	2026-08-28	hand-keyed-from-rendered-source; OCR-not-copied
135	short	HIN	Hindi	62	56	left	tʃhoʈa	2	attested	high		manual visual inspection of 400-dpi rendered PDF page	2026-08-28	hand-keyed-from-rendered-source; OCR-not-copied
135	short	NTE	Nahali-Tembhi	62	56	right	sʌnika	8	attested	high		manual visual inspection of 400-dpi rendered PDF page	2026-08-28	hand-keyed-from-rendered-source; OCR-not-copied
135	short	TKO	Tukaithad-Korku	62	56	right	sʌni	8	attested	high		manual visual inspection of 400-dpi rendered PDF page	2026-08-28	hand-keyed-from-rendered-source; OCR-not-copied
135	short	NJA	Nihali-Jamod	62	56	right	bʌtʃka	9	attested	high		manual visual inspection of 400-dpi rendered PDF page	2026-08-28	hand-keyed-from-rendered-source; OCR-not-copied
