Item	Gloss	Site_Code	Site_Name	PDF_Page	Printed_Page	Column	Manual_Transcription	Source_Cognate_Labels	Review_Status	Confidence	Uncertainty	Reviewer_Method	Reviewed_At	Reviewer_Declaration
159	knife (to cut meat)	MN	Minyong	28	24	left	jokhuuk	2	attested	high		manual visual inspection of 400-dpi rendered PDF page; text scaffold not accepted without cell visual match	2026-08-28	hand-keyed-from-rendered-source; OCR-not-copied
159	knife (to cut meat)	BR	Bori	28	24	left	joʃik	2	attested	high		manual visual inspection of 400-dpi rendered PDF page; text scaffold not accepted without cell visual match	2026-08-28	hand-keyed-from-rendered-source; OCR-not-copied
159	knife (to cut meat)	RM	Ramo	28	24	left	joʔʃikh	2	attested	high		manual visual inspection of 400-dpi rendered PDF page; text scaffold not accepted without cell visual match	2026-08-28	hand-keyed-from-rendered-source; OCR-not-copied
159	knife (to cut meat)	ML	Milang	28	24	left	jogu	1	attested	high		manual visual inspection of 400-dpi rendered PDF page; text scaffold not accepted without cell visual match	2026-08-28	hand-keyed-from-rendered-source; OCR-not-copied
159	knife (to cut meat)	PL	Pailibo	28	24	left	jokʃuuk | jokʃuuk	2 | 3	attested	high		manual visual inspection of 400-dpi rendered PDF page; text scaffold not accepted without cell visual match	2026-08-28	hand-keyed-from-rendered-source; OCR-not-copied
159	knife (to cut meat)	AS	Ashing (Bogum Bokang)	28	24	left	tʃuukd̪o	3	attested	high		manual visual inspection of 400-dpi rendered PDF page; text scaffold not accepted without cell visual match	2026-08-28	hand-keyed-from-rendered-source; OCR-not-copied
159	knife (to cut meat)	PD	Padam	28	24	left	joktʃuk | joktʃuk	2 | 3	attested	high		manual visual inspection of 400-dpi rendered PDF page; text scaffold not accepted without cell visual match	2026-08-28	hand-keyed-from-rendered-source; OCR-not-copied
159	knife (to cut meat)	SM	Shimong	28	24	left	jokhik	2	attested	high		manual visual inspection of 400-dpi rendered PDF page; text scaffold not accepted without cell visual match	2026-08-28	hand-keyed-from-rendered-source; OCR-not-copied
159	knife (to cut meat)	BK	Bokar	28	24	left	jokʃuuk | jokʃuuk	2 | 3	attested	high		manual visual inspection of 400-dpi rendered PDF page; text scaffold not accepted without cell visual match	2026-08-28	hand-keyed-from-rendered-source; OCR-not-copied
160	hammer	MN	Minyong	28	24	left		0	source_blank	high	Source prints cognate label 0 and ‘no entry’.	manual visual inspection of 400-dpi rendered PDF page; text scaffold not accepted without cell visual match	2026-08-28	hand-keyed-from-rendered-source; OCR-not-copied
160	hammer	BR	Bori	28	24	left	mant̪ruŋ	1	attested	high		manual visual inspection of 400-dpi rendered PDF page; text scaffold not accepted without cell visual match	2026-08-28	hand-keyed-from-rendered-source; OCR-not-copied
160	hammer	RM	Ramo	28	24	left	mərt̪um	2	attested	high		manual visual inspection of 400-dpi rendered PDF page; text scaffold not accepted without cell visual match	2026-08-28	hand-keyed-from-rendered-source; OCR-not-copied
160	hammer	ML	Milang	28	24	left	mart̪ul	2	attested	high		manual visual inspection of 400-dpi rendered PDF page; text scaffold not accepted without cell visual match	2026-08-28	hand-keyed-from-rendered-source; OCR-not-copied
160	hammer	PL	Pailibo	28	24	left	mart̪ul	2	attested	high		manual visual inspection of 400-dpi rendered PDF page; text scaffold not accepted without cell visual match	2026-08-28	hand-keyed-from-rendered-source; OCR-not-copied
160	hammer	AS	Ashing (Bogum Bokang)	28	24	left	mart̪ul	2	attested	high		manual visual inspection of 400-dpi rendered PDF page; text scaffold not accepted without cell visual match	2026-08-28	hand-keyed-from-rendered-source; OCR-not-copied
160	hammer	PD	Padam	28	24	left	mart̪ul	2	attested	high		manual visual inspection of 400-dpi rendered PDF page; text scaffold not accepted without cell visual match	2026-08-28	hand-keyed-from-rendered-source; OCR-not-copied
160	hammer	SM	Shimong	28	24	left	mart̪ul	2	attested	high		manual visual inspection of 400-dpi rendered PDF page; text scaffold not accepted without cell visual match	2026-08-28	hand-keyed-from-rendered-source; OCR-not-copied
160	hammer	BK	Bokar	28	24	left	t̪oh	3	attested	high		manual visual inspection of 400-dpi rendered PDF page; text scaffold not accepted without cell visual match	2026-08-28	hand-keyed-from-rendered-source; OCR-not-copied
161	axe	MN	Minyong	28	24	left	əguŋ	1	attested	high		manual visual inspection of 400-dpi rendered PDF page; text scaffold not accepted without cell visual match	2026-08-28	hand-keyed-from-rendered-source; OCR-not-copied
161	axe	BR	Bori	28	24	left	həguŋ	1	attested	high		manual visual inspection of 400-dpi rendered PDF page; text scaffold not accepted without cell visual match	2026-08-28	hand-keyed-from-rendered-source; OCR-not-copied
161	axe	RM	Ramo	28	24	left	ja	2	attested	high		manual visual inspection of 400-dpi rendered PDF page; text scaffold not accepted without cell visual match	2026-08-28	hand-keyed-from-rendered-source; OCR-not-copied
161	axe	ML	Milang	28	24	left	rapu	3	attested	high		manual visual inspection of 400-dpi rendered PDF page; text scaffold not accepted without cell visual match	2026-08-28	hand-keyed-from-rendered-source; OCR-not-copied
161	axe	PL	Pailibo	28	24	left	əgu	1	attested	high		manual visual inspection of 400-dpi rendered PDF page; text scaffold not accepted without cell visual match	2026-08-28	hand-keyed-from-rendered-source; OCR-not-copied
161	axe	AS	Ashing (Bogum Bokang)	28	24	left	əguŋ	1	attested	high		manual visual inspection of 400-dpi rendered PDF page; text scaffold not accepted without cell visual match	2026-08-28	hand-keyed-from-rendered-source; OCR-not-copied
161	axe	PD	Padam	28	24	left	əguŋ	1	attested	high		manual visual inspection of 400-dpi rendered PDF page; text scaffold not accepted without cell visual match	2026-08-28	hand-keyed-from-rendered-source; OCR-not-copied
161	axe	SM	Shimong	28	24	left	əguŋ	1	attested	high		manual visual inspection of 400-dpi rendered PDF page; text scaffold not accepted without cell visual match	2026-08-28	hand-keyed-from-rendered-source; OCR-not-copied
161	axe	BK	Bokar	28	24	left	ja	2	attested	high		manual visual inspection of 400-dpi rendered PDF page; text scaffold not accepted without cell visual match	2026-08-28	hand-keyed-from-rendered-source; OCR-not-copied
162	bow	MN	Minyong	28	24	left	ijjə	1	attested	high		manual visual inspection of 400-dpi rendered PDF page; text scaffold not accepted without cell visual match	2026-08-28	hand-keyed-from-rendered-source; OCR-not-copied
162	bow	BR	Bori	28	24	left	itʃe	3	attested	high		manual visual inspection of 400-dpi rendered PDF page; text scaffold not accepted without cell visual match	2026-08-28	hand-keyed-from-rendered-source; OCR-not-copied
162	bow	RM	Ramo	28	24	left	iji	1	attested	high		manual visual inspection of 400-dpi rendered PDF page; text scaffold not accepted without cell visual match	2026-08-28	hand-keyed-from-rendered-source; OCR-not-copied
162	bow	ML	Milang	28	24	left	rabha	2	attested	high		manual visual inspection of 400-dpi rendered PDF page; text scaffold not accepted without cell visual match	2026-08-28	hand-keyed-from-rendered-source; OCR-not-copied
162	bow	PL	Pailibo	28	24	left	uji	1	attested	high		manual visual inspection of 400-dpi rendered PDF page; text scaffold not accepted without cell visual match	2026-08-28	hand-keyed-from-rendered-source; OCR-not-copied
162	bow	AS	Ashing (Bogum Bokang)	28	24	middle	ijpə	1	attested	high		manual visual inspection of 400-dpi rendered PDF page; text scaffold not accepted without cell visual match	2026-08-28	hand-keyed-from-rendered-source; OCR-not-copied
162	bow	PD	Padam	28	24	middle	ujji	1	attested	high		manual visual inspection of 400-dpi rendered PDF page; text scaffold not accepted without cell visual match	2026-08-28	hand-keyed-from-rendered-source; OCR-not-copied
162	bow	SM	Shimong	28	24	middle	ijji	1	attested	high		manual visual inspection of 400-dpi rendered PDF page; text scaffold not accepted without cell visual match	2026-08-28	hand-keyed-from-rendered-source; OCR-not-copied
162	bow	BK	Bokar	28	24	middle	iji	1	attested	high		manual visual inspection of 400-dpi rendered PDF page; text scaffold not accepted without cell visual match	2026-08-28	hand-keyed-from-rendered-source; OCR-not-copied
163	arrow	MN	Minyong	28	24	middle	əʔuk	2	attested	high		manual visual inspection of 400-dpi rendered PDF page; text scaffold not accepted without cell visual match	2026-08-28	hand-keyed-from-rendered-source; OCR-not-copied
163	arrow	BR	Bori	28	24	middle	əpuk	2	attested	high		manual visual inspection of 400-dpi rendered PDF page; text scaffold not accepted without cell visual match	2026-08-28	hand-keyed-from-rendered-source; OCR-not-copied
163	arrow	RM	Ramo	28	24	middle	upukh	4	attested	high		manual visual inspection of 400-dpi rendered PDF page; text scaffold not accepted without cell visual match	2026-08-28	hand-keyed-from-rendered-source; OCR-not-copied
163	arrow	ML	Milang	28	24	middle	appha	1	attested	high		manual visual inspection of 400-dpi rendered PDF page; text scaffold not accepted without cell visual match	2026-08-28	hand-keyed-from-rendered-source; OCR-not-copied
163	arrow	PL	Pailibo	28	24	middle	upukh	4	attested	high		manual visual inspection of 400-dpi rendered PDF page; text scaffold not accepted without cell visual match	2026-08-28	hand-keyed-from-rendered-source; OCR-not-copied
163	arrow	AS	Ashing (Bogum Bokang)	28	24	middle	pud̪uu	3	attested	high		manual visual inspection of 400-dpi rendered PDF page; text scaffold not accepted without cell visual match	2026-08-28	hand-keyed-from-rendered-source; OCR-not-copied
163	arrow	PD	Padam	28	24	middle	əpuk	2	attested	high		manual visual inspection of 400-dpi rendered PDF page; text scaffold not accepted without cell visual match	2026-08-28	hand-keyed-from-rendered-source; OCR-not-copied
163	arrow	SM	Shimong	28	24	middle	əpuk	2	attested	high		manual visual inspection of 400-dpi rendered PDF page; text scaffold not accepted without cell visual match	2026-08-28	hand-keyed-from-rendered-source; OCR-not-copied
163	arrow	BK	Bokar	28	24	middle	opuk	2	attested	high		manual visual inspection of 400-dpi rendered PDF page; text scaffold not accepted without cell visual match	2026-08-28	hand-keyed-from-rendered-source; OCR-not-copied
164	spear	MN	Minyong	28	24	middle	ɲud̪uuŋ | ɲud̪uuŋ	1 | 2	attested	high		manual visual inspection of 400-dpi rendered PDF page; text scaffold not accepted without cell visual match	2026-08-28	hand-keyed-from-rendered-source; OCR-not-copied
164	spear	BR	Bori	28	24	middle	mud̪uuk	2	attested	high		manual visual inspection of 400-dpi rendered PDF page; text scaffold not accepted without cell visual match	2026-08-28	hand-keyed-from-rendered-source; OCR-not-copied
164	spear	RM	Ramo	28	24	middle	nuubuŋ	3	attested	high		manual visual inspection of 400-dpi rendered PDF page; text scaffold not accepted without cell visual match	2026-08-28	hand-keyed-from-rendered-source; OCR-not-copied
164	spear	ML	Milang	28	24	middle	rad̪aŋ	4	attested	high		manual visual inspection of 400-dpi rendered PDF page; text scaffold not accepted without cell visual match	2026-08-28	hand-keyed-from-rendered-source; OCR-not-copied
164	spear	PL	Pailibo	28	24	middle	nuubu	3	attested	high		manual visual inspection of 400-dpi rendered PDF page; text scaffold not accepted without cell visual match	2026-08-28	hand-keyed-from-rendered-source; OCR-not-copied
164	spear	AS	Ashing (Bogum Bokang)	28	24	middle	uunuŋ	1	attested	high		manual visual inspection of 400-dpi rendered PDF page; text scaffold not accepted without cell visual match	2026-08-28	hand-keyed-from-rendered-source; OCR-not-copied
164	spear	PD	Padam	28	24	middle	guunuŋ	1	attested	high		manual visual inspection of 400-dpi rendered PDF page; text scaffold not accepted without cell visual match	2026-08-28	hand-keyed-from-rendered-source; OCR-not-copied
164	spear	SM	Shimong	28	24	middle	ɲud̪uuŋ | ɲud̪uuŋ	1 | 2	attested	high		manual visual inspection of 400-dpi rendered PDF page; text scaffold not accepted without cell visual match	2026-08-28	hand-keyed-from-rendered-source; OCR-not-copied
164	spear	BK	Bokar	28	24	middle	nuuŋbuŋ	3	attested	high		manual visual inspection of 400-dpi rendered PDF page; text scaffold not accepted without cell visual match	2026-08-28	hand-keyed-from-rendered-source; OCR-not-copied
165	fire	MN	Minyong	28	24	middle	əmə	1	attested	high		manual visual inspection of 400-dpi rendered PDF page; text scaffold not accepted without cell visual match	2026-08-28	hand-keyed-from-rendered-source; OCR-not-copied
165	fire	BR	Bori	28	24	middle	əmə	1	attested	high		manual visual inspection of 400-dpi rendered PDF page; text scaffold not accepted without cell visual match	2026-08-28	hand-keyed-from-rendered-source; OCR-not-copied
165	fire	RM	Ramo	28	24	middle	em	1	attested	high		manual visual inspection of 400-dpi rendered PDF page; text scaffold not accepted without cell visual match	2026-08-28	hand-keyed-from-rendered-source; OCR-not-copied
165	fire	ML	Milang	28	24	middle	ami	1	attested	high		manual visual inspection of 400-dpi rendered PDF page; text scaffold not accepted without cell visual match	2026-08-28	hand-keyed-from-rendered-source; OCR-not-copied
165	fire	PL	Pailibo	28	24	middle	əmə	1	attested	high		manual visual inspection of 400-dpi rendered PDF page; text scaffold not accepted without cell visual match	2026-08-28	hand-keyed-from-rendered-source; OCR-not-copied
165	fire	AS	Ashing (Bogum Bokang)	28	24	middle	əmə	1	attested	high		manual visual inspection of 400-dpi rendered PDF page; text scaffold not accepted without cell visual match	2026-08-28	hand-keyed-from-rendered-source; OCR-not-copied
165	fire	PD	Padam	28	24	middle	əmə	1	attested	high		manual visual inspection of 400-dpi rendered PDF page; text scaffold not accepted without cell visual match	2026-08-28	hand-keyed-from-rendered-source; OCR-not-copied
165	fire	SM	Shimong	28	24	middle	əmə	1	attested	high		manual visual inspection of 400-dpi rendered PDF page; text scaffold not accepted without cell visual match	2026-08-28	hand-keyed-from-rendered-source; OCR-not-copied
165	fire	BK	Bokar	28	24	middle	əmə	1	attested	high		manual visual inspection of 400-dpi rendered PDF page; text scaffold not accepted without cell visual match	2026-08-28	hand-keyed-from-rendered-source; OCR-not-copied
166	ashes	MN	Minyong	28	24	middle	mət̪ʔi	3	attested	high		manual visual inspection of 400-dpi rendered PDF page; text scaffold not accepted without cell visual match	2026-08-28	hand-keyed-from-rendered-source; OCR-not-copied
166	ashes	BR	Bori	28	24	middle	məpi	1	attested	high		manual visual inspection of 400-dpi rendered PDF page; text scaffold not accepted without cell visual match	2026-08-28	hand-keyed-from-rendered-source; OCR-not-copied
166	ashes	RM	Ramo	28	24	middle	mid̪bu	2	attested	high		manual visual inspection of 400-dpi rendered PDF page; text scaffold not accepted without cell visual match	2026-08-28	hand-keyed-from-rendered-source; OCR-not-copied
166	ashes	ML	Milang	28	24	middle	mipi	1	attested	high		manual visual inspection of 400-dpi rendered PDF page; text scaffold not accepted without cell visual match	2026-08-28	hand-keyed-from-rendered-source; OCR-not-copied
166	ashes	PL	Pailibo	28	24	middle	mitʃo	3	attested	high		manual visual inspection of 400-dpi rendered PDF page; text scaffold not accepted without cell visual match	2026-08-28	hand-keyed-from-rendered-source; OCR-not-copied
166	ashes	AS	Ashing (Bogum Bokang)	28	24	middle	məpio	1	attested	high		manual visual inspection of 400-dpi rendered PDF page; text scaffold not accepted without cell visual match	2026-08-28	hand-keyed-from-rendered-source; OCR-not-copied
166	ashes	PD	Padam	28	24	middle	məpi	1	attested	high		manual visual inspection of 400-dpi rendered PDF page; text scaffold not accepted without cell visual match	2026-08-28	hand-keyed-from-rendered-source; OCR-not-copied
166	ashes	SM	Shimong	28	24	middle	mət̪pi | mət̪pi	1 | 3	attested	high		manual visual inspection of 400-dpi rendered PDF page; text scaffold not accepted without cell visual match	2026-08-28	hand-keyed-from-rendered-source; OCR-not-copied
166	ashes	BK	Bokar	28	24	middle	məpio	1	attested	high		manual visual inspection of 400-dpi rendered PDF page; text scaffold not accepted without cell visual match	2026-08-28	hand-keyed-from-rendered-source; OCR-not-copied
167	smoke	MN	Minyong	28	24	middle	məjin	1	attested	high		manual visual inspection of 400-dpi rendered PDF page; text scaffold not accepted without cell visual match	2026-08-28	hand-keyed-from-rendered-source; OCR-not-copied
167	smoke	BR	Bori	28	24	middle	məjin	1	attested	high		manual visual inspection of 400-dpi rendered PDF page; text scaffold not accepted without cell visual match	2026-08-28	hand-keyed-from-rendered-source; OCR-not-copied
167	smoke	RM	Ramo	28	24	right	məjin	1	attested	high		manual visual inspection of 400-dpi rendered PDF page; text scaffold not accepted without cell visual match	2026-08-28	hand-keyed-from-rendered-source; OCR-not-copied
167	smoke	ML	Milang	28	24	right	muukkhuu	2	attested	high		manual visual inspection of 400-dpi rendered PDF page; text scaffold not accepted without cell visual match	2026-08-28	hand-keyed-from-rendered-source; OCR-not-copied
167	smoke	PL	Pailibo	28	24	right	məjin	1	attested	high		manual visual inspection of 400-dpi rendered PDF page; text scaffold not accepted without cell visual match	2026-08-28	hand-keyed-from-rendered-source; OCR-not-copied
167	smoke	AS	Ashing (Bogum Bokang)	28	24	right	muukkhuu	2	attested	high		manual visual inspection of 400-dpi rendered PDF page; text scaffold not accepted without cell visual match	2026-08-28	hand-keyed-from-rendered-source; OCR-not-copied
167	smoke	PD	Padam	28	24	right	muukkhuu	2	attested	high		manual visual inspection of 400-dpi rendered PDF page; text scaffold not accepted without cell visual match	2026-08-28	hand-keyed-from-rendered-source; OCR-not-copied
167	smoke	SM	Shimong	28	24	right	muukkhuu	2	attested	high		manual visual inspection of 400-dpi rendered PDF page; text scaffold not accepted without cell visual match	2026-08-28	hand-keyed-from-rendered-source; OCR-not-copied
167	smoke	BK	Bokar	28	24	right	muukkhuu	2	attested	high		manual visual inspection of 400-dpi rendered PDF page; text scaffold not accepted without cell visual match	2026-08-28	hand-keyed-from-rendered-source; OCR-not-copied
168	candle	MN	Minyong	28	24	right		0	source_blank	high	Source prints cognate label 0 and ‘no entry’.	manual visual inspection of 400-dpi rendered PDF page; text scaffold not accepted without cell visual match	2026-08-28	hand-keyed-from-rendered-source; OCR-not-copied
168	candle	BR	Bori	28	24	right		0	source_blank	high	Source prints cognate label 0 and ‘no entry’.	manual visual inspection of 400-dpi rendered PDF page; text scaffold not accepted without cell visual match	2026-08-28	hand-keyed-from-rendered-source; OCR-not-copied
168	candle	RM	Ramo	28	24	right		0	source_blank	high	Source prints cognate label 0 and ‘no entry’.	manual visual inspection of 400-dpi rendered PDF page; text scaffold not accepted without cell visual match	2026-08-28	hand-keyed-from-rendered-source; OCR-not-copied
168	candle	ML	Milang	28	24	right		0	source_blank	high	Source prints cognate label 0 and ‘no entry’.	manual visual inspection of 400-dpi rendered PDF page; text scaffold not accepted without cell visual match	2026-08-28	hand-keyed-from-rendered-source; OCR-not-copied
168	candle	PL	Pailibo	28	24	right		0	source_blank	high	Source prints cognate label 0 and ‘no entry’.	manual visual inspection of 400-dpi rendered PDF page; text scaffold not accepted without cell visual match	2026-08-28	hand-keyed-from-rendered-source; OCR-not-copied
168	candle	AS	Ashing (Bogum Bokang)	28	24	right		0	source_blank	high	Source prints cognate label 0 and ‘no entry’.	manual visual inspection of 400-dpi rendered PDF page; text scaffold not accepted without cell visual match	2026-08-28	hand-keyed-from-rendered-source; OCR-not-copied
168	candle	PD	Padam	28	24	right		0	source_blank	high	Source prints cognate label 0 and ‘no entry’.	manual visual inspection of 400-dpi rendered PDF page; text scaffold not accepted without cell visual match	2026-08-28	hand-keyed-from-rendered-source; OCR-not-copied
168	candle	SM	Shimong	28	24	right		0	source_blank	high	Source prints cognate label 0 and ‘no entry’.	manual visual inspection of 400-dpi rendered PDF page; text scaffold not accepted without cell visual match	2026-08-28	hand-keyed-from-rendered-source; OCR-not-copied
168	candle	BK	Bokar	28	24	right		0	source_blank	high	Source prints cognate label 0 and ‘no entry’.	manual visual inspection of 400-dpi rendered PDF page; text scaffold not accepted without cell visual match	2026-08-28	hand-keyed-from-rendered-source; OCR-not-copied
169	boat	MN	Minyong	28	24	right	əlluŋ	2	attested	high		manual visual inspection of 400-dpi rendered PDF page; text scaffold not accepted without cell visual match	2026-08-28	hand-keyed-from-rendered-source; OCR-not-copied
169	boat	BR	Bori	28	24	right	ʃupuu	3	attested	high		manual visual inspection of 400-dpi rendered PDF page; text scaffold not accepted without cell visual match	2026-08-28	hand-keyed-from-rendered-source; OCR-not-copied
169	boat	RM	Ramo	28	24	right	nau	1	attested	high		manual visual inspection of 400-dpi rendered PDF page; text scaffold not accepted without cell visual match	2026-08-28	hand-keyed-from-rendered-source; OCR-not-copied
169	boat	ML	Milang	28	24	right	ət̪kuŋ	4	attested	high		manual visual inspection of 400-dpi rendered PDF page; text scaffold not accepted without cell visual match	2026-08-28	hand-keyed-from-rendered-source; OCR-not-copied
169	boat	PL	Pailibo	28	24	right	ʃupuu	3	attested	high		manual visual inspection of 400-dpi rendered PDF page; text scaffold not accepted without cell visual match	2026-08-28	hand-keyed-from-rendered-source; OCR-not-copied
169	boat	AS	Ashing (Bogum Bokang)	28	24	right	ʃupuu	3	attested	high		manual visual inspection of 400-dpi rendered PDF page; text scaffold not accepted without cell visual match	2026-08-28	hand-keyed-from-rendered-source; OCR-not-copied
169	boat	PD	Padam	28	24	right	ət̪kuŋ	4	attested	high		manual visual inspection of 400-dpi rendered PDF page; text scaffold not accepted without cell visual match	2026-08-28	hand-keyed-from-rendered-source; OCR-not-copied
169	boat	SM	Shimong	28	24	right	ət̪kuŋ	4	attested	high		manual visual inspection of 400-dpi rendered PDF page; text scaffold not accepted without cell visual match	2026-08-28	hand-keyed-from-rendered-source; OCR-not-copied
169	boat	BK	Bokar	28	24	right	ʃupuu	3	attested	high		manual visual inspection of 400-dpi rendered PDF page; text scaffold not accepted without cell visual match	2026-08-28	hand-keyed-from-rendered-source; OCR-not-copied
170	road	MN	Minyong	28	24	right	d̪aːt̪ə	2	attested	high		manual visual inspection of 400-dpi rendered PDF page; text scaffold not accepted without cell visual match	2026-08-28	hand-keyed-from-rendered-source; OCR-not-copied
170	road	BR	Bori	28	24	right	bəd̪aŋ	3	attested	high		manual visual inspection of 400-dpi rendered PDF page; text scaffold not accepted without cell visual match	2026-08-28	hand-keyed-from-rendered-source; OCR-not-copied
170	road	RM	Ramo	28	24	right	lamt̪ə	4	attested	high		manual visual inspection of 400-dpi rendered PDF page; text scaffold not accepted without cell visual match	2026-08-28	hand-keyed-from-rendered-source; OCR-not-copied
170	road	ML	Milang	28	24	right	d̪puu	2	attested	high		manual visual inspection of 400-dpi rendered PDF page; text scaffold not accepted without cell visual match	2026-08-28	hand-keyed-from-rendered-source; OCR-not-copied
170	road	PL	Pailibo	28	24	right	ali	1	attested	high		manual visual inspection of 400-dpi rendered PDF page; text scaffold not accepted without cell visual match	2026-08-28	hand-keyed-from-rendered-source; OCR-not-copied
170	road	AS	Ashing (Bogum Bokang)	28	24	right	daːpuu	2	attested	high		manual visual inspection of 400-dpi rendered PDF page; text scaffold not accepted without cell visual match	2026-08-28	hand-keyed-from-rendered-source; OCR-not-copied
170	road	PD	Padam	28	24	right	d̪puu	2	attested	high		manual visual inspection of 400-dpi rendered PDF page; text scaffold not accepted without cell visual match	2026-08-28	hand-keyed-from-rendered-source; OCR-not-copied
170	road	SM	Shimong	28	24	right	d̪puu	2	attested	high		manual visual inspection of 400-dpi rendered PDF page; text scaffold not accepted without cell visual match	2026-08-28	hand-keyed-from-rendered-source; OCR-not-copied
170	road	BK	Bokar	28	24	right	lambə	4	attested	high		manual visual inspection of 400-dpi rendered PDF page; text scaffold not accepted without cell visual match	2026-08-28	hand-keyed-from-rendered-source; OCR-not-copied
171	path	MN	Minyong	28	24	right	bəd̪aŋ	1	attested	high		manual visual inspection of 400-dpi rendered PDF page; text scaffold not accepted without cell visual match	2026-08-28	hand-keyed-from-rendered-source; OCR-not-copied
171	path	BR	Bori	28	24	right	bəd̪aŋ	1	attested	high		manual visual inspection of 400-dpi rendered PDF page; text scaffold not accepted without cell visual match	2026-08-28	hand-keyed-from-rendered-source; OCR-not-copied
171	path	RM	Ramo	28	24	right	lambə	2	attested	high		manual visual inspection of 400-dpi rendered PDF page; text scaffold not accepted without cell visual match	2026-08-28	hand-keyed-from-rendered-source; OCR-not-copied
171	path	ML	Milang	28	24	right	bud̪a	1	attested	high		manual visual inspection of 400-dpi rendered PDF page; text scaffold not accepted without cell visual match	2026-08-28	hand-keyed-from-rendered-source; OCR-not-copied
171	path	PL	Pailibo	28	24	right	bəd̪a	1	attested	high		manual visual inspection of 400-dpi rendered PDF page; text scaffold not accepted without cell visual match	2026-08-28	hand-keyed-from-rendered-source; OCR-not-copied
171	path	AS	Ashing (Bogum Bokang)	28	24	right	bəd̪aŋ	1	attested	high		manual visual inspection of 400-dpi rendered PDF page; text scaffold not accepted without cell visual match	2026-08-28	hand-keyed-from-rendered-source; OCR-not-copied
171	path	PD	Padam	28	24	right	bəd̪aŋ	1	attested	high		manual visual inspection of 400-dpi rendered PDF page; text scaffold not accepted without cell visual match	2026-08-28	hand-keyed-from-rendered-source; OCR-not-copied
171	path	SM	Shimong	28	24	right	bəd̪aŋ	1	attested	high		manual visual inspection of 400-dpi rendered PDF page; text scaffold not accepted without cell visual match	2026-08-28	hand-keyed-from-rendered-source; OCR-not-copied
171	path	BK	Bokar	28	24	right	lamt̪ə	2	attested	high		manual visual inspection of 400-dpi rendered PDF page; text scaffold not accepted without cell visual match	2026-08-28	hand-keyed-from-rendered-source; OCR-not-copied
172	to go	MN	Minyong	28	24	right	gunam	1	attested	high		manual visual inspection of 400-dpi rendered PDF page; text scaffold not accepted without cell visual match	2026-08-28	hand-keyed-from-rendered-source; OCR-not-copied
172	to go	BR	Bori	28	24	right	ənnam	1	attested	high		manual visual inspection of 400-dpi rendered PDF page; text scaffold not accepted without cell visual match	2026-08-28	hand-keyed-from-rendered-source; OCR-not-copied
172	to go	RM	Ramo	29	25	left	innam	1	attested	high		manual visual inspection of 400-dpi rendered PDF page; text scaffold not accepted without cell visual match	2026-08-28	hand-keyed-from-rendered-source; OCR-not-copied
172	to go	ML	Milang	29	25	left	hiːt̪uŋ	2	attested	high		manual visual inspection of 400-dpi rendered PDF page; text scaffold not accepted without cell visual match	2026-08-28	hand-keyed-from-rendered-source; OCR-not-copied
172	to go	PL	Pailibo	29	25	left	innam	1	attested	high		manual visual inspection of 400-dpi rendered PDF page; text scaffold not accepted without cell visual match	2026-08-28	hand-keyed-from-rendered-source; OCR-not-copied
172	to go	AS	Ashing (Bogum Bokang)	29	25	left	innam	1	attested	high		manual visual inspection of 400-dpi rendered PDF page; text scaffold not accepted without cell visual match	2026-08-28	hand-keyed-from-rendered-source; OCR-not-copied
172	to go	PD	Padam	29	25	left	ənnam	1	attested	high		manual visual inspection of 400-dpi rendered PDF page; text scaffold not accepted without cell visual match	2026-08-28	hand-keyed-from-rendered-source; OCR-not-copied
172	to go	SM	Shimong	29	25	left	gunam	1	attested	high		manual visual inspection of 400-dpi rendered PDF page; text scaffold not accepted without cell visual match	2026-08-28	hand-keyed-from-rendered-source; OCR-not-copied
172	to go	BK	Bokar	29	25	left	innam	1	attested	high		manual visual inspection of 400-dpi rendered PDF page; text scaffold not accepted without cell visual match	2026-08-28	hand-keyed-from-rendered-source; OCR-not-copied
173	to come	MN	Minyong	29	25	left	anam	1	attested	high		manual visual inspection of 400-dpi rendered PDF page; text scaffold not accepted without cell visual match	2026-08-28	hand-keyed-from-rendered-source; OCR-not-copied
173	to come	BR	Bori	29	25	left	anam	1	attested	high		manual visual inspection of 400-dpi rendered PDF page; text scaffold not accepted without cell visual match	2026-08-28	hand-keyed-from-rendered-source; OCR-not-copied
173	to come	RM	Ramo	29	25	left	õjenam	2	attested	high		manual visual inspection of 400-dpi rendered PDF page; text scaffold not accepted without cell visual match	2026-08-28	hand-keyed-from-rendered-source; OCR-not-copied
173	to come	ML	Milang	29	25	left	haːt̪uŋ	3	attested	high		manual visual inspection of 400-dpi rendered PDF page; text scaffold not accepted without cell visual match	2026-08-28	hand-keyed-from-rendered-source; OCR-not-copied
173	to come	PL	Pailibo	29	25	left	anam	1	attested	high		manual visual inspection of 400-dpi rendered PDF page; text scaffold not accepted without cell visual match	2026-08-28	hand-keyed-from-rendered-source; OCR-not-copied
173	to come	AS	Ashing (Bogum Bokang)	29	25	left	anam	1	attested	high		manual visual inspection of 400-dpi rendered PDF page; text scaffold not accepted without cell visual match	2026-08-28	hand-keyed-from-rendered-source; OCR-not-copied
173	to come	PD	Padam	29	25	left	anam	1	attested	high		manual visual inspection of 400-dpi rendered PDF page; text scaffold not accepted without cell visual match	2026-08-28	hand-keyed-from-rendered-source; OCR-not-copied
173	to come	SM	Shimong	29	25	left	anam	1	attested	high		manual visual inspection of 400-dpi rendered PDF page; text scaffold not accepted without cell visual match	2026-08-28	hand-keyed-from-rendered-source; OCR-not-copied
173	to come	BK	Bokar	29	25	left	onam	1	attested	high		manual visual inspection of 400-dpi rendered PDF page; text scaffold not accepted without cell visual match	2026-08-28	hand-keyed-from-rendered-source; OCR-not-copied
174	to stand	MN	Minyong	29	25	left	d̪aŋnam	1	attested	high		manual visual inspection of 400-dpi rendered PDF page; text scaffold not accepted without cell visual match	2026-08-28	hand-keyed-from-rendered-source; OCR-not-copied
174	to stand	BR	Bori	29	25	left	d̪aːnam	1	attested	high		manual visual inspection of 400-dpi rendered PDF page; text scaffold not accepted without cell visual match	2026-08-28	hand-keyed-from-rendered-source; OCR-not-copied
174	to stand	RM	Ramo	29	25	left	ropt̪onam	3	attested	high		manual visual inspection of 400-dpi rendered PDF page; text scaffold not accepted without cell visual match	2026-08-28	hand-keyed-from-rendered-source; OCR-not-copied
174	to stand	ML	Milang	29	25	left	d̪japt̪uŋ	2	attested	high		manual visual inspection of 400-dpi rendered PDF page; text scaffold not accepted without cell visual match	2026-08-28	hand-keyed-from-rendered-source; OCR-not-copied
174	to stand	PL	Pailibo	29	25	left	d̪knam	1	attested	high		manual visual inspection of 400-dpi rendered PDF page; text scaffold not accepted without cell visual match	2026-08-28	hand-keyed-from-rendered-source; OCR-not-copied
174	to stand	AS	Ashing (Bogum Bokang)	29	25	left	d̪aŋnam	1	attested	high		manual visual inspection of 400-dpi rendered PDF page; text scaffold not accepted without cell visual match	2026-08-28	hand-keyed-from-rendered-source; OCR-not-copied
174	to stand	PD	Padam	29	25	left	d̪knam	1	attested	high		manual visual inspection of 400-dpi rendered PDF page; text scaffold not accepted without cell visual match	2026-08-28	hand-keyed-from-rendered-source; OCR-not-copied
174	to stand	SM	Shimong	29	25	left	d̪aŋnam	1	attested	high		manual visual inspection of 400-dpi rendered PDF page; text scaffold not accepted without cell visual match	2026-08-28	hand-keyed-from-rendered-source; OCR-not-copied
174	to stand	BK	Bokar	29	25	left	robnam	3	attested	high		manual visual inspection of 400-dpi rendered PDF page; text scaffold not accepted without cell visual match	2026-08-28	hand-keyed-from-rendered-source; OCR-not-copied
175	to sit	MN	Minyong	29	25	left	d̪unam	1	attested	high		manual visual inspection of 400-dpi rendered PDF page; text scaffold not accepted without cell visual match	2026-08-28	hand-keyed-from-rendered-source; OCR-not-copied
175	to sit	BR	Bori	29	25	left	d̪uːnam	1	attested	high		manual visual inspection of 400-dpi rendered PDF page; text scaffold not accepted without cell visual match	2026-08-28	hand-keyed-from-rendered-source; OCR-not-copied
175	to sit	RM	Ramo	29	25	left	d̪unam	1	attested	high		manual visual inspection of 400-dpi rendered PDF page; text scaffold not accepted without cell visual match	2026-08-28	hand-keyed-from-rendered-source; OCR-not-copied
175	to sit	ML	Milang	29	25	left	dʒuŋt̪uŋ	2	attested	high		manual visual inspection of 400-dpi rendered PDF page; text scaffold not accepted without cell visual match	2026-08-28	hand-keyed-from-rendered-source; OCR-not-copied
175	to sit	PL	Pailibo	29	25	left	d̪unam	1	attested	high		manual visual inspection of 400-dpi rendered PDF page; text scaffold not accepted without cell visual match	2026-08-28	hand-keyed-from-rendered-source; OCR-not-copied
175	to sit	AS	Ashing (Bogum Bokang)	29	25	left	d̪unam	1	attested	high		manual visual inspection of 400-dpi rendered PDF page; text scaffold not accepted without cell visual match	2026-08-28	hand-keyed-from-rendered-source; OCR-not-copied
175	to sit	PD	Padam	29	25	left	d̪unam	1	attested	high		manual visual inspection of 400-dpi rendered PDF page; text scaffold not accepted without cell visual match	2026-08-28	hand-keyed-from-rendered-source; OCR-not-copied
175	to sit	SM	Shimong	29	25	left	d̪unam	1	attested	high		manual visual inspection of 400-dpi rendered PDF page; text scaffold not accepted without cell visual match	2026-08-28	hand-keyed-from-rendered-source; OCR-not-copied
175	to sit	BK	Bokar	29	25	left	d̪unam	1	attested	high		manual visual inspection of 400-dpi rendered PDF page; text scaffold not accepted without cell visual match	2026-08-28	hand-keyed-from-rendered-source; OCR-not-copied
176	to lie down	MN	Minyong	29	25	left	d̪unohunam	1	attested	high		manual visual inspection of 400-dpi rendered PDF page; text scaffold not accepted without cell visual match	2026-08-28	hand-keyed-from-rendered-source; OCR-not-copied
176	to lie down	BR	Bori	29	25	left	d̪unonam	1	attested	high		manual visual inspection of 400-dpi rendered PDF page; text scaffold not accepted without cell visual match	2026-08-28	hand-keyed-from-rendered-source; OCR-not-copied
176	to lie down	RM	Ramo	29	25	left	happenam	2	attested	high		manual visual inspection of 400-dpi rendered PDF page; text scaffold not accepted without cell visual match	2026-08-28	hand-keyed-from-rendered-source; OCR-not-copied
176	to lie down	ML	Milang	29	25	left	dʒuŋkat̪uŋ	3	attested	high		manual visual inspection of 400-dpi rendered PDF page; text scaffold not accepted without cell visual match	2026-08-28	hand-keyed-from-rendered-source; OCR-not-copied
176	to lie down	PL	Pailibo	29	25	left	apenam	2	attested	high		manual visual inspection of 400-dpi rendered PDF page; text scaffold not accepted without cell visual match	2026-08-28	hand-keyed-from-rendered-source; OCR-not-copied
176	to lie down	AS	Ashing (Bogum Bokang)	29	25	left	apenam	2	attested	high		manual visual inspection of 400-dpi rendered PDF page; text scaffold not accepted without cell visual match	2026-08-28	hand-keyed-from-rendered-source; OCR-not-copied
176	to lie down	PD	Padam	29	25	left	apenam	2	attested	high		manual visual inspection of 400-dpi rendered PDF page; text scaffold not accepted without cell visual match	2026-08-28	hand-keyed-from-rendered-source; OCR-not-copied
176	to lie down	SM	Shimong	29	25	left	d̪upenam	2	attested	high		manual visual inspection of 400-dpi rendered PDF page; text scaffold not accepted without cell visual match	2026-08-28	hand-keyed-from-rendered-source; OCR-not-copied
176	to lie down	BK	Bokar	29	25	left	apenam	2	attested	high		manual visual inspection of 400-dpi rendered PDF page; text scaffold not accepted without cell visual match	2026-08-28	hand-keyed-from-rendered-source; OCR-not-copied
177	to walk	MN	Minyong	29	25	left	gunam	1	attested	high		manual visual inspection of 400-dpi rendered PDF page; text scaffold not accepted without cell visual match	2026-08-28	hand-keyed-from-rendered-source; OCR-not-copied
177	to walk	BR	Bori	29	25	left	gunam	1	attested	high		manual visual inspection of 400-dpi rendered PDF page; text scaffold not accepted without cell visual match	2026-08-28	hand-keyed-from-rendered-source; OCR-not-copied
177	to walk	RM	Ramo	29	25	middle	ind̪əbəj	3	attested	high		manual visual inspection of 400-dpi rendered PDF page; text scaffold not accepted without cell visual match	2026-08-28	hand-keyed-from-rendered-source; OCR-not-copied
177	to walk	ML	Milang	29	25	middle	hiːma	2	attested	high		manual visual inspection of 400-dpi rendered PDF page; text scaffold not accepted without cell visual match	2026-08-28	hand-keyed-from-rendered-source; OCR-not-copied
177	to walk	PL	Pailibo	29	25	middle	innam	1	attested	high		manual visual inspection of 400-dpi rendered PDF page; text scaffold not accepted without cell visual match	2026-08-28	hand-keyed-from-rendered-source; OCR-not-copied
177	to walk	AS	Ashing (Bogum Bokang)	29	25	middle	gunam	1	attested	high		manual visual inspection of 400-dpi rendered PDF page; text scaffold not accepted without cell visual match	2026-08-28	hand-keyed-from-rendered-source; OCR-not-copied
177	to walk	PD	Padam	29	25	middle	gunam	1	attested	high		manual visual inspection of 400-dpi rendered PDF page; text scaffold not accepted without cell visual match	2026-08-28	hand-keyed-from-rendered-source; OCR-not-copied
177	to walk	SM	Shimong	29	25	middle	gunam	1	attested	high		manual visual inspection of 400-dpi rendered PDF page; text scaffold not accepted without cell visual match	2026-08-28	hand-keyed-from-rendered-source; OCR-not-copied
177	to walk	BK	Bokar	29	25	middle	innam	1	attested	high		manual visual inspection of 400-dpi rendered PDF page; text scaffold not accepted without cell visual match	2026-08-28	hand-keyed-from-rendered-source; OCR-not-copied
178	to fly	MN	Minyong	29	25	middle	d̪ənam	1	attested	high		manual visual inspection of 400-dpi rendered PDF page; text scaffold not accepted without cell visual match	2026-08-28	hand-keyed-from-rendered-source; OCR-not-copied
178	to fly	BR	Bori	29	25	middle	d̪ənam	1	attested	high		manual visual inspection of 400-dpi rendered PDF page; text scaffold not accepted without cell visual match	2026-08-28	hand-keyed-from-rendered-source; OCR-not-copied
178	to fly	RM	Ramo	29	25	middle	biard̪əbəj	3	attested	high		manual visual inspection of 400-dpi rendered PDF page; text scaffold not accepted without cell visual match	2026-08-28	hand-keyed-from-rendered-source; OCR-not-copied
178	to fly	ML	Milang	29	25	middle	berma	2	attested	high		manual visual inspection of 400-dpi rendered PDF page; text scaffold not accepted without cell visual match	2026-08-28	hand-keyed-from-rendered-source; OCR-not-copied
178	to fly	PL	Pailibo	29	25	middle	d̪ənam	1	attested	high		manual visual inspection of 400-dpi rendered PDF page; text scaffold not accepted without cell visual match	2026-08-28	hand-keyed-from-rendered-source; OCR-not-copied
178	to fly	AS	Ashing (Bogum Bokang)	29	25	middle	d̪ənam	1	attested	high		manual visual inspection of 400-dpi rendered PDF page; text scaffold not accepted without cell visual match	2026-08-28	hand-keyed-from-rendered-source; OCR-not-copied
178	to fly	PD	Padam	29	25	middle	d̪ənam	1	attested	high		manual visual inspection of 400-dpi rendered PDF page; text scaffold not accepted without cell visual match	2026-08-28	hand-keyed-from-rendered-source; OCR-not-copied
178	to fly	SM	Shimong	29	25	middle	d̪ənam	1	attested	high		manual visual inspection of 400-dpi rendered PDF page; text scaffold not accepted without cell visual match	2026-08-28	hand-keyed-from-rendered-source; OCR-not-copied
178	to fly	BK	Bokar	29	25	middle	bjarnam	4	attested	high		manual visual inspection of 400-dpi rendered PDF page; text scaffold not accepted without cell visual match	2026-08-28	hand-keyed-from-rendered-source; OCR-not-copied
179	to enter	MN	Minyong	29	25	middle	aːnam	2	attested	high		manual visual inspection of 400-dpi rendered PDF page; text scaffold not accepted without cell visual match	2026-08-28	hand-keyed-from-rendered-source; OCR-not-copied
179	to enter	BR	Bori	29	25	middle	aːnam	2	attested	high		manual visual inspection of 400-dpi rendered PDF page; text scaffold not accepted without cell visual match	2026-08-28	hand-keyed-from-rendered-source; OCR-not-copied
179	to enter	RM	Ramo	29	25	middle	ojẽ	1	attested	high		manual visual inspection of 400-dpi rendered PDF page; text scaffold not accepted without cell visual match	2026-08-28	hand-keyed-from-rendered-source; OCR-not-copied
179	to enter	ML	Milang	29	25	middle	arahama	3	attested	high		manual visual inspection of 400-dpi rendered PDF page; text scaffold not accepted without cell visual match	2026-08-28	hand-keyed-from-rendered-source; OCR-not-copied
179	to enter	PL	Pailibo	29	25	middle	rabuanam	4	attested	high		manual visual inspection of 400-dpi rendered PDF page; text scaffold not accepted without cell visual match	2026-08-28	hand-keyed-from-rendered-source; OCR-not-copied
179	to enter	AS	Ashing (Bogum Bokang)	29	25	middle	aːnam	2	attested	high		manual visual inspection of 400-dpi rendered PDF page; text scaffold not accepted without cell visual match	2026-08-28	hand-keyed-from-rendered-source; OCR-not-copied
179	to enter	PD	Padam	29	25	middle	aːnam	2	attested	high		manual visual inspection of 400-dpi rendered PDF page; text scaffold not accepted without cell visual match	2026-08-28	hand-keyed-from-rendered-source; OCR-not-copied
179	to enter	SM	Shimong	29	25	middle	aːnam	2	attested	high		manual visual inspection of 400-dpi rendered PDF page; text scaffold not accepted without cell visual match	2026-08-28	hand-keyed-from-rendered-source; OCR-not-copied
179	to enter	BK	Bokar	29	25	middle	naŋonam	5	attested	high		manual visual inspection of 400-dpi rendered PDF page; text scaffold not accepted without cell visual match	2026-08-28	hand-keyed-from-rendered-source; OCR-not-copied
180	to kick	MN	Minyong	29	25	middle	t̪unam	1	attested	high		manual visual inspection of 400-dpi rendered PDF page; text scaffold not accepted without cell visual match	2026-08-28	hand-keyed-from-rendered-source; OCR-not-copied
180	to kick	BR	Bori	29	25	middle	t̪unam	1	attested	high		manual visual inspection of 400-dpi rendered PDF page; text scaffold not accepted without cell visual match	2026-08-28	hand-keyed-from-rendered-source; OCR-not-copied
180	to kick	RM	Ramo	29	25	middle	t̪unam	1	attested	high		manual visual inspection of 400-dpi rendered PDF page; text scaffold not accepted without cell visual match	2026-08-28	hand-keyed-from-rendered-source; OCR-not-copied
180	to kick	ML	Milang	29	25	middle	tʃima	2	attested	high		manual visual inspection of 400-dpi rendered PDF page; text scaffold not accepted without cell visual match	2026-08-28	hand-keyed-from-rendered-source; OCR-not-copied
180	to kick	PL	Pailibo	29	25	middle	t̪unam	1	attested	high		manual visual inspection of 400-dpi rendered PDF page; text scaffold not accepted without cell visual match	2026-08-28	hand-keyed-from-rendered-source; OCR-not-copied
180	to kick	AS	Ashing (Bogum Bokang)	29	25	middle	t̪unam	1	attested	high		manual visual inspection of 400-dpi rendered PDF page; text scaffold not accepted without cell visual match	2026-08-28	hand-keyed-from-rendered-source; OCR-not-copied
180	to kick	PD	Padam	29	25	middle	t̪unam	1	attested	high		manual visual inspection of 400-dpi rendered PDF page; text scaffold not accepted without cell visual match	2026-08-28	hand-keyed-from-rendered-source; OCR-not-copied
180	to kick	SM	Shimong	29	25	middle	t̪unam	1	attested	high		manual visual inspection of 400-dpi rendered PDF page; text scaffold not accepted without cell visual match	2026-08-28	hand-keyed-from-rendered-source; OCR-not-copied
180	to kick	BK	Bokar	29	25	middle	t̪unam	1	attested	high		manual visual inspection of 400-dpi rendered PDF page; text scaffold not accepted without cell visual match	2026-08-28	hand-keyed-from-rendered-source; OCR-not-copied
181	to swim	MN	Minyong	29	25	middle	bjanam	1	attested	high		manual visual inspection of 400-dpi rendered PDF page; text scaffold not accepted without cell visual match	2026-08-28	hand-keyed-from-rendered-source; OCR-not-copied
181	to swim	BR	Bori	29	25	middle	dʒanam	2	attested	high		manual visual inspection of 400-dpi rendered PDF page; text scaffold not accepted without cell visual match	2026-08-28	hand-keyed-from-rendered-source; OCR-not-copied
181	to swim	RM	Ramo	29	25	middle	bjonam	1	attested	high		manual visual inspection of 400-dpi rendered PDF page; text scaffold not accepted without cell visual match	2026-08-28	hand-keyed-from-rendered-source; OCR-not-copied
181	to swim	ML	Milang	29	25	middle	bjama	1	attested	high		manual visual inspection of 400-dpi rendered PDF page; text scaffold not accepted without cell visual match	2026-08-28	hand-keyed-from-rendered-source; OCR-not-copied
181	to swim	PL	Pailibo	29	25	middle	dʒanam	2	attested	high		manual visual inspection of 400-dpi rendered PDF page; text scaffold not accepted without cell visual match	2026-08-28	hand-keyed-from-rendered-source; OCR-not-copied
181	to swim	AS	Ashing (Bogum Bokang)	29	25	middle	bjanam	1	attested	high		manual visual inspection of 400-dpi rendered PDF page; text scaffold not accepted without cell visual match	2026-08-28	hand-keyed-from-rendered-source; OCR-not-copied
181	to swim	PD	Padam	29	25	middle	bjanam	1	attested	high		manual visual inspection of 400-dpi rendered PDF page; text scaffold not accepted without cell visual match	2026-08-28	hand-keyed-from-rendered-source; OCR-not-copied
181	to swim	SM	Shimong	29	25	middle	bjanam	1	attested	high		manual visual inspection of 400-dpi rendered PDF page; text scaffold not accepted without cell visual match	2026-08-28	hand-keyed-from-rendered-source; OCR-not-copied
181	to swim	BK	Bokar	29	25	middle	bjonam	1	attested	high		manual visual inspection of 400-dpi rendered PDF page; text scaffold not accepted without cell visual match	2026-08-28	hand-keyed-from-rendered-source; OCR-not-copied
182	to see	MN	Minyong	29	25	middle	kanam	1	attested	high		manual visual inspection of 400-dpi rendered PDF page; text scaffold not accepted without cell visual match	2026-08-28	hand-keyed-from-rendered-source; OCR-not-copied
182	to see	BR	Bori	29	25	middle	kanam	1	attested	high		manual visual inspection of 400-dpi rendered PDF page; text scaffold not accepted without cell visual match	2026-08-28	hand-keyed-from-rendered-source; OCR-not-copied
182	to see	RM	Ramo	29	25	right	kõnam	1	attested	high		manual visual inspection of 400-dpi rendered PDF page; text scaffold not accepted without cell visual match	2026-08-28	hand-keyed-from-rendered-source; OCR-not-copied
182	to see	ML	Milang	29	25	right	kama	1	attested	high		manual visual inspection of 400-dpi rendered PDF page; text scaffold not accepted without cell visual match	2026-08-28	hand-keyed-from-rendered-source; OCR-not-copied
182	to see	PL	Pailibo	29	25	right	kanam	1	attested	high		manual visual inspection of 400-dpi rendered PDF page; text scaffold not accepted without cell visual match	2026-08-28	hand-keyed-from-rendered-source; OCR-not-copied
182	to see	AS	Ashing (Bogum Bokang)	29	25	right	kanam	1	attested	high		manual visual inspection of 400-dpi rendered PDF page; text scaffold not accepted without cell visual match	2026-08-28	hand-keyed-from-rendered-source; OCR-not-copied
182	to see	PD	Padam	29	25	right	kanam	1	attested	high		manual visual inspection of 400-dpi rendered PDF page; text scaffold not accepted without cell visual match	2026-08-28	hand-keyed-from-rendered-source; OCR-not-copied
182	to see	SM	Shimong	29	25	right	kanam	1	attested	high		manual visual inspection of 400-dpi rendered PDF page; text scaffold not accepted without cell visual match	2026-08-28	hand-keyed-from-rendered-source; OCR-not-copied
182	to see	BK	Bokar	29	25	right	khõnam	1	attested	high		manual visual inspection of 400-dpi rendered PDF page; text scaffold not accepted without cell visual match	2026-08-28	hand-keyed-from-rendered-source; OCR-not-copied
183	to hear	MN	Minyong	29	25	right	t̪annam	1	attested	high		manual visual inspection of 400-dpi rendered PDF page; text scaffold not accepted without cell visual match	2026-08-28	hand-keyed-from-rendered-source; OCR-not-copied
183	to hear	BR	Bori	29	25	right	t̪ənnam	1	attested	high		manual visual inspection of 400-dpi rendered PDF page; text scaffold not accepted without cell visual match	2026-08-28	hand-keyed-from-rendered-source; OCR-not-copied
183	to hear	RM	Ramo	29	25	right	t̪anam	1	attested	high		manual visual inspection of 400-dpi rendered PDF page; text scaffold not accepted without cell visual match	2026-08-28	hand-keyed-from-rendered-source; OCR-not-copied
183	to hear	ML	Milang	29	25	right	tʃuma	2	attested	high		manual visual inspection of 400-dpi rendered PDF page; text scaffold not accepted without cell visual match	2026-08-28	hand-keyed-from-rendered-source; OCR-not-copied
183	to hear	PL	Pailibo	29	25	right	t̪ət̪nam	1	attested	high		manual visual inspection of 400-dpi rendered PDF page; text scaffold not accepted without cell visual match	2026-08-28	hand-keyed-from-rendered-source; OCR-not-copied
183	to hear	AS	Ashing (Bogum Bokang)	29	25	right	t̪annam	1	attested	high		manual visual inspection of 400-dpi rendered PDF page; text scaffold not accepted without cell visual match	2026-08-28	hand-keyed-from-rendered-source; OCR-not-copied
183	to hear	PD	Padam	29	25	right	t̪annam	1	attested	high		manual visual inspection of 400-dpi rendered PDF page; text scaffold not accepted without cell visual match	2026-08-28	hand-keyed-from-rendered-source; OCR-not-copied
183	to hear	SM	Shimong	29	25	right	t̪annam	1	attested	high		manual visual inspection of 400-dpi rendered PDF page; text scaffold not accepted without cell visual match	2026-08-28	hand-keyed-from-rendered-source; OCR-not-copied
183	to hear	BK	Bokar	29	25	right	t̪anam	1	attested	high		manual visual inspection of 400-dpi rendered PDF page; text scaffold not accepted without cell visual match	2026-08-28	hand-keyed-from-rendered-source; OCR-not-copied
184	to wait	MN	Minyong	29	25	right	t̪ojanam	2	attested	high		manual visual inspection of 400-dpi rendered PDF page; text scaffold not accepted without cell visual match	2026-08-28	hand-keyed-from-rendered-source; OCR-not-copied
184	to wait	BR	Bori	29	25	right	t̪ojanam	2	attested	high		manual visual inspection of 400-dpi rendered PDF page; text scaffold not accepted without cell visual match	2026-08-28	hand-keyed-from-rendered-source; OCR-not-copied
184	to wait	RM	Ramo	29	25	right	khõjanam	1	attested	high		manual visual inspection of 400-dpi rendered PDF page; text scaffold not accepted without cell visual match	2026-08-28	hand-keyed-from-rendered-source; OCR-not-copied
184	to wait	ML	Milang	29	25	right	dʒuŋkala	3	attested	high		manual visual inspection of 400-dpi rendered PDF page; text scaffold not accepted without cell visual match	2026-08-28	hand-keyed-from-rendered-source; OCR-not-copied
184	to wait	PL	Pailibo	29	25	right	t̪ojanam	2	attested	high		manual visual inspection of 400-dpi rendered PDF page; text scaffold not accepted without cell visual match	2026-08-28	hand-keyed-from-rendered-source; OCR-not-copied
184	to wait	AS	Ashing (Bogum Bokang)	29	25	right	t̪ojanam	2	attested	high		manual visual inspection of 400-dpi rendered PDF page; text scaffold not accepted without cell visual match	2026-08-28	hand-keyed-from-rendered-source; OCR-not-copied
184	to wait	PD	Padam	29	25	right	kajanam	1	attested	high		manual visual inspection of 400-dpi rendered PDF page; text scaffold not accepted without cell visual match	2026-08-28	hand-keyed-from-rendered-source; OCR-not-copied
184	to wait	SM	Shimong	29	25	right	kajanam	1	attested	high		manual visual inspection of 400-dpi rendered PDF page; text scaffold not accepted without cell visual match	2026-08-28	hand-keyed-from-rendered-source; OCR-not-copied
184	to wait	BK	Bokar	29	25	right	kjaŋnam	1	attested	high		manual visual inspection of 400-dpi rendered PDF page; text scaffold not accepted without cell visual match	2026-08-28	hand-keyed-from-rendered-source; OCR-not-copied
185	to cry	MN	Minyong	29	25	right	kamnam	2	attested	high		manual visual inspection of 400-dpi rendered PDF page; text scaffold not accepted without cell visual match	2026-08-28	hand-keyed-from-rendered-source; OCR-not-copied
185	to cry	BR	Bori	29	25	right	konnam	2	attested	high		manual visual inspection of 400-dpi rendered PDF page; text scaffold not accepted without cell visual match	2026-08-28	hand-keyed-from-rendered-source; OCR-not-copied
185	to cry	RM	Ramo	29	25	right	kapnam	2	attested	high		manual visual inspection of 400-dpi rendered PDF page; text scaffold not accepted without cell visual match	2026-08-28	hand-keyed-from-rendered-source; OCR-not-copied
185	to cry	ML	Milang	29	25	right	huuma	1	attested	high		manual visual inspection of 400-dpi rendered PDF page; text scaffold not accepted without cell visual match	2026-08-28	hand-keyed-from-rendered-source; OCR-not-copied
185	to cry	PL	Pailibo	29	25	right	kapnam	2	attested	high		manual visual inspection of 400-dpi rendered PDF page; text scaffold not accepted without cell visual match	2026-08-28	hand-keyed-from-rendered-source; OCR-not-copied
185	to cry	AS	Ashing (Bogum Bokang)	29	25	right	kannam	2	attested	high		manual visual inspection of 400-dpi rendered PDF page; text scaffold not accepted without cell visual match	2026-08-28	hand-keyed-from-rendered-source; OCR-not-copied
185	to cry	PD	Padam	29	25	right	kamnam	2	attested	high		manual visual inspection of 400-dpi rendered PDF page; text scaffold not accepted without cell visual match	2026-08-28	hand-keyed-from-rendered-source; OCR-not-copied
185	to cry	SM	Shimong	29	25	right	kamnam	2	attested	high		manual visual inspection of 400-dpi rendered PDF page; text scaffold not accepted without cell visual match	2026-08-28	hand-keyed-from-rendered-source; OCR-not-copied
185	to cry	BK	Bokar	29	25	right	kãpnam	2	attested	high		manual visual inspection of 400-dpi rendered PDF page; text scaffold not accepted without cell visual match	2026-08-28	hand-keyed-from-rendered-source; OCR-not-copied
186	to cook	MN	Minyong	29	25	right	monam	2	attested	high		manual visual inspection of 400-dpi rendered PDF page; text scaffold not accepted without cell visual match	2026-08-28	hand-keyed-from-rendered-source; OCR-not-copied
186	to cook	BR	Bori	29	25	right	keːnam	2	attested	high		manual visual inspection of 400-dpi rendered PDF page; text scaffold not accepted without cell visual match	2026-08-28	hand-keyed-from-rendered-source; OCR-not-copied
186	to cook	RM	Ramo	29	25	right	monam	2	attested	high		manual visual inspection of 400-dpi rendered PDF page; text scaffold not accepted without cell visual match	2026-08-28	hand-keyed-from-rendered-source; OCR-not-copied
186	to cook	ML	Milang	29	25	right	ɲuma	1	attested	high		manual visual inspection of 400-dpi rendered PDF page; text scaffold not accepted without cell visual match	2026-08-28	hand-keyed-from-rendered-source; OCR-not-copied
186	to cook	PL	Pailibo	29	25	right	kənam	2	attested	high		manual visual inspection of 400-dpi rendered PDF page; text scaffold not accepted without cell visual match	2026-08-28	hand-keyed-from-rendered-source; OCR-not-copied
186	to cook	AS	Ashing (Bogum Bokang)	29	25	right	monam	2	attested	high		manual visual inspection of 400-dpi rendered PDF page; text scaffold not accepted without cell visual match	2026-08-28	hand-keyed-from-rendered-source; OCR-not-copied
186	to cook	PD	Padam	29	25	right	monam	2	attested	high		manual visual inspection of 400-dpi rendered PDF page; text scaffold not accepted without cell visual match	2026-08-28	hand-keyed-from-rendered-source; OCR-not-copied
186	to cook	SM	Shimong	29	25	right	monam	2	attested	high		manual visual inspection of 400-dpi rendered PDF page; text scaffold not accepted without cell visual match	2026-08-28	hand-keyed-from-rendered-source; OCR-not-copied
186	to cook	BK	Bokar	29	25	right	kõnam	2	attested	high		manual visual inspection of 400-dpi rendered PDF page; text scaffold not accepted without cell visual match	2026-08-28	hand-keyed-from-rendered-source; OCR-not-copied
187	to boil (water)	MN	Minyong	29	25	right	kirnam	1	attested	high		manual visual inspection of 400-dpi rendered PDF page; text scaffold not accepted without cell visual match	2026-08-28	hand-keyed-from-rendered-source; OCR-not-copied
187	to boil (water)	BR	Bori	29	25	right	tʃirnam	1	attested	high		manual visual inspection of 400-dpi rendered PDF page; text scaffold not accepted without cell visual match	2026-08-28	hand-keyed-from-rendered-source; OCR-not-copied
187	to boil (water)	RM	Ramo	30	26	left	əgut̪o	2	attested	high		manual visual inspection of 400-dpi rendered PDF page; text scaffold not accepted without cell visual match	2026-08-28	hand-keyed-from-rendered-source; OCR-not-copied
187	to boil (water)	ML	Milang	30	26	left	t̪utʃa	3	attested	high		manual visual inspection of 400-dpi rendered PDF page; text scaffold not accepted without cell visual match	2026-08-28	hand-keyed-from-rendered-source; OCR-not-copied
187	to boil (water)	PL	Pailibo	30	26	left	tʃurnam	1	attested	high		manual visual inspection of 400-dpi rendered PDF page; text scaffold not accepted without cell visual match	2026-08-28	hand-keyed-from-rendered-source; OCR-not-copied
187	to boil (water)	AS	Ashing (Bogum Bokang)	30	26	left	kirnam	1	attested	high		manual visual inspection of 400-dpi rendered PDF page; text scaffold not accepted without cell visual match	2026-08-28	hand-keyed-from-rendered-source; OCR-not-copied
187	to boil (water)	PD	Padam	30	26	left	kirnam	1	attested	high		manual visual inspection of 400-dpi rendered PDF page; text scaffold not accepted without cell visual match	2026-08-28	hand-keyed-from-rendered-source; OCR-not-copied
187	to boil (water)	SM	Shimong	30	26	left	kirnam	1	attested	high		manual visual inspection of 400-dpi rendered PDF page; text scaffold not accepted without cell visual match	2026-08-28	hand-keyed-from-rendered-source; OCR-not-copied
187	to boil (water)	BK	Bokar	30	26	left	kõnam	4	attested	high		manual visual inspection of 400-dpi rendered PDF page; text scaffold not accepted without cell visual match	2026-08-28	hand-keyed-from-rendered-source; OCR-not-copied
188	to eat	MN	Minyong	30	26	left	d̪onam	1	attested	high		manual visual inspection of 400-dpi rendered PDF page; text scaffold not accepted without cell visual match	2026-08-28	hand-keyed-from-rendered-source; OCR-not-copied
188	to eat	BR	Bori	30	26	left	d̪onam	1	attested	high		manual visual inspection of 400-dpi rendered PDF page; text scaffold not accepted without cell visual match	2026-08-28	hand-keyed-from-rendered-source; OCR-not-copied
188	to eat	RM	Ramo	30	26	left	d̪onam	1	attested	high		manual visual inspection of 400-dpi rendered PDF page; text scaffold not accepted without cell visual match	2026-08-28	hand-keyed-from-rendered-source; OCR-not-copied
188	to eat	ML	Milang	30	26	left	t̪uma	2	attested	high		manual visual inspection of 400-dpi rendered PDF page; text scaffold not accepted without cell visual match	2026-08-28	hand-keyed-from-rendered-source; OCR-not-copied
188	to eat	PL	Pailibo	30	26	left	d̪onam	1	attested	high		manual visual inspection of 400-dpi rendered PDF page; text scaffold not accepted without cell visual match	2026-08-28	hand-keyed-from-rendered-source; OCR-not-copied
188	to eat	AS	Ashing (Bogum Bokang)	30	26	left	d̪onam	1	attested	high		manual visual inspection of 400-dpi rendered PDF page; text scaffold not accepted without cell visual match	2026-08-28	hand-keyed-from-rendered-source; OCR-not-copied
188	to eat	PD	Padam	30	26	left	d̪onam	1	attested	high		manual visual inspection of 400-dpi rendered PDF page; text scaffold not accepted without cell visual match	2026-08-28	hand-keyed-from-rendered-source; OCR-not-copied
188	to eat	SM	Shimong	30	26	left	d̪onam	1	attested	high		manual visual inspection of 400-dpi rendered PDF page; text scaffold not accepted without cell visual match	2026-08-28	hand-keyed-from-rendered-source; OCR-not-copied
188	to eat	BK	Bokar	30	26	left	d̪õnam	1	attested	high		manual visual inspection of 400-dpi rendered PDF page; text scaffold not accepted without cell visual match	2026-08-28	hand-keyed-from-rendered-source; OCR-not-copied
