Item	Gloss	Site_Code	PDF_Page	Printed_Page	Column	Page_Row	Manual_Transcription	Review_Status	Confidence	Uncertainty	Reviewer_Method	Reviewed_At	Reviewer_Declaration
160	Twenty	MTP	35	29	right	2	irupat̪u	attested	high		manual visual inspection of 400-dpi rendered PDF page; 900/1200-dpi crops used for dense glyphs; text scaffold not accepted	2026-08-28	hand-keyed-from-rendered-source; OCR-not-copied
160	Twenty	MTV	35	29	right	2	irupat̪u	attested	high		manual visual inspection of 400-dpi rendered PDF page; 900/1200-dpi crops used for dense glyphs; text scaffold not accepted	2026-08-28	hand-keyed-from-rendered-source; OCR-not-copied
160	Twenty	MTE	35	29	right	2	ɨrupɑt̪	attested	high		manual visual inspection of 400-dpi rendered PDF page; 900/1200-dpi crops used for dense glyphs; text scaffold not accepted	2026-08-28	hand-keyed-from-rendered-source; OCR-not-copied
160	Twenty	MAL	35	29	right	2	irupat̪	attested	high		manual visual inspection of 400-dpi rendered PDF page; 900/1200-dpi crops used for dense glyphs; text scaffold not accepted	2026-08-28	hand-keyed-from-rendered-source; OCR-not-copied
160	Twenty	TUL	35	29	right	2	iruʋa	attested	high		manual visual inspection of 400-dpi rendered PDF page; 900/1200-dpi crops used for dense glyphs; text scaffold not accepted	2026-08-28	hand-keyed-from-rendered-source; OCR-not-copied
160	Twenty	KOD	35	29	right	2	iriʋad̪i	attested	high		manual visual inspection of 400-dpi rendered PDF page; 900/1200-dpi crops used for dense glyphs; text scaffold not accepted	2026-08-28	hand-keyed-from-rendered-source; OCR-not-copied
161	One hundred	MTP	35	29	right	3	nuːrⁱ	attested	high		manual visual inspection of 400-dpi rendered PDF page; 900/1200-dpi crops used for dense glyphs; text scaffold not accepted	2026-08-28	hand-keyed-from-rendered-source; OCR-not-copied
161	One hundred	MTV	35	29	right	3	nuːrⁱ	attested	high		manual visual inspection of 400-dpi rendered PDF page; 900/1200-dpi crops used for dense glyphs; text scaffold not accepted	2026-08-28	hand-keyed-from-rendered-source; OCR-not-copied
161	One hundred	MTE	35	29	right	3	nuːr	attested	high		manual visual inspection of 400-dpi rendered PDF page; 900/1200-dpi crops used for dense glyphs; text scaffold not accepted	2026-08-28	hand-keyed-from-rendered-source; OCR-not-copied
161	One hundred	MAL	35	29	right	3	nuːrə	attested	high		manual visual inspection of 400-dpi rendered PDF page; 900/1200-dpi crops used for dense glyphs; text scaffold not accepted	2026-08-28	hand-keyed-from-rendered-source; OCR-not-copied
161	One hundred	TUL	35	29	right	3	nud̪ⁱ	attested	high		manual visual inspection of 400-dpi rendered PDF page; 900/1200-dpi crops used for dense glyphs; text scaffold not accepted	2026-08-28	hand-keyed-from-rendered-source; OCR-not-copied
161	One hundred	KOD	35	29	right	3	nuːrɨ	attested	high		manual visual inspection of 400-dpi rendered PDF page; 900/1200-dpi crops used for dense glyphs; text scaffold not accepted	2026-08-28	hand-keyed-from-rendered-source; OCR-not-copied
162	Who	MTP	35	29	right	4	eru	attested	high		manual visual inspection of 400-dpi rendered PDF page; 900/1200-dpi crops used for dense glyphs; text scaffold not accepted	2026-08-28	hand-keyed-from-rendered-source; OCR-not-copied
162	Who	MTV	35	29	right	4	erə	attested	high		manual visual inspection of 400-dpi rendered PDF page; 900/1200-dpi crops used for dense glyphs; text scaffold not accepted	2026-08-28	hand-keyed-from-rendered-source; OCR-not-copied
162	Who	MTE	35	29	right	4	ɛreu	attested	high		manual visual inspection of 400-dpi rendered PDF page; 900/1200-dpi crops used for dense glyphs; text scaffold not accepted	2026-08-28	hand-keyed-from-rendered-source; OCR-not-copied
162	Who	MAL	35	29	right	4	arə	attested	high		manual visual inspection of 400-dpi rendered PDF page; 900/1200-dpi crops used for dense glyphs; text scaffold not accepted	2026-08-28	hand-keyed-from-rendered-source; OCR-not-copied
162	Who	TUL	35	29	right	4	erə	attested	high		manual visual inspection of 400-dpi rendered PDF page; 900/1200-dpi crops used for dense glyphs; text scaffold not accepted	2026-08-28	hand-keyed-from-rendered-source; OCR-not-copied
162	Who	KOD	35	29	right	4	d̪aːri	attested	high		manual visual inspection of 400-dpi rendered PDF page; 900/1200-dpi crops used for dense glyphs; text scaffold not accepted	2026-08-28	hand-keyed-from-rendered-source; OCR-not-copied
163	What	MTP	35	29	right	5	tʃanɑ	attested	high		manual visual inspection of 400-dpi rendered PDF page; 900/1200-dpi crops used for dense glyphs; text scaffold not accepted	2026-08-28	hand-keyed-from-rendered-source; OCR-not-copied
163	What	MTV	35	29	right	5	tʃan̪d̪ⁱ	attested	high		manual visual inspection of 400-dpi rendered PDF page; 900/1200-dpi crops used for dense glyphs; text scaffold not accepted	2026-08-28	hand-keyed-from-rendered-source; OCR-not-copied
163	What	MTE	35	29	right	5	tʃena	attested	high		manual visual inspection of 400-dpi rendered PDF page; 900/1200-dpi crops used for dense glyphs; text scaffold not accepted	2026-08-28	hand-keyed-from-rendered-source; OCR-not-copied
163	What	MAL	35	29	right	5	en̪d̪i	attested	high		manual visual inspection of 400-dpi rendered PDF page; 900/1200-dpi crops used for dense glyphs; text scaffold not accepted	2026-08-28	hand-keyed-from-rendered-source; OCR-not-copied
163	What	TUL	35	29	right	5	d̪ajit̪ːe	attested	high		manual visual inspection of 400-dpi rendered PDF page; 900/1200-dpi crops used for dense glyphs; text scaffold not accepted	2026-08-28	hand-keyed-from-rendered-source; OCR-not-copied
163	What	KOD	35	29	right	5	en̪d̪i	attested	high		manual visual inspection of 400-dpi rendered PDF page; 900/1200-dpi crops used for dense glyphs; text scaffold not accepted	2026-08-28	hand-keyed-from-rendered-source; OCR-not-copied
164	Where	MTP	35	29	right	6	eɭɭu	attested	high		manual visual inspection of 400-dpi rendered PDF page; 900/1200-dpi crops used for dense glyphs; text scaffold not accepted	2026-08-28	hand-keyed-from-rendered-source; OCR-not-copied
164	Where	MTV	35	29	right	6	eɭɭə	attested	high		manual visual inspection of 400-dpi rendered PDF page; 900/1200-dpi crops used for dense glyphs; text scaffold not accepted	2026-08-28	hand-keyed-from-rendered-source; OCR-not-copied
164	Where	MTE	35	29	right	6	eɭːu	attested	high		manual visual inspection of 400-dpi rendered PDF page; 900/1200-dpi crops used for dense glyphs; text scaffold not accepted	2026-08-28	hand-keyed-from-rendered-source; OCR-not-copied
164	Where	MAL	35	29	right	6	evide	attested	high		manual visual inspection of 400-dpi rendered PDF page; 900/1200-dpi crops used for dense glyphs; text scaffold not accepted	2026-08-28	hand-keyed-from-rendered-source; OCR-not-copied
164	Where	TUL	35	29	right	6	oɭpːa	attested	high		manual visual inspection of 400-dpi rendered PDF page; 900/1200-dpi crops used for dense glyphs; text scaffold not accepted	2026-08-28	hand-keyed-from-rendered-source; OCR-not-copied
164	Where	KOD	35	29	right	6	elli	attested	high		manual visual inspection of 400-dpi rendered PDF page; 900/1200-dpi crops used for dense glyphs; text scaffold not accepted	2026-08-28	hand-keyed-from-rendered-source; OCR-not-copied
165	When	MTP	35	29	right	7	epːo	attested	high		manual visual inspection of 400-dpi rendered PDF page; 900/1200-dpi crops used for dense glyphs; text scaffold not accepted	2026-08-28	hand-keyed-from-rendered-source; OCR-not-copied
165	When	MTV	35	29	right	7	eppo	attested	high		manual visual inspection of 400-dpi rendered PDF page; 900/1200-dpi crops used for dense glyphs; text scaffold not accepted	2026-08-28	hand-keyed-from-rendered-source; OCR-not-copied
165	When	MTE	35	29	right	7	jepːo	attested	high		manual visual inspection of 400-dpi rendered PDF page; 900/1200-dpi crops used for dense glyphs; text scaffold not accepted	2026-08-28	hand-keyed-from-rendered-source; OCR-not-copied
165	When	MAL	35	29	right	7	epːoɭ	attested	high		manual visual inspection of 400-dpi rendered PDF page; 900/1200-dpi crops used for dense glyphs; text scaffold not accepted	2026-08-28	hand-keyed-from-rendered-source; OCR-not-copied
165	When	TUL	35	29	right	7	epːa	attested	high		manual visual inspection of 400-dpi rendered PDF page; 900/1200-dpi crops used for dense glyphs; text scaffold not accepted	2026-08-28	hand-keyed-from-rendered-source; OCR-not-copied
165	When	KOD	35	29	right	7	ekka	attested	high		manual visual inspection of 400-dpi rendered PDF page; 900/1200-dpi crops used for dense glyphs; text scaffold not accepted	2026-08-28	hand-keyed-from-rendered-source; OCR-not-copied
166	How many	MTP	36	30	left	1	et̪rɑ eɳɳʌm	attested	high		manual visual inspection of 400-dpi rendered PDF page; 900/1200-dpi crops used for dense glyphs; text scaffold not accepted	2026-08-28	hand-keyed-from-rendered-source; OCR-not-copied
166	How many	MTV	36	30	left	1	et̪ra	attested	high		manual visual inspection of 400-dpi rendered PDF page; 900/1200-dpi crops used for dense glyphs; text scaffold not accepted	2026-08-28	hand-keyed-from-rendered-source; OCR-not-copied
166	How many	MTE	36	30	left	1	et̪rɑ eɳː	attested	high		manual visual inspection of 400-dpi rendered PDF page; 900/1200-dpi crops used for dense glyphs; text scaffold not accepted	2026-08-28	hand-keyed-from-rendered-source; OCR-not-copied
166	How many	MAL	36	30	left	1	epːoɭ	attested	high		manual visual inspection of 400-dpi rendered PDF page; 900/1200-dpi crops used for dense glyphs; text scaffold not accepted	2026-08-28	hand-keyed-from-rendered-source; OCR-not-copied
166	How many	TUL	36	30	left	1	et̪ːuɭːa	attested	high		manual visual inspection of 400-dpi rendered PDF page; 900/1200-dpi crops used for dense glyphs; text scaffold not accepted	2026-08-28	hand-keyed-from-rendered-source; OCR-not-copied
166	How many	KOD	36	30	left	1	etʃtʃaki	attested	high		manual visual inspection of 400-dpi rendered PDF page; 900/1200-dpi crops used for dense glyphs; text scaffold not accepted	2026-08-28	hand-keyed-from-rendered-source; OCR-not-copied
167	What kind	MTP	36	30	left	2	in̪d̪ tʃɑn	attested	high		manual visual inspection of 400-dpi rendered PDF page; 900/1200-dpi crops used for dense glyphs; text scaffold not accepted	2026-08-28	hand-keyed-from-rendered-source; OCR-not-copied
167	What kind	MTV	36	30	left	2	tʃan̪d̪i	attested	high		manual visual inspection of 400-dpi rendered PDF page; 900/1200-dpi crops used for dense glyphs; text scaffold not accepted	2026-08-28	hand-keyed-from-rendered-source; OCR-not-copied
167	What kind	MTE	36	30	left	2	tʃɑnin̪d̪	attested	high		manual visual inspection of 400-dpi rendered PDF page; 900/1200-dpi crops used for dense glyphs; text scaffold not accepted	2026-08-28	hand-keyed-from-rendered-source; OCR-not-copied
167	What kind	MAL	36	30	left	2	en̪t̪ut̪aram	attested	high		manual visual inspection of 400-dpi rendered PDF page; 900/1200-dpi crops used for dense glyphs; text scaffold not accepted	2026-08-28	hand-keyed-from-rendered-source; OCR-not-copied
167	What kind	TUL	36	30	left	2	d̪ajit̪ːe koruva	attested	high		manual visual inspection of 400-dpi rendered PDF page; 900/1200-dpi crops used for dense glyphs; text scaffold not accepted	2026-08-28	hand-keyed-from-rendered-source; OCR-not-copied
167	What kind	KOD	36	30	left	2	en̪d̪ə	attested	high		manual visual inspection of 400-dpi rendered PDF page; 900/1200-dpi crops used for dense glyphs; text scaffold not accepted	2026-08-28	hand-keyed-from-rendered-source; OCR-not-copied
168	This	MTP	36	30	left	3	in̪d̪	attested	high		manual visual inspection of 400-dpi rendered PDF page; 900/1200-dpi crops used for dense glyphs; text scaffold not accepted	2026-08-28	hand-keyed-from-rendered-source; OCR-not-copied
168	This	MTV	36	30	left	3	in̪d̪	attested	high		manual visual inspection of 400-dpi rendered PDF page; 900/1200-dpi crops used for dense glyphs; text scaffold not accepted	2026-08-28	hand-keyed-from-rendered-source; OCR-not-copied
168	This	MTE	36	30	left	3	ɛn̪d	attested	high		manual visual inspection of 400-dpi rendered PDF page; 900/1200-dpi crops used for dense glyphs; text scaffold not accepted	2026-08-28	hand-keyed-from-rendered-source; OCR-not-copied
168	This	MAL	36	30	left	3	it̪	attested	high		manual visual inspection of 400-dpi rendered PDF page; 900/1200-dpi crops used for dense glyphs; text scaffold not accepted	2026-08-28	hand-keyed-from-rendered-source; OCR-not-copied
168	This	TUL	36	30	left	3	in̪d̪ⁱ	attested	high		manual visual inspection of 400-dpi rendered PDF page; 900/1200-dpi crops used for dense glyphs; text scaffold not accepted	2026-08-28	hand-keyed-from-rendered-source; OCR-not-copied
168	This	KOD	36	30	left	3	id̪i	attested	high		manual visual inspection of 400-dpi rendered PDF page; 900/1200-dpi crops used for dense glyphs; text scaffold not accepted	2026-08-28	hand-keyed-from-rendered-source; OCR-not-copied
169	That	MTP	36	30	left	4	at̪	attested	high		manual visual inspection of 400-dpi rendered PDF page; 900/1200-dpi crops used for dense glyphs; text scaffold not accepted	2026-08-28	hand-keyed-from-rendered-source; OCR-not-copied
169	That	MTV	36	30	left	4	at̪	attested	high		manual visual inspection of 400-dpi rendered PDF page; 900/1200-dpi crops used for dense glyphs; text scaffold not accepted	2026-08-28	hand-keyed-from-rendered-source; OCR-not-copied
169	That	MTE	36	30	left	4	ət̪	attested	high		manual visual inspection of 400-dpi rendered PDF page; 900/1200-dpi crops used for dense glyphs; text scaffold not accepted	2026-08-28	hand-keyed-from-rendered-source; OCR-not-copied
169	That	MAL	36	30	left	4	at̪ə	attested	high		manual visual inspection of 400-dpi rendered PDF page; 900/1200-dpi crops used for dense glyphs; text scaffold not accepted	2026-08-28	hand-keyed-from-rendered-source; OCR-not-copied
169	That	TUL	36	30	left	4	aʋᵘ	attested	high		manual visual inspection of 400-dpi rendered PDF page; 900/1200-dpi crops used for dense glyphs; text scaffold not accepted	2026-08-28	hand-keyed-from-rendered-source; OCR-not-copied
169	That	KOD	36	30	left	4	ad̪i	attested	high		manual visual inspection of 400-dpi rendered PDF page; 900/1200-dpi crops used for dense glyphs; text scaffold not accepted	2026-08-28	hand-keyed-from-rendered-source; OCR-not-copied
170	These	MTP	36	30	left	5	in̪d̪at̪i	attested	high		manual visual inspection of 400-dpi rendered PDF page; 900/1200-dpi crops used for dense glyphs; text scaffold not accepted	2026-08-28	hand-keyed-from-rendered-source; OCR-not-copied
170	These	MTV	36	30	left	5	on̪d̪enə	attested	high		manual visual inspection of 400-dpi rendered PDF page; 900/1200-dpi crops used for dense glyphs; text scaffold not accepted	2026-08-28	hand-keyed-from-rendered-source; OCR-not-copied
170	These	MTE	36	30	left	5	in̪deʈ	attested	high		manual visual inspection of 400-dpi rendered PDF page; 900/1200-dpi crops used for dense glyphs; text scaffold not accepted	2026-08-28	hand-keyed-from-rendered-source; OCR-not-copied
170	These	MAL	36	30	left	5	it̪	attested	high		manual visual inspection of 400-dpi rendered PDF page; 900/1200-dpi crops used for dense glyphs; text scaffold not accepted	2026-08-28	hand-keyed-from-rendered-source; OCR-not-copied
170	These	TUL	36	30	left	5	in̪d̪umaːt̪ːa	attested	high		manual visual inspection of 400-dpi rendered PDF page; 900/1200-dpi crops used for dense glyphs; text scaffold not accepted	2026-08-28	hand-keyed-from-rendered-source; OCR-not-copied
170	These	KOD	36	30	left	5	iʋə	attested	high		manual visual inspection of 400-dpi rendered PDF page; 900/1200-dpi crops used for dense glyphs; text scaffold not accepted	2026-08-28	hand-keyed-from-rendered-source; OCR-not-copied
171	Those	MTP	36	30	left	6	ɑd̪ene	attested	high		manual visual inspection of 400-dpi rendered PDF page; 900/1200-dpi crops used for dense glyphs; text scaffold not accepted	2026-08-28	hand-keyed-from-rendered-source; OCR-not-copied
171	Those	MTV	36	30	left	6	at̪enə	attested	high		manual visual inspection of 400-dpi rendered PDF page; 900/1200-dpi crops used for dense glyphs; text scaffold not accepted	2026-08-28	hand-keyed-from-rendered-source; OCR-not-copied
171	Those	MTE	36	30	left	6	ɑt̪enaⁱ	attested	high		manual visual inspection of 400-dpi rendered PDF page; 900/1200-dpi crops used for dense glyphs; text scaffold not accepted	2026-08-28	hand-keyed-from-rendered-source; OCR-not-copied
171	Those	MAL	36	30	left	6	at̪	attested	high		manual visual inspection of 400-dpi rendered PDF page; 900/1200-dpi crops used for dense glyphs; text scaffold not accepted	2026-08-28	hand-keyed-from-rendered-source; OCR-not-copied
171	Those	TUL	36	30	left	6	aʋmaːt̪a	attested	high		manual visual inspection of 400-dpi rendered PDF page; 900/1200-dpi crops used for dense glyphs; text scaffold not accepted	2026-08-28	hand-keyed-from-rendered-source; OCR-not-copied
171	Those	KOD	36	30	left	6	aʋə	attested	high		manual visual inspection of 400-dpi rendered PDF page; 900/1200-dpi crops used for dense glyphs; text scaffold not accepted	2026-08-28	hand-keyed-from-rendered-source; OCR-not-copied
172	Same (like)	MTP	36	30	left	7	oɲtʃijenneⁱ	attested	high		manual visual inspection of 400-dpi rendered PDF page; 900/1200-dpi crops used for dense glyphs; text scaffold not accepted	2026-08-28	hand-keyed-from-rendered-source; OCR-not-copied
172	Same (like)	MTV	36	30	left	7	orepolt̪e	attested	high		manual visual inspection of 400-dpi rendered PDF page; 900/1200-dpi crops used for dense glyphs; text scaffold not accepted	2026-08-28	hand-keyed-from-rendered-source; OCR-not-copied
172	Same (like)	MTE	36	30	left	7	oɲdʒine	attested	high		manual visual inspection of 400-dpi rendered PDF page; 900/1200-dpi crops used for dense glyphs; text scaffold not accepted	2026-08-28	hand-keyed-from-rendered-source; OCR-not-copied
172	Same (like)	MAL	36	30	left	7	orepole	attested	high		manual visual inspection of 400-dpi rendered PDF page; 900/1200-dpi crops used for dense glyphs; text scaffold not accepted	2026-08-28	hand-keyed-from-rendered-source; OCR-not-copied
172	Same (like)	TUL	36	30	left	7	ondʒelʌkːe	attested	high		manual visual inspection of 400-dpi rendered PDF page; 900/1200-dpi crops used for dense glyphs; text scaffold not accepted	2026-08-28	hand-keyed-from-rendered-source; OCR-not-copied
172	Same (like)	KOD	36	30	left	7	annane	attested	high		manual visual inspection of 400-dpi rendered PDF page; 900/1200-dpi crops used for dense glyphs; text scaffold not accepted	2026-08-28	hand-keyed-from-rendered-source; OCR-not-copied
173	Different (other)	MTP	36	30	middle	1	pete petːe	attested	high		manual visual inspection of 400-dpi rendered PDF page; 900/1200-dpi crops used for dense glyphs; text scaffold not accepted	2026-08-28	hand-keyed-from-rendered-source; OCR-not-copied
173	Different (other)	MTV	36	30	middle	1	matːʌm	attested	high		manual visual inspection of 400-dpi rendered PDF page; 900/1200-dpi crops used for dense glyphs; text scaffold not accepted	2026-08-28	hand-keyed-from-rendered-source; OCR-not-copied
173	Different (other)	MTE	36	30	middle	1	pəta	attested	high		manual visual inspection of 400-dpi rendered PDF page; 900/1200-dpi crops used for dense glyphs; text scaffold not accepted	2026-08-28	hand-keyed-from-rendered-source; OCR-not-copied
173	Different (other)	MAL	36	30	middle	1	vjetjest̪am	attested	high		manual visual inspection of 400-dpi rendered PDF page; 900/1200-dpi crops used for dense glyphs; text scaffold not accepted	2026-08-28	hand-keyed-from-rendered-source; OCR-not-copied
173	Different (other)	TUL	36	30	middle	1	bjat̪jasʌm	attested	high		manual visual inspection of 400-dpi rendered PDF page; 900/1200-dpi crops used for dense glyphs; text scaffold not accepted	2026-08-28	hand-keyed-from-rendered-source; OCR-not-copied
173	Different (other)	KOD	36	30	middle	1	ennanoː	attested	high		manual visual inspection of 400-dpi rendered PDF page; 900/1200-dpi crops used for dense glyphs; text scaffold not accepted	2026-08-28	hand-keyed-from-rendered-source; OCR-not-copied
174	Whole (unbroken)	MTP	36	30	middle	2	pɑtːa	attested	high		manual visual inspection of 400-dpi rendered PDF page; 900/1200-dpi crops used for dense glyphs; text scaffold not accepted	2026-08-28	hand-keyed-from-rendered-source; OCR-not-copied
174	Whole (unbroken)	MTV	36	30	middle	2	pɑtːe	attested	high		manual visual inspection of 400-dpi rendered PDF page; 900/1200-dpi crops used for dense glyphs; text scaffold not accepted	2026-08-28	hand-keyed-from-rendered-source; OCR-not-copied
174	Whole (unbroken)	MTE	36	30	middle	2	pɛʈɑ	attested	high		manual visual inspection of 400-dpi rendered PDF page; 900/1200-dpi crops used for dense glyphs; text scaffold not accepted	2026-08-28	hand-keyed-from-rendered-source; OCR-not-copied
174	Whole (unbroken)	MAL	36	30	middle	2	muɻuvan	attested	high		manual visual inspection of 400-dpi rendered PDF page; 900/1200-dpi crops used for dense glyphs; text scaffold not accepted	2026-08-28	hand-keyed-from-rendered-source; OCR-not-copied
174	Whole (unbroken)	TUL	36	30	middle	2	otige	attested	high		manual visual inspection of 400-dpi rendered PDF page; 900/1200-dpi crops used for dense glyphs; text scaffold not accepted	2026-08-28	hand-keyed-from-rendered-source; OCR-not-copied
174	Whole (unbroken)	KOD	36	30	middle	2	otti	attested	high		manual visual inspection of 400-dpi rendered PDF page; 900/1200-dpi crops used for dense glyphs; text scaffold not accepted	2026-08-28	hand-keyed-from-rendered-source; OCR-not-copied
175	Broken (pot)	MTP	36	30	middle	3	poɭiɳɖ	attested	high		manual visual inspection of 400-dpi rendered PDF page; 900/1200-dpi crops used for dense glyphs; text scaffold not accepted	2026-08-28	hand-keyed-from-rendered-source; OCR-not-copied
175	Broken (pot)	MTV	36	30	middle	3	poʈʈi	attested	high		manual visual inspection of 400-dpi rendered PDF page; 900/1200-dpi crops used for dense glyphs; text scaffold not accepted	2026-08-28	hand-keyed-from-rendered-source; OCR-not-copied
175	Broken (pot)	MTE	36	30	middle	3	poʈːɨ	attested	high		manual visual inspection of 400-dpi rendered PDF page; 900/1200-dpi crops used for dense glyphs; text scaffold not accepted	2026-08-28	hand-keyed-from-rendered-source; OCR-not-copied
175	Broken (pot)	MAL	36	30	middle	3	pot̪ːi	attested	high		manual visual inspection of 400-dpi rendered PDF page; 900/1200-dpi crops used for dense glyphs; text scaffold not accepted	2026-08-28	hand-keyed-from-rendered-source; OCR-not-copied
175	Broken (pot)	TUL	36	30	middle	3	punɖaɳɖ	attested	high		manual visual inspection of 400-dpi rendered PDF page; 900/1200-dpi crops used for dense glyphs; text scaffold not accepted	2026-08-28	hand-keyed-from-rendered-source; OCR-not-copied
175	Broken (pot)	KOD	36	30	middle	3	odindʒad̪i	attested	high		manual visual inspection of 400-dpi rendered PDF page; 900/1200-dpi crops used for dense glyphs; text scaffold not accepted	2026-08-28	hand-keyed-from-rendered-source; OCR-not-copied
176	Few	MTP	36	30	middle	4	iɲine	attested	high		manual visual inspection of 400-dpi rendered PDF page; 900/1200-dpi crops used for dense glyphs; text scaffold not accepted	2026-08-28	hand-keyed-from-rendered-source; OCR-not-copied
176	Few	MTV	36	30	middle	4	iɲːinə	attested	high		manual visual inspection of 400-dpi rendered PDF page; 900/1200-dpi crops used for dense glyphs; text scaffold not accepted	2026-08-28	hand-keyed-from-rendered-source; OCR-not-copied
176	Few	MTE	36	30	middle	4	iɲenːeɨ	attested	high		manual visual inspection of 400-dpi rendered PDF page; 900/1200-dpi crops used for dense glyphs; text scaffold not accepted	2026-08-28	hand-keyed-from-rendered-source; OCR-not-copied
176	Few	MAL	36	30	middle	4	kuratʃ	attested	high		manual visual inspection of 400-dpi rendered PDF page; 900/1200-dpi crops used for dense glyphs; text scaffold not accepted	2026-08-28	hand-keyed-from-rendered-source; OCR-not-copied
176	Few	TUL	36	30	middle	4	paniːt̪ː	attested	high		manual visual inspection of 400-dpi rendered PDF page; 900/1200-dpi crops used for dense glyphs; text scaffold not accepted	2026-08-28	hand-keyed-from-rendered-source; OCR-not-copied
176	Few	KOD	36	30	middle	4	tʃenni	attested	high		manual visual inspection of 400-dpi rendered PDF page; 900/1200-dpi crops used for dense glyphs; text scaffold not accepted	2026-08-28	hand-keyed-from-rendered-source; OCR-not-copied
177	Many	MTP	36	30	middle	5	d̪əmːa	attested	high		manual visual inspection of 400-dpi rendered PDF page; 900/1200-dpi crops used for dense glyphs; text scaffold not accepted	2026-08-28	hand-keyed-from-rendered-source; OCR-not-copied
177	Many	MTV	36	30	middle	5	nalːonʌm	attested	high		manual visual inspection of 400-dpi rendered PDF page; 900/1200-dpi crops used for dense glyphs; text scaffold not accepted	2026-08-28	hand-keyed-from-rendered-source; OCR-not-copied
177	Many	MTE	36	30	middle	5	neratɕ	attested	high		manual visual inspection of 400-dpi rendered PDF page; 900/1200-dpi crops used for dense glyphs; text scaffold not accepted	2026-08-28	hand-keyed-from-rendered-source; OCR-not-copied
177	Many	MAL	36	30	middle	5	kure	attested	high		manual visual inspection of 400-dpi rendered PDF page; 900/1200-dpi crops used for dense glyphs; text scaffold not accepted	2026-08-28	hand-keyed-from-rendered-source; OCR-not-copied
177	Many	TUL	36	30	middle	5	sumar	attested	high		manual visual inspection of 400-dpi rendered PDF page; 900/1200-dpi crops used for dense glyphs; text scaffold not accepted	2026-08-28	hand-keyed-from-rendered-source; OCR-not-copied
177	Many	KOD	36	30	middle	5	d̪umba	attested	high		manual visual inspection of 400-dpi rendered PDF page; 900/1200-dpi crops used for dense glyphs; text scaffold not accepted	2026-08-28	hand-keyed-from-rendered-source; OCR-not-copied
178	All	MTP	36	30	middle	6	pɑtːa	attested	high		manual visual inspection of 400-dpi rendered PDF page; 900/1200-dpi crops used for dense glyphs; text scaffold not accepted	2026-08-28	hand-keyed-from-rendered-source; OCR-not-copied
178	All	MTV	36	30	middle	6	pɑtːe	attested	high		manual visual inspection of 400-dpi rendered PDF page; 900/1200-dpi crops used for dense glyphs; text scaffold not accepted	2026-08-28	hand-keyed-from-rendered-source; OCR-not-copied
178	All	MTE	36	30	middle	6	Muɻɔn	attested	high		manual visual inspection of 400-dpi rendered PDF page; 900/1200-dpi crops used for dense glyphs; text scaffold not accepted	2026-08-28	hand-keyed-from-rendered-source; OCR-not-copied
178	All	MAL	36	30	middle	6	muɻuvan	attested	high		manual visual inspection of 400-dpi rendered PDF page; 900/1200-dpi crops used for dense glyphs; text scaffold not accepted	2026-08-28	hand-keyed-from-rendered-source; OCR-not-copied
178	All	TUL	36	30	middle	6	man̪t̪erale	attested	high		manual visual inspection of 400-dpi rendered PDF page; 900/1200-dpi crops used for dense glyphs; text scaffold not accepted	2026-08-28	hand-keyed-from-rendered-source; OCR-not-copied
178	All	KOD	36	30	middle	6	ella	attested	high		manual visual inspection of 400-dpi rendered PDF page; 900/1200-dpi crops used for dense glyphs; text scaffold not accepted	2026-08-28	hand-keyed-from-rendered-source; OCR-not-copied
179	Eat	MTP	36	30	middle	7	t̪ikːɳe	attested	high		manual visual inspection of 400-dpi rendered PDF page; 900/1200-dpi crops used for dense glyphs; text scaffold not accepted	2026-08-28	hand-keyed-from-rendered-source; OCR-not-copied
179	Eat	MTV	36	30	middle	7	t̪inːᵊ	attested	high		manual visual inspection of 400-dpi rendered PDF page; 900/1200-dpi crops used for dense glyphs; text scaffold not accepted	2026-08-28	hand-keyed-from-rendered-source; OCR-not-copied
179	Eat	MTE	36	30	middle	7	t̪inːɔ	attested	high		manual visual inspection of 400-dpi rendered PDF page; 900/1200-dpi crops used for dense glyphs; text scaffold not accepted	2026-08-28	hand-keyed-from-rendered-source; OCR-not-copied
179	Eat	MAL	36	30	middle	7	kaɻikːə	attested	high		manual visual inspection of 400-dpi rendered PDF page; 900/1200-dpi crops used for dense glyphs; text scaffold not accepted	2026-08-28	hand-keyed-from-rendered-source; OCR-not-copied
179	Eat	TUL	36	30	middle	7	t̪inpeɳa	attested	high		manual visual inspection of 400-dpi rendered PDF page; 900/1200-dpi crops used for dense glyphs; text scaffold not accepted	2026-08-28	hand-keyed-from-rendered-source; OCR-not-copied
179	Eat	KOD	36	30	middle	7	t̪inni	attested	high		manual visual inspection of 400-dpi rendered PDF page; 900/1200-dpi crops used for dense glyphs; text scaffold not accepted	2026-08-28	hand-keyed-from-rendered-source; OCR-not-copied
180	It (the dog) bit	MTP	36	30	right	1	tʃitʃige	attested	high		manual visual inspection of 400-dpi rendered PDF page; 900/1200-dpi crops used for dense glyphs; text scaffold not accepted	2026-08-28	hand-keyed-from-rendered-source; OCR-not-copied
180	It (the dog) bit	MTV	36	30	right	1	tʃitʃigenu	attested	high		manual visual inspection of 400-dpi rendered PDF page; 900/1200-dpi crops used for dense glyphs; text scaffold not accepted	2026-08-28	hand-keyed-from-rendered-source; OCR-not-copied
180	It (the dog) bit	MTE	36	30	right	1	tʃɨtʃːɨgɜt̪ː	attested	high		manual visual inspection of 400-dpi rendered PDF page; 900/1200-dpi crops used for dense glyphs; text scaffold not accepted	2026-08-28	hand-keyed-from-rendered-source; OCR-not-copied
180	It (the dog) bit	MAL	36	30	right	1	kad̪itʃu	attested	high		manual visual inspection of 400-dpi rendered PDF page; 900/1200-dpi crops used for dense glyphs; text scaffold not accepted	2026-08-28	hand-keyed-from-rendered-source; OCR-not-copied
180	It (the dog) bit	TUL	36	30	right	1	tʃitʃinu	attested	high		manual visual inspection of 400-dpi rendered PDF page; 900/1200-dpi crops used for dense glyphs; text scaffold not accepted	2026-08-28	hand-keyed-from-rendered-source; OCR-not-copied
180	It (the dog) bit	KOD	36	30	right	1	kad̪i	attested	high		manual visual inspection of 400-dpi rendered PDF page; 900/1200-dpi crops used for dense glyphs; text scaffold not accepted	2026-08-28	hand-keyed-from-rendered-source; OCR-not-copied
181	He is hungry	MTP	36	30	right	2	vadɑgurugen	attested	high		manual visual inspection of 400-dpi rendered PDF page; 900/1200-dpi crops used for dense glyphs; text scaffold not accepted	2026-08-28	hand-keyed-from-rendered-source; OCR-not-copied
181	He is hungry	MTV	36	30	right	2	bɑdɑverugənə	attested	high		manual visual inspection of 400-dpi rendered PDF page; 900/1200-dpi crops used for dense glyphs; text scaffold not accepted	2026-08-28	hand-keyed-from-rendered-source; OCR-not-copied
181	He is hungry	MTE	36	30	right	2	beɖɑguruge	attested	high		manual visual inspection of 400-dpi rendered PDF page; 900/1200-dpi crops used for dense glyphs; text scaffold not accepted	2026-08-28	hand-keyed-from-rendered-source; OCR-not-copied
181	He is hungry	MAL	36	30	right	2	viʃakːinnu	attested	high		manual visual inspection of 400-dpi rendered PDF page; 900/1200-dpi crops used for dense glyphs; text scaffold not accepted	2026-08-28	hand-keyed-from-rendered-source; OCR-not-copied
181	He is hungry	TUL	36	30	right	2	bed̪apuɳɖᵘ	attested	high		manual visual inspection of 400-dpi rendered PDF page; 900/1200-dpi crops used for dense glyphs; text scaffold not accepted	2026-08-28	hand-keyed-from-rendered-source; OCR-not-copied
181	He is hungry	KOD	36	30	right	2	bajippə	attested	high		manual visual inspection of 400-dpi rendered PDF page; 900/1200-dpi crops used for dense glyphs; text scaffold not accepted	2026-08-28	hand-keyed-from-rendered-source; OCR-not-copied
182	He is thirsty	MTP	36	30	right	3	niːreruguɳu	attested	high		manual visual inspection of 400-dpi rendered PDF page; 900/1200-dpi crops used for dense glyphs; text scaffold not accepted	2026-08-28	hand-keyed-from-rendered-source; OCR-not-copied
182	He is thirsty	MTV	36	30	right	3	niːrerigenᵊ	attested	high		manual visual inspection of 400-dpi rendered PDF page; 900/1200-dpi crops used for dense glyphs; text scaffold not accepted	2026-08-28	hand-keyed-from-rendered-source; OCR-not-copied
182	He is thirsty	MTE	36	30	right	3	nirɜrugɐt̪	attested	high		manual visual inspection of 400-dpi rendered PDF page; 900/1200-dpi crops used for dense glyphs; text scaffold not accepted	2026-08-28	hand-keyed-from-rendered-source; OCR-not-copied
182	He is thirsty	MAL	36	30	right	3	d̪ahikːunːu	attested	high		manual visual inspection of 400-dpi rendered PDF page; 900/1200-dpi crops used for dense glyphs; text scaffold not accepted	2026-08-28	hand-keyed-from-rendered-source; OCR-not-copied
182	He is thirsty	TUL	36	30	right	3	aŋgʌt̪ːʌne	attested	high		manual visual inspection of 400-dpi rendered PDF page; 900/1200-dpi crops used for dense glyphs; text scaffold not accepted	2026-08-28	hand-keyed-from-rendered-source; OCR-not-copied
182	He is thirsty	KOD	36	30	right	3	bajjarke	attested	high		manual visual inspection of 400-dpi rendered PDF page; 900/1200-dpi crops used for dense glyphs; text scaffold not accepted	2026-08-28	hand-keyed-from-rendered-source; OCR-not-copied
183	He is drinking	MTP	36	30	right	4	unukkine	attested	high		manual visual inspection of 400-dpi rendered PDF page; 900/1200-dpi crops used for dense glyphs; text scaffold not accepted	2026-08-28	hand-keyed-from-rendered-source; OCR-not-copied
183	He is drinking	MTV	36	30	right	4	uɳukkinə	attested	high		manual visual inspection of 400-dpi rendered PDF page; 900/1200-dpi crops used for dense glyphs; text scaffold not accepted	2026-08-28	hand-keyed-from-rendered-source; OCR-not-copied
183	He is drinking	MTE	36	30	right	4	uɲukːeɲᵘ	attested	high		manual visual inspection of 400-dpi rendered PDF page; 900/1200-dpi crops used for dense glyphs; text scaffold not accepted	2026-08-28	hand-keyed-from-rendered-source; OCR-not-copied
183	He is drinking	MAL	36	30	right	4	kud̪ikːunnu	attested	high		manual visual inspection of 400-dpi rendered PDF page; 900/1200-dpi crops used for dense glyphs; text scaffold not accepted	2026-08-28	hand-keyed-from-rendered-source; OCR-not-copied
183	He is drinking	TUL	36	30	right	4	parpeɳu	attested	high		manual visual inspection of 400-dpi rendered PDF page; 900/1200-dpi crops used for dense glyphs; text scaffold not accepted	2026-08-28	hand-keyed-from-rendered-source; OCR-not-copied
183	He is drinking	KOD	36	30	right	4	kud̪i	attested	high		manual visual inspection of 400-dpi rendered PDF page; 900/1200-dpi crops used for dense glyphs; text scaffold not accepted	2026-08-28	hand-keyed-from-rendered-source; OCR-not-copied
184	He is sleeping	MTP	36	30	right	5	tʃiɲtʃigeɳu	attested	high		manual visual inspection of 400-dpi rendered PDF page; 900/1200-dpi crops used for dense glyphs; text scaffold not accepted	2026-08-28	hand-keyed-from-rendered-source; OCR-not-copied
184	He is sleeping	MTV	36	30	right	5	tʃiɲdʒiginu	attested	high		manual visual inspection of 400-dpi rendered PDF page; 900/1200-dpi crops used for dense glyphs; text scaffold not accepted	2026-08-28	hand-keyed-from-rendered-source; OCR-not-copied
184	He is sleeping	MTE	36	30	right	5	tʃɨɲdʒɨgɜɳ	attested	high		manual visual inspection of 400-dpi rendered PDF page; 900/1200-dpi crops used for dense glyphs; text scaffold not accepted	2026-08-28	hand-keyed-from-rendered-source; OCR-not-copied
184	He is sleeping	MAL	36	30	right	5	urakːam	attested	high		manual visual inspection of 400-dpi rendered PDF page; 900/1200-dpi crops used for dense glyphs; text scaffold not accepted	2026-08-28	hand-keyed-from-rendered-source; OCR-not-copied
184	He is sleeping	TUL	36	30	right	5	nid̪ra	attested	high		manual visual inspection of 400-dpi rendered PDF page; 900/1200-dpi crops used for dense glyphs; text scaffold not accepted	2026-08-28	hand-keyed-from-rendered-source; OCR-not-copied
184	He is sleeping	KOD	36	30	right	5	ʋaːri	attested	high		manual visual inspection of 400-dpi rendered PDF page; 900/1200-dpi crops used for dense glyphs; text scaffold not accepted	2026-08-28	hand-keyed-from-rendered-source; OCR-not-copied
185	He lay down	MTP	36	30	right	6	pədugeɳu	attested	high		manual visual inspection of 400-dpi rendered PDF page; 900/1200-dpi crops used for dense glyphs; text scaffold not accepted	2026-08-28	hand-keyed-from-rendered-source; OCR-not-copied
185	He lay down	MTV	36	30	right	6	padeginu	attested	high		manual visual inspection of 400-dpi rendered PDF page; 900/1200-dpi crops used for dense glyphs; text scaffold not accepted	2026-08-28	hand-keyed-from-rendered-source; OCR-not-copied
185	He lay down	MTE	36	30	right	6	padukɜɳⁱ	attested	high		manual visual inspection of 400-dpi rendered PDF page; 900/1200-dpi crops used for dense glyphs; text scaffold not accepted	2026-08-28	hand-keyed-from-rendered-source; OCR-not-copied
185	He lay down	MAL	36	30	right	6	kid̪akːunːu	attested	high		manual visual inspection of 400-dpi rendered PDF page; 900/1200-dpi crops used for dense glyphs; text scaffold not accepted	2026-08-28	hand-keyed-from-rendered-source; OCR-not-copied
185	He lay down	TUL	36	30	right	6	d̪erpujʌ	attested	high		manual visual inspection of 400-dpi rendered PDF page; 900/1200-dpi crops used for dense glyphs; text scaffold not accepted	2026-08-28	hand-keyed-from-rendered-source; OCR-not-copied
185	He lay down	KOD	36	30	right	6	bud̪d̪a	attested	high		manual visual inspection of 400-dpi rendered PDF page; 900/1200-dpi crops used for dense glyphs; text scaffold not accepted	2026-08-28	hand-keyed-from-rendered-source; OCR-not-copied
186	Sit down	MTP	36	30	right	7	kuɭɭepp	attested	high		manual visual inspection of 400-dpi rendered PDF page; 900/1200-dpi crops used for dense glyphs; text scaffold not accepted	2026-08-28	hand-keyed-from-rendered-source; OCR-not-copied
186	Sit down	MTV	36	30	right	7	kullupːə	attested	high		manual visual inspection of 400-dpi rendered PDF page; 900/1200-dpi crops used for dense glyphs; text scaffold not accepted	2026-08-28	hand-keyed-from-rendered-source; OCR-not-copied
186	Sit down	MTE	36	30	right	7	kuɭːe	attested	high		manual visual inspection of 400-dpi rendered PDF page; 900/1200-dpi crops used for dense glyphs; text scaffold not accepted	2026-08-28	hand-keyed-from-rendered-source; OCR-not-copied
186	Sit down	MAL	36	30	right	7	irikː	attested	high		manual visual inspection of 400-dpi rendered PDF page; 900/1200-dpi crops used for dense glyphs; text scaffold not accepted	2026-08-28	hand-keyed-from-rendered-source; OCR-not-copied
186	Sit down	TUL	36	30	right	7	kuɭːɨ	attested	high		manual visual inspection of 400-dpi rendered PDF page; 900/1200-dpi crops used for dense glyphs; text scaffold not accepted	2026-08-28	hand-keyed-from-rendered-source; OCR-not-copied
186	Sit down	KOD	36	30	right	7	aɭit̪a	attested	high		manual visual inspection of 400-dpi rendered PDF page; 900/1200-dpi crops used for dense glyphs; text scaffold not accepted	2026-08-28	hand-keyed-from-rendered-source; OCR-not-copied
187	Give	MTP	37	31	left	1	t̪a	attested	high		manual visual inspection of 400-dpi rendered PDF page; 900/1200-dpi crops used for dense glyphs; text scaffold not accepted	2026-08-28	hand-keyed-from-rendered-source; OCR-not-copied
187	Give	MTV	37	31	left	1	tːa	attested	high		manual visual inspection of 400-dpi rendered PDF page; 900/1200-dpi crops used for dense glyphs; text scaffold not accepted	2026-08-28	hand-keyed-from-rendered-source; OCR-not-copied
187	Give	MTE	37	31	left	1	tːa	attested	high		manual visual inspection of 400-dpi rendered PDF page; 900/1200-dpi crops used for dense glyphs; text scaffold not accepted	2026-08-28	hand-keyed-from-rendered-source; OCR-not-copied
187	Give	MAL	37	31	left	1	kod̪ukːi	attested	high		manual visual inspection of 400-dpi rendered PDF page; 900/1200-dpi crops used for dense glyphs; text scaffold not accepted	2026-08-28	hand-keyed-from-rendered-source; OCR-not-copied
187	Give	TUL	37	31	left	1	korpa	attested	high		manual visual inspection of 400-dpi rendered PDF page; 900/1200-dpi crops used for dense glyphs; text scaffold not accepted	2026-08-28	hand-keyed-from-rendered-source; OCR-not-copied
187	Give	KOD	37	31	left	1	kod̪i	attested	high		manual visual inspection of 400-dpi rendered PDF page; 900/1200-dpi crops used for dense glyphs; text scaffold not accepted	2026-08-28	hand-keyed-from-rendered-source; OCR-not-copied
188	It is burning	MTP	37	31	left	2	kɑt̪iɳɖu	attested	high		manual visual inspection of 400-dpi rendered PDF page; 900/1200-dpi crops used for dense glyphs; text scaffold not accepted	2026-08-28	hand-keyed-from-rendered-source; OCR-not-copied
188	It is burning	MTV	37	31	left	2	kat̪uga	attested	high		manual visual inspection of 400-dpi rendered PDF page; 900/1200-dpi crops used for dense glyphs; text scaffold not accepted	2026-08-28	hand-keyed-from-rendered-source; OCR-not-copied
188	It is burning	MTE	37	31	left	2	kat̪iɲu	attested	high		manual visual inspection of 400-dpi rendered PDF page; 900/1200-dpi crops used for dense glyphs; text scaffold not accepted	2026-08-28	hand-keyed-from-rendered-source; OCR-not-copied
188	It is burning	MAL	37	31	left	2	kat̪ːunːu	attested	high		manual visual inspection of 400-dpi rendered PDF page; 900/1200-dpi crops used for dense glyphs; text scaffold not accepted	2026-08-28	hand-keyed-from-rendered-source; OCR-not-copied
188	It is burning	TUL	37	31	left	2	pot̪unⁱ	attested	high		manual visual inspection of 400-dpi rendered PDF page; 900/1200-dpi crops used for dense glyphs; text scaffold not accepted	2026-08-28	hand-keyed-from-rendered-source; OCR-not-copied
188	It is burning	KOD	37	31	left	2	tʃud̪i	attested	high		manual visual inspection of 400-dpi rendered PDF page; 900/1200-dpi crops used for dense glyphs; text scaffold not accepted	2026-08-28	hand-keyed-from-rendered-source; OCR-not-copied
189	He died	MTP	37	31	left	3	tʃejt̪igu	attested	high		manual visual inspection of 400-dpi rendered PDF page; 900/1200-dpi crops used for dense glyphs; text scaffold not accepted	2026-08-28	hand-keyed-from-rendered-source; OCR-not-copied
189	He died	MTV	37	31	left	3	tʃejt̪ːu	attested	high		manual visual inspection of 400-dpi rendered PDF page; 900/1200-dpi crops used for dense glyphs; text scaffold not accepted	2026-08-28	hand-keyed-from-rendered-source; OCR-not-copied
189	He died	MTE	37	31	left	3	tʃejt̪iːu	attested	high		manual visual inspection of 400-dpi rendered PDF page; 900/1200-dpi crops used for dense glyphs; text scaffold not accepted	2026-08-28	hand-keyed-from-rendered-source; OCR-not-copied
189	He died	MAL	37	31	left	3	maritʃu	attested	high		manual visual inspection of 400-dpi rendered PDF page; 900/1200-dpi crops used for dense glyphs; text scaffold not accepted	2026-08-28	hand-keyed-from-rendered-source; OCR-not-copied
189	He died	TUL	37	31	left	3	t̪iroɳa	attested	high		manual visual inspection of 400-dpi rendered PDF page; 900/1200-dpi crops used for dense glyphs; text scaffold not accepted	2026-08-28	hand-keyed-from-rendered-source; OCR-not-copied
189	He died	KOD	37	31	left	3	tʃaʋo	attested	high		manual visual inspection of 400-dpi rendered PDF page; 900/1200-dpi crops used for dense glyphs; text scaffold not accepted	2026-08-28	hand-keyed-from-rendered-source; OCR-not-copied
