Item	Gloss	Site_Key	Source_Code	Source_Code_Occurrence	Scope	PDF_Page	Printed_Page	Column	Source_Group_Labels	Manual_Transcription	Manual_Form_Count	Source_Qualifier	Review_Status	Confidence	Site_Assignment_Confidence	Uncertainty	Reviewer_Method	Reviewed_At	Reviewer_Declaration
6	ear	BNM	BNM		target	32	27	left	1	kan	1		attested	high	high		manual visual inspection of 400-dpi rendered PDF page; 900/1200-dpi crops used for every cell; PDF text/OCR/legacy not accepted	2026-08-29	hand-keyed-from-rendered-source; PDF-text-OCR-legacy-not-copied
6	ear	BNT	BNT		target	32	27	left	1	kan	1		attested	high	high		manual visual inspection of 400-dpi rendered PDF page; 900/1200-dpi crops used for every cell; PDF text/OCR/legacy not accepted	2026-08-29	hand-keyed-from-rendered-source; PDF-text-OCR-legacy-not-copied
6	ear	RNK	RNK		target	32	27	left	1	kan	1		attested	high	high		manual visual inspection of 400-dpi rendered PDF page; 900/1200-dpi crops used for every cell; PDF text/OCR/legacy not accepted	2026-08-29	hand-keyed-from-rendered-source; PDF-text-OCR-legacy-not-copied
6	ear	RNS_Sisaikhara	RNS	1	target	32	27	left	1	kan	1		attested	high	medium	duplicate source code RNS; occurrence 1/2 assigned to metadata row 1/2 (Sisaikhara/Sisana)	manual visual inspection of 400-dpi rendered PDF page; 900/1200-dpi crops used for every cell; PDF text/OCR/legacy not accepted	2026-08-29	hand-keyed-from-rendered-source; PDF-text-OCR-legacy-not-copied
6	ear	RNS_Sisana	RNS	2	target	32	27	left	1	kan	1		attested	high	medium	duplicate source code RNS; occurrence 1/2 assigned to metadata row 1/2 (Sisaikhara/Sisana)	manual visual inspection of 400-dpi rendered PDF page; 900/1200-dpi crops used for every cell; PDF text/OCR/legacy not accepted	2026-08-29	hand-keyed-from-rendered-source; PDF-text-OCR-legacy-not-copied
6	ear	RKM	RkM		target	32	27	left	1	kan	1		attested	high	high		manual visual inspection of 400-dpi rendered PDF page; 900/1200-dpi crops used for every cell; PDF text/OCR/legacy not accepted	2026-08-29	hand-keyed-from-rendered-source; PDF-text-OCR-legacy-not-copied
6	ear	RKB	RKB		target	32	27	left	1	kan	1		attested	high	high		manual visual inspection of 400-dpi rendered PDF page; 900/1200-dpi crops used for every cell; PDF text/OCR/legacy not accepted	2026-08-29	hand-keyed-from-rendered-source; PDF-text-OCR-legacy-not-copied
6	ear	TkN	TkN		target	32	27	left	1	kan	1		attested	high	high		manual visual inspection of 400-dpi rendered PDF page; 900/1200-dpi crops used for every cell; PDF text/OCR/legacy not accepted	2026-08-29	hand-keyed-from-rendered-source; PDF-text-OCR-legacy-not-copied
6	ear	KkP	KkP		target	32	27	left	1	kan	1		attested	high	high		manual visual inspection of 400-dpi rendered PDF page; 900/1200-dpi crops used for every cell; PDF text/OCR/legacy not accepted	2026-08-29	hand-keyed-from-rendered-source; PDF-text-OCR-legacy-not-copied
6	ear	SkP	SkP		target	32	27	left	1	kan	1		attested	high	high		manual visual inspection of 400-dpi rendered PDF page; 900/1200-dpi crops used for every cell; PDF text/OCR/legacy not accepted	2026-08-29	hand-keyed-from-rendered-source; PDF-text-OCR-legacy-not-copied
6	ear	DKS	DKS		target	32	27	left	1	kan	1		attested	high	high		manual visual inspection of 400-dpi rendered PDF page; 900/1200-dpi crops used for every cell; PDF text/OCR/legacy not accepted	2026-08-29	hand-keyed-from-rendered-source; PDF-text-OCR-legacy-not-copied
6	ear	DDK	DDK		target	32	27	left	1	kan	1		attested	high	high		manual visual inspection of 400-dpi rendered PDF page; 900/1200-dpi crops used for every cell; PDF text/OCR/legacy not accepted	2026-08-29	hand-keyed-from-rendered-source; PDF-text-OCR-legacy-not-copied
6	ear	DGC	DGC		target	32	27	left	1	kan	1		attested	high	high		manual visual inspection of 400-dpi rendered PDF page; 900/1200-dpi crops used for every cell; PDF text/OCR/legacy not accepted	2026-08-29	hand-keyed-from-rendered-source; PDF-text-OCR-legacy-not-copied
6	ear	DkR	DkR		target	32	27	left	1	kan	1		attested	high	high		manual visual inspection of 400-dpi rendered PDF page; 900/1200-dpi crops used for every cell; PDF text/OCR/legacy not accepted	2026-08-29	hand-keyed-from-rendered-source; PDF-text-OCR-legacy-not-copied
6	ear	CCC	CCC		target	32	27	left	1	kan	1		attested	high	high		manual visual inspection of 400-dpi rendered PDF page; 900/1200-dpi crops used for every cell; PDF text/OCR/legacy not accepted	2026-08-29	hand-keyed-from-rendered-source; PDF-text-OCR-legacy-not-copied
6	ear	HIN	HIN		control	32	27	left	1	kan	1		attested	high	high		manual visual inspection of 400-dpi rendered PDF page; 900/1200-dpi crops used for every cell; PDF text/OCR/legacy not accepted	2026-08-29	hand-keyed-from-rendered-source; PDF-text-OCR-legacy-not-copied
7	nose	BNM	BNM		target	32	27	right	1	nak	1		attested	high	high		manual visual inspection of 400-dpi rendered PDF page; 900/1200-dpi crops used for every cell; PDF text/OCR/legacy not accepted	2026-08-29	hand-keyed-from-rendered-source; PDF-text-OCR-legacy-not-copied
7	nose	BNT	BNT		target	32	27	right	1	nak	1		attested	high	high		manual visual inspection of 400-dpi rendered PDF page; 900/1200-dpi crops used for every cell; PDF text/OCR/legacy not accepted	2026-08-29	hand-keyed-from-rendered-source; PDF-text-OCR-legacy-not-copied
7	nose	RNK	RNK		target	32	27	right	1	nak	1		attested	high	high		manual visual inspection of 400-dpi rendered PDF page; 900/1200-dpi crops used for every cell; PDF text/OCR/legacy not accepted	2026-08-29	hand-keyed-from-rendered-source; PDF-text-OCR-legacy-not-copied
7	nose	RNS_Sisaikhara	RNS	1	target	32	27	right	1	nak	1		attested	high	medium	duplicate source code RNS; occurrence 1/2 assigned to metadata row 1/2 (Sisaikhara/Sisana)	manual visual inspection of 400-dpi rendered PDF page; 900/1200-dpi crops used for every cell; PDF text/OCR/legacy not accepted	2026-08-29	hand-keyed-from-rendered-source; PDF-text-OCR-legacy-not-copied
7	nose	RNS_Sisana	RNS	2	target	32	27	right	1	nak	1		attested	high	medium	duplicate source code RNS; occurrence 1/2 assigned to metadata row 1/2 (Sisaikhara/Sisana)	manual visual inspection of 400-dpi rendered PDF page; 900/1200-dpi crops used for every cell; PDF text/OCR/legacy not accepted	2026-08-29	hand-keyed-from-rendered-source; PDF-text-OCR-legacy-not-copied
7	nose	RKM	RkM		target	32	27	right	1	nak	1		attested	high	high		manual visual inspection of 400-dpi rendered PDF page; 900/1200-dpi crops used for every cell; PDF text/OCR/legacy not accepted	2026-08-29	hand-keyed-from-rendered-source; PDF-text-OCR-legacy-not-copied
7	nose	RKB	RKB		target	32	27	right	1	nak	1		attested	high	high		manual visual inspection of 400-dpi rendered PDF page; 900/1200-dpi crops used for every cell; PDF text/OCR/legacy not accepted	2026-08-29	hand-keyed-from-rendered-source; PDF-text-OCR-legacy-not-copied
7	nose	TkN	TkN		target	32	27	right	1	nak	1		attested	high	high		manual visual inspection of 400-dpi rendered PDF page; 900/1200-dpi crops used for every cell; PDF text/OCR/legacy not accepted	2026-08-29	hand-keyed-from-rendered-source; PDF-text-OCR-legacy-not-copied
7	nose	KkP	KkP		target	32	27	right	1	nak	1		attested	high	high		manual visual inspection of 400-dpi rendered PDF page; 900/1200-dpi crops used for every cell; PDF text/OCR/legacy not accepted	2026-08-29	hand-keyed-from-rendered-source; PDF-text-OCR-legacy-not-copied
7	nose	SkP	SkP		target	32	27	right	1	nak	1		attested	high	high		manual visual inspection of 400-dpi rendered PDF page; 900/1200-dpi crops used for every cell; PDF text/OCR/legacy not accepted	2026-08-29	hand-keyed-from-rendered-source; PDF-text-OCR-legacy-not-copied
7	nose	DKS	DKS		target	32	27	right	1	nak	1		attested	high	high		manual visual inspection of 400-dpi rendered PDF page; 900/1200-dpi crops used for every cell; PDF text/OCR/legacy not accepted	2026-08-29	hand-keyed-from-rendered-source; PDF-text-OCR-legacy-not-copied
7	nose	DDK	DDK		target	32	27	right	1	nak	1		attested	high	high		manual visual inspection of 400-dpi rendered PDF page; 900/1200-dpi crops used for every cell; PDF text/OCR/legacy not accepted	2026-08-29	hand-keyed-from-rendered-source; PDF-text-OCR-legacy-not-copied
7	nose	DGC	DGC		target	32	27	right	1	nak	1		attested	high	high		manual visual inspection of 400-dpi rendered PDF page; 900/1200-dpi crops used for every cell; PDF text/OCR/legacy not accepted	2026-08-29	hand-keyed-from-rendered-source; PDF-text-OCR-legacy-not-copied
7	nose	DkR	DkR		target	32	27	right	1	nak	1		attested	high	high		manual visual inspection of 400-dpi rendered PDF page; 900/1200-dpi crops used for every cell; PDF text/OCR/legacy not accepted	2026-08-29	hand-keyed-from-rendered-source; PDF-text-OCR-legacy-not-copied
7	nose	CCC	CCC		target	32	27	right	1	nak	1		attested	high	high		manual visual inspection of 400-dpi rendered PDF page; 900/1200-dpi crops used for every cell; PDF text/OCR/legacy not accepted	2026-08-29	hand-keyed-from-rendered-source; PDF-text-OCR-legacy-not-copied
7	nose	HIN	HIN		control	32	27	right	1	nak	1		attested	high	high		manual visual inspection of 400-dpi rendered PDF page; 900/1200-dpi crops used for every cell; PDF text/OCR/legacy not accepted	2026-08-29	hand-keyed-from-rendered-source; PDF-text-OCR-legacy-not-copied
8	mouth	BNM	BNM		target	32	27	right	1	moh	1	(4)	attested	high	high		manual visual inspection of 400-dpi rendered PDF page; 900/1200-dpi crops used for every cell; PDF text/OCR/legacy not accepted	2026-08-29	hand-keyed-from-rendered-source; PDF-text-OCR-legacy-not-copied
8	mouth	BNT	BNT		target	32	27	right	1	mũh	1	(4)	attested	high	high		manual visual inspection of 400-dpi rendered PDF page; 900/1200-dpi crops used for every cell; PDF text/OCR/legacy not accepted	2026-08-29	hand-keyed-from-rendered-source; PDF-text-OCR-legacy-not-copied
8	mouth	RNK	RNK		target	32	27	right	1	muh	1	(4)	attested	high	high		manual visual inspection of 400-dpi rendered PDF page; 900/1200-dpi crops used for every cell; PDF text/OCR/legacy not accepted	2026-08-29	hand-keyed-from-rendered-source; PDF-text-OCR-legacy-not-copied
8	mouth	RNS_Sisaikhara	RNS	1	target	32	27	right	1	mũh	1		attested	high	medium	duplicate source code RNS; occurrence 1/2 assigned to metadata row 1/2 (Sisaikhara/Sisana)	manual visual inspection of 400-dpi rendered PDF page; 900/1200-dpi crops used for every cell; PDF text/OCR/legacy not accepted	2026-08-29	hand-keyed-from-rendered-source; PDF-text-OCR-legacy-not-copied
8	mouth	RNS_Sisana	RNS	2	target	32	27	right	1	mʊh	1	(4)	attested	high	medium	duplicate source code RNS; occurrence 1/2 assigned to metadata row 1/2 (Sisaikhara/Sisana)	manual visual inspection of 400-dpi rendered PDF page; 900/1200-dpi crops used for every cell; PDF text/OCR/legacy not accepted	2026-08-29	hand-keyed-from-rendered-source; PDF-text-OCR-legacy-not-copied
8	mouth	RKM	RkM		target	32	27	right	1	moh	1	(4)	attested	high	high		manual visual inspection of 400-dpi rendered PDF page; 900/1200-dpi crops used for every cell; PDF text/OCR/legacy not accepted	2026-08-29	hand-keyed-from-rendered-source; PDF-text-OCR-legacy-not-copied
8	mouth	RKB	RKB		target	32	27	right	1	muh	1	(4)	attested	high	high		manual visual inspection of 400-dpi rendered PDF page; 900/1200-dpi crops used for every cell; PDF text/OCR/legacy not accepted	2026-08-29	hand-keyed-from-rendered-source; PDF-text-OCR-legacy-not-copied
8	mouth	TkN	TkN		target	32	27	right	1	muh	1	(4)	attested	high	high		manual visual inspection of 400-dpi rendered PDF page; 900/1200-dpi crops used for every cell; PDF text/OCR/legacy not accepted	2026-08-29	hand-keyed-from-rendered-source; PDF-text-OCR-legacy-not-copied
8	mouth	KkP	KkP		target	32	27	right	1	mũ	1	(4)	attested	high	high		manual visual inspection of 400-dpi rendered PDF page; 900/1200-dpi crops used for every cell; PDF text/OCR/legacy not accepted	2026-08-29	hand-keyed-from-rendered-source; PDF-text-OCR-legacy-not-copied
8	mouth	SkP	SkP		target	32	27	right	1	mʊh	1	(4)	attested	high	high		manual visual inspection of 400-dpi rendered PDF page; 900/1200-dpi crops used for every cell; PDF text/OCR/legacy not accepted	2026-08-29	hand-keyed-from-rendered-source; PDF-text-OCR-legacy-not-copied
8	mouth	DKS	DKS		target	32	27	right	1	muh	1	(4)	attested	high	high		manual visual inspection of 400-dpi rendered PDF page; 900/1200-dpi crops used for every cell; PDF text/OCR/legacy not accepted	2026-08-29	hand-keyed-from-rendered-source; PDF-text-OCR-legacy-not-copied
8	mouth	DDK	DDK		target	32	27	right	1	mũh	1	(4)	attested	high	high		manual visual inspection of 400-dpi rendered PDF page; 900/1200-dpi crops used for every cell; PDF text/OCR/legacy not accepted	2026-08-29	hand-keyed-from-rendered-source; PDF-text-OCR-legacy-not-copied
8	mouth	DGC	DGC		target	32	27	right	1	mʊh	1		attested	high	high		manual visual inspection of 400-dpi rendered PDF page; 900/1200-dpi crops used for every cell; PDF text/OCR/legacy not accepted	2026-08-29	hand-keyed-from-rendered-source; PDF-text-OCR-legacy-not-copied
8	mouth	DkR	DkR		target	32	27	right	1	mũh	1	(4)	attested	high	high		manual visual inspection of 400-dpi rendered PDF page; 900/1200-dpi crops used for every cell; PDF text/OCR/legacy not accepted	2026-08-29	hand-keyed-from-rendered-source; PDF-text-OCR-legacy-not-copied
8	mouth	CCC	CCC		target	32	27	right	1	muːhʌ	1		attested	high	high		manual visual inspection of 400-dpi rendered PDF page; 900/1200-dpi crops used for every cell; PDF text/OCR/legacy not accepted	2026-08-29	hand-keyed-from-rendered-source; PDF-text-OCR-legacy-not-copied
8	mouth	HIN	HIN		control	32	27	right	1	mũh	1		attested	high	high		manual visual inspection of 400-dpi rendered PDF page; 900/1200-dpi crops used for every cell; PDF text/OCR/legacy not accepted	2026-08-29	hand-keyed-from-rendered-source; PDF-text-OCR-legacy-not-copied
9	teeth	BNM	BNM		target	32	27	right	1	dand	1		attested	high	high		manual visual inspection of 400-dpi rendered PDF page; 900/1200-dpi crops used for every cell; PDF text/OCR/legacy not accepted	2026-08-29	hand-keyed-from-rendered-source; PDF-text-OCR-legacy-not-copied
9	teeth	BNT	BNT		target	32	27	right	1	dãnt	1		attested	high	high		manual visual inspection of 400-dpi rendered PDF page; 900/1200-dpi crops used for every cell; PDF text/OCR/legacy not accepted	2026-08-29	hand-keyed-from-rendered-source; PDF-text-OCR-legacy-not-copied
9	teeth	RNK	RNK		target	32	27	right	1	dãnt	1		attested	high	high		manual visual inspection of 400-dpi rendered PDF page; 900/1200-dpi crops used for every cell; PDF text/OCR/legacy not accepted	2026-08-29	hand-keyed-from-rendered-source; PDF-text-OCR-legacy-not-copied
9	teeth	RNS_Sisaikhara	RNS	1	target	32	27	right	1	dãnt	1		attested	high	medium	duplicate source code RNS; occurrence 1/2 assigned to metadata row 1/2 (Sisaikhara/Sisana)	manual visual inspection of 400-dpi rendered PDF page; 900/1200-dpi crops used for every cell; PDF text/OCR/legacy not accepted	2026-08-29	hand-keyed-from-rendered-source; PDF-text-OCR-legacy-not-copied
9	teeth	RNS_Sisana	RNS	2	target	32	27	right	1	dãnt	1		attested	high	medium	duplicate source code RNS; occurrence 1/2 assigned to metadata row 1/2 (Sisaikhara/Sisana)	manual visual inspection of 400-dpi rendered PDF page; 900/1200-dpi crops used for every cell; PDF text/OCR/legacy not accepted	2026-08-29	hand-keyed-from-rendered-source; PDF-text-OCR-legacy-not-copied
9	teeth	RKM	RkM		target	32	27	right	1	daːt	1		attested	high	high		manual visual inspection of 400-dpi rendered PDF page; 900/1200-dpi crops used for every cell; PDF text/OCR/legacy not accepted	2026-08-29	hand-keyed-from-rendered-source; PDF-text-OCR-legacy-not-copied
9	teeth	RKB	RKB		target	32	27	right	1	dãnt	1		attested	high	high		manual visual inspection of 400-dpi rendered PDF page; 900/1200-dpi crops used for every cell; PDF text/OCR/legacy not accepted	2026-08-29	hand-keyed-from-rendered-source; PDF-text-OCR-legacy-not-copied
9	teeth	TkN	TkN		target	32	27	right	1	daːt	1		attested	high	high		manual visual inspection of 400-dpi rendered PDF page; 900/1200-dpi crops used for every cell; PDF text/OCR/legacy not accepted	2026-08-29	hand-keyed-from-rendered-source; PDF-text-OCR-legacy-not-copied
9	teeth	KkP	KkP		target	32	27	right	1	dãnt	1		attested	high	high		manual visual inspection of 400-dpi rendered PDF page; 900/1200-dpi crops used for every cell; PDF text/OCR/legacy not accepted	2026-08-29	hand-keyed-from-rendered-source; PDF-text-OCR-legacy-not-copied
9	teeth	SkP	SkP		target	32	27	right	1	daːt	1		attested	high	high		manual visual inspection of 400-dpi rendered PDF page; 900/1200-dpi crops used for every cell; PDF text/OCR/legacy not accepted	2026-08-29	hand-keyed-from-rendered-source; PDF-text-OCR-legacy-not-copied
9	teeth	DKS	DKS		target	32	27	right	1	dãnt	1		attested	high	high		manual visual inspection of 400-dpi rendered PDF page; 900/1200-dpi crops used for every cell; PDF text/OCR/legacy not accepted	2026-08-29	hand-keyed-from-rendered-source; PDF-text-OCR-legacy-not-copied
9	teeth	DDK	DDK		target	32	27	right	1	dãnt	1		attested	high	high		manual visual inspection of 400-dpi rendered PDF page; 900/1200-dpi crops used for every cell; PDF text/OCR/legacy not accepted	2026-08-29	hand-keyed-from-rendered-source; PDF-text-OCR-legacy-not-copied
9	teeth	DGC	DGC		target	32	27	right	1	dãnt	1		attested	high	high		manual visual inspection of 400-dpi rendered PDF page; 900/1200-dpi crops used for every cell; PDF text/OCR/legacy not accepted	2026-08-29	hand-keyed-from-rendered-source; PDF-text-OCR-legacy-not-copied
9	teeth	DkR	DkR		target	32	27	right	1	dãnt	1		attested	high	high		manual visual inspection of 400-dpi rendered PDF page; 900/1200-dpi crops used for every cell; PDF text/OCR/legacy not accepted	2026-08-29	hand-keyed-from-rendered-source; PDF-text-OCR-legacy-not-copied
9	teeth	CCC	CCC		target	32	27	right	1	daːt	1		attested	high	high		manual visual inspection of 400-dpi rendered PDF page; 900/1200-dpi crops used for every cell; PDF text/OCR/legacy not accepted	2026-08-29	hand-keyed-from-rendered-source; PDF-text-OCR-legacy-not-copied
9	teeth	HIN	HIN		control	32	27	right	1	dãnt	1		attested	high	high		manual visual inspection of 400-dpi rendered PDF page; 900/1200-dpi crops used for every cell; PDF text/OCR/legacy not accepted	2026-08-29	hand-keyed-from-rendered-source; PDF-text-OCR-legacy-not-copied
10	tongue	BNM	BNM		target	33	28	left	1	dʒibʰ	1		attested	high	high		manual visual inspection of 400-dpi rendered PDF page; 900/1200-dpi crops used for every cell; PDF text/OCR/legacy not accepted	2026-08-29	hand-keyed-from-rendered-source; PDF-text-OCR-legacy-not-copied
10	tongue	BNT	BNT		target	33	28	left	1	dʒibʰ	1		attested	high	high		manual visual inspection of 400-dpi rendered PDF page; 900/1200-dpi crops used for every cell; PDF text/OCR/legacy not accepted	2026-08-29	hand-keyed-from-rendered-source; PDF-text-OCR-legacy-not-copied
10	tongue	RNK	RNK		target	33	28	left	1	dʒibʰ	1		attested	high	high		manual visual inspection of 400-dpi rendered PDF page; 900/1200-dpi crops used for every cell; PDF text/OCR/legacy not accepted	2026-08-29	hand-keyed-from-rendered-source; PDF-text-OCR-legacy-not-copied
10	tongue	RNS_Sisaikhara	RNS	1	target	33	28	left	1	dʒibʰ	1		attested	high	medium	duplicate source code RNS; occurrence 1/2 assigned to metadata row 1/2 (Sisaikhara/Sisana)	manual visual inspection of 400-dpi rendered PDF page; 900/1200-dpi crops used for every cell; PDF text/OCR/legacy not accepted	2026-08-29	hand-keyed-from-rendered-source; PDF-text-OCR-legacy-not-copied
10	tongue	RNS_Sisana	RNS	2	target	33	28	left	1	dʒibʰ	1		attested	high	medium	duplicate source code RNS; occurrence 1/2 assigned to metadata row 1/2 (Sisaikhara/Sisana)	manual visual inspection of 400-dpi rendered PDF page; 900/1200-dpi crops used for every cell; PDF text/OCR/legacy not accepted	2026-08-29	hand-keyed-from-rendered-source; PDF-text-OCR-legacy-not-copied
10	tongue	RKM	RkM		target	33	28	left	1	dʒibʰ	1		attested	high	high		manual visual inspection of 400-dpi rendered PDF page; 900/1200-dpi crops used for every cell; PDF text/OCR/legacy not accepted	2026-08-29	hand-keyed-from-rendered-source; PDF-text-OCR-legacy-not-copied
10	tongue	RKB	RKB		target	33	28	left	1	dʒibʰ	1		attested	high	high		manual visual inspection of 400-dpi rendered PDF page; 900/1200-dpi crops used for every cell; PDF text/OCR/legacy not accepted	2026-08-29	hand-keyed-from-rendered-source; PDF-text-OCR-legacy-not-copied
10	tongue	TkN	TkN		target	33	28	left	1	dʒibʰ	1		attested	high	high		manual visual inspection of 400-dpi rendered PDF page; 900/1200-dpi crops used for every cell; PDF text/OCR/legacy not accepted	2026-08-29	hand-keyed-from-rendered-source; PDF-text-OCR-legacy-not-copied
10	tongue	KkP	KkP		target	33	28	left	1	dʒibʰ	1		attested	high	high		manual visual inspection of 400-dpi rendered PDF page; 900/1200-dpi crops used for every cell; PDF text/OCR/legacy not accepted	2026-08-29	hand-keyed-from-rendered-source; PDF-text-OCR-legacy-not-copied
10	tongue	SkP	SkP		target	33	28	left	1	dʒibʰ	1		attested	high	high		manual visual inspection of 400-dpi rendered PDF page; 900/1200-dpi crops used for every cell; PDF text/OCR/legacy not accepted	2026-08-29	hand-keyed-from-rendered-source; PDF-text-OCR-legacy-not-copied
10	tongue	DKS	DKS		target	33	28	left	1	dʒibʰ	1		attested	high	high		manual visual inspection of 400-dpi rendered PDF page; 900/1200-dpi crops used for every cell; PDF text/OCR/legacy not accepted	2026-08-29	hand-keyed-from-rendered-source; PDF-text-OCR-legacy-not-copied
10	tongue	DDK	DDK		target	33	28	left	1	dʒibʰ	1		attested	high	high		manual visual inspection of 400-dpi rendered PDF page; 900/1200-dpi crops used for every cell; PDF text/OCR/legacy not accepted	2026-08-29	hand-keyed-from-rendered-source; PDF-text-OCR-legacy-not-copied
10	tongue	DGC	DGC		target	33	28	left	1	dʒibʰ	1		attested	high	high		manual visual inspection of 400-dpi rendered PDF page; 900/1200-dpi crops used for every cell; PDF text/OCR/legacy not accepted	2026-08-29	hand-keyed-from-rendered-source; PDF-text-OCR-legacy-not-copied
10	tongue	DkR	DkR		target	33	28	left	1	dʒibʰ	1		attested	high	high		manual visual inspection of 400-dpi rendered PDF page; 900/1200-dpi crops used for every cell; PDF text/OCR/legacy not accepted	2026-08-29	hand-keyed-from-rendered-source; PDF-text-OCR-legacy-not-copied
10	tongue	CCC	CCC		target	33	28	left	1	dʒibʰi	1		attested	high	high		manual visual inspection of 400-dpi rendered PDF page; 900/1200-dpi crops used for every cell; PDF text/OCR/legacy not accepted	2026-08-29	hand-keyed-from-rendered-source; PDF-text-OCR-legacy-not-copied
10	tongue	HIN	HIN		control	33	28	left	1	dʒibʰ	1		attested	high	high		manual visual inspection of 400-dpi rendered PDF page; 900/1200-dpi crops used for every cell; PDF text/OCR/legacy not accepted	2026-08-29	hand-keyed-from-rendered-source; PDF-text-OCR-legacy-not-copied
