Item	Gloss	Site_Code	Site_Identity	PDF_Page	Printed_Page	Column	Manual_Transcription	Similarity_Groups	Source_Line_IDs	Source_Qualification	Review_Status	Scope	Confidence	Uncertainty	Reviewer_Method	Reviewed_At	Reviewer_Declaration
76	turtle	0	printed site code 0	61	54	right	kɔttʃʰop	8	i076-l11		attested	control_audit_only	high		manual visual inspection of the 300-dpi rendered pages; small IPA marks rechecked in targeted 1200-dpi crops	2026-08-29	hand-keyed-from-rendered-source; OCR-PDF-text-legacy-not-copied-or-used-to-verify
76	turtle	a	printed site code a	61	54	right	tʃapʼpa	1	i076-l01		attested	neutral_unreconciled	high		manual visual inspection of the 300-dpi rendered pages; small IPA marks rechecked in targeted 1200-dpi crops	2026-08-29	hand-keyed-from-rendered-source; OCR-PDF-text-legacy-not-copied-or-used-to-verify
76	turtle	b	printed site code b	61	54	right	kaʃiŋ	2	i076-l03		attested	neutral_unreconciled	high		manual visual inspection of the 300-dpi rendered pages; small IPA marks rechecked in targeted 1200-dpi crops	2026-08-29	hand-keyed-from-rendered-source; OCR-PDF-text-legacy-not-copied-or-used-to-verify
76	turtle	c	printed site code c	61	54	right	kaʃiŋ	2	i076-l03		attested	neutral_unreconciled	high		manual visual inspection of the 300-dpi rendered pages; small IPA marks rechecked in targeted 1200-dpi crops	2026-08-29	hand-keyed-from-rendered-source; OCR-PDF-text-legacy-not-copied-or-used-to-verify
76	turtle	d	printed site code d	61	54	right	tʃapʼpa | tʃid͜ʒoŋ	1|3	i076-l01|i076-l04		attested	neutral_unreconciled	high		manual visual inspection of the 300-dpi rendered pages; small IPA marks rechecked in targeted 1200-dpi crops	2026-08-29	hand-keyed-from-rendered-source; OCR-PDF-text-legacy-not-copied-or-used-to-verify
76	turtle	e	printed site code e	61	54	right	kʰatʼtʰua̯	4	i076-l06		attested	neutral_unreconciled	high		manual visual inspection of the 300-dpi rendered pages; small IPA marks rechecked in targeted 1200-dpi crops	2026-08-29	hand-keyed-from-rendered-source; OCR-PDF-text-legacy-not-copied-or-used-to-verify
76	turtle	f	printed site code f	61	54	right	kʰatʼtʰua̯	4	i076-l06		attested	neutral_unreconciled	high		manual visual inspection of the 300-dpi rendered pages; small IPA marks rechecked in targeted 1200-dpi crops	2026-08-29	hand-keyed-from-rendered-source; OCR-PDF-text-legacy-not-copied-or-used-to-verify
76	turtle	g	printed site code g	61	54	right	kʰatua̯	4	i076-l07		attested	neutral_unreconciled	high		manual visual inspection of the 300-dpi rendered pages; small IPA marks rechecked in targeted 1200-dpi crops	2026-08-29	hand-keyed-from-rendered-source; OCR-PDF-text-legacy-not-copied-or-used-to-verify
76	turtle	h	printed site code h	61	54	right	kʰatʼtʰua̯	4	i076-l06		attested	neutral_unreconciled	high		manual visual inspection of the 300-dpi rendered pages; small IPA marks rechecked in targeted 1200-dpi crops	2026-08-29	hand-keyed-from-rendered-source; OCR-PDF-text-legacy-not-copied-or-used-to-verify
76	turtle	i	printed site code i	61	54	right	tʃɛpʼpa	1	i076-l02		attested	neutral_unreconciled	high		manual visual inspection of the 300-dpi rendered pages; small IPA marks rechecked in targeted 1200-dpi crops	2026-08-29	hand-keyed-from-rendered-source; OCR-PDF-text-legacy-not-copied-or-used-to-verify
76	turtle	j	printed site code j	61	54	right	dkar	6	i076-l09		attested	neutral_unreconciled	high		manual visual inspection of the 300-dpi rendered pages; small IPA marks rechecked in targeted 1200-dpi crops	2026-08-29	hand-keyed-from-rendered-source; OCR-PDF-text-legacy-not-copied-or-used-to-verify
76	turtle	k	printed site code k	61	54	right	katʰua̯ | dkar	4|6	i076-l05|i076-l09		attested	neutral_unreconciled	high		manual visual inspection of the 300-dpi rendered pages; small IPA marks rechecked in targeted 1200-dpi crops	2026-08-29	hand-keyed-from-rendered-source; OCR-PDF-text-legacy-not-copied-or-used-to-verify
76	turtle	l	printed site code l	61	54	right	kʰuʃum	7	i076-l10		attested	neutral_unreconciled	high		manual visual inspection of the 300-dpi rendered pages; small IPA marks rechecked in targeted 1200-dpi crops	2026-08-29	hand-keyed-from-rendered-source; OCR-PDF-text-legacy-not-copied-or-used-to-verify
76	turtle	m	printed site code m	61	54	right	katʰua̯	4	i076-l05		attested	neutral_unreconciled	high		manual visual inspection of the 300-dpi rendered pages; small IPA marks rechecked in targeted 1200-dpi crops	2026-08-29	hand-keyed-from-rendered-source; OCR-PDF-text-legacy-not-copied-or-used-to-verify
76	turtle	n	printed site code n	61	54	right	kʰatʼtʰua̯	4	i076-l06		attested	neutral_unreconciled	high		manual visual inspection of the 300-dpi rendered pages; small IPA marks rechecked in targeted 1200-dpi crops	2026-08-29	hand-keyed-from-rendered-source; OCR-PDF-text-legacy-not-copied-or-used-to-verify
76	turtle	o	printed site code o	61	54	right	tʃid͜ʒoŋ	3	i076-l04		attested	neutral_unreconciled	high		manual visual inspection of the 300-dpi rendered pages; small IPA marks rechecked in targeted 1200-dpi crops	2026-08-29	hand-keyed-from-rendered-source; OCR-PDF-text-legacy-not-copied-or-used-to-verify
76	turtle	p	printed site code p	61	54	right	haru	5	i076-l08		attested	neutral_unreconciled	high		manual visual inspection of the 300-dpi rendered pages; small IPA marks rechecked in targeted 1200-dpi crops	2026-08-29	hand-keyed-from-rendered-source; OCR-PDF-text-legacy-not-copied-or-used-to-verify
77	frog	0	printed site code 0	62	55	left	bɛŋ	4	i077-l05		attested	control_audit_only	high		manual visual inspection of the 300-dpi rendered pages; small IPA marks rechecked in targeted 1200-dpi crops	2026-08-29	hand-keyed-from-rendered-source; OCR-PDF-text-legacy-not-copied-or-used-to-verify
77	frog	a	printed site code a	62	55	left	bɛŋ	4	i077-l05		attested	neutral_unreconciled	high		manual visual inspection of the 300-dpi rendered pages; small IPA marks rechecked in targeted 1200-dpi crops	2026-08-29	hand-keyed-from-rendered-source; OCR-PDF-text-legacy-not-copied-or-used-to-verify
77	frog	b	printed site code b	62	55	left	luwakʼ	1	i077-l02		attested	neutral_unreconciled	high		manual visual inspection of the 300-dpi rendered pages; small IPA marks rechecked in targeted 1200-dpi crops	2026-08-29	hand-keyed-from-rendered-source; OCR-PDF-text-legacy-not-copied-or-used-to-verify
77	frog	c	printed site code c	62	55	left	luwakʼ	1	i077-l02		attested	neutral_unreconciled	high		manual visual inspection of the 300-dpi rendered pages; small IPA marks rechecked in targeted 1200-dpi crops	2026-08-29	hand-keyed-from-rendered-source; OCR-PDF-text-legacy-not-copied-or-used-to-verify
77	frog	d	printed site code d	62	55	left	bɛŋboŋ	2	i077-l03		attested	neutral_unreconciled	high		manual visual inspection of the 300-dpi rendered pages; small IPA marks rechecked in targeted 1200-dpi crops	2026-08-29	hand-keyed-from-rendered-source; OCR-PDF-text-legacy-not-copied-or-used-to-verify
77	frog	e	printed site code e	62	55	left	bɛŋboŋ	2	i077-l03		attested	neutral_unreconciled	high		manual visual inspection of the 300-dpi rendered pages; small IPA marks rechecked in targeted 1200-dpi crops	2026-08-29	hand-keyed-from-rendered-source; OCR-PDF-text-legacy-not-copied-or-used-to-verify
77	frog	f	printed site code f	62	55	left	bɛŋ	4	i077-l05		attested	neutral_unreconciled	high		manual visual inspection of the 300-dpi rendered pages; small IPA marks rechecked in targeted 1200-dpi crops	2026-08-29	hand-keyed-from-rendered-source; OCR-PDF-text-legacy-not-copied-or-used-to-verify
77	frog	g	printed site code g	62	55	left	bɛŋ	4	i077-l05		attested	neutral_unreconciled	high		manual visual inspection of the 300-dpi rendered pages; small IPA marks rechecked in targeted 1200-dpi crops	2026-08-29	hand-keyed-from-rendered-source; OCR-PDF-text-legacy-not-copied-or-used-to-verify
77	frog	h	printed site code h	62	55	left	bɛŋ	4	i077-l05		attested	neutral_unreconciled	high		manual visual inspection of the 300-dpi rendered pages; small IPA marks rechecked in targeted 1200-dpi crops	2026-08-29	hand-keyed-from-rendered-source; OCR-PDF-text-legacy-not-copied-or-used-to-verify
77	frog	i	printed site code i	62	55	left	bɛŋboŋ	2	i077-l03		attested	neutral_unreconciled	high		manual visual inspection of the 300-dpi rendered pages; small IPA marks rechecked in targeted 1200-dpi crops	2026-08-29	hand-keyed-from-rendered-source; OCR-PDF-text-legacy-not-copied-or-used-to-verify
77	frog	j	printed site code j	62	55	left	bɛŋ	4	i077-l05		attested	neutral_unreconciled	high		manual visual inspection of the 300-dpi rendered pages; small IPA marks rechecked in targeted 1200-dpi crops	2026-08-29	hand-keyed-from-rendered-source; OCR-PDF-text-legacy-not-copied-or-used-to-verify
77	frog	k	printed site code k	62	55	left	bɛŋboŋ	2	i077-l03		attested	neutral_unreconciled	high		manual visual inspection of the 300-dpi rendered pages; small IPA marks rechecked in targeted 1200-dpi crops	2026-08-29	hand-keyed-from-rendered-source; OCR-PDF-text-legacy-not-copied-or-used-to-verify
77	frog	l	printed site code l	62	55	left	luklak	1	i077-l01		attested	neutral_unreconciled	high		manual visual inspection of the 300-dpi rendered pages; small IPA marks rechecked in targeted 1200-dpi crops	2026-08-29	hand-keyed-from-rendered-source; OCR-PDF-text-legacy-not-copied-or-used-to-verify
77	frog	m	printed site code m	62	55	left	luklak | bɛŋboŋ	1|2	i077-l01|i077-l03		attested	neutral_unreconciled	high		manual visual inspection of the 300-dpi rendered pages; small IPA marks rechecked in targeted 1200-dpi crops	2026-08-29	hand-keyed-from-rendered-source; OCR-PDF-text-legacy-not-copied-or-used-to-verify
77	frog	n	printed site code n	62	55	left	bɛŋboŋ	2	i077-l03		attested	neutral_unreconciled	high		manual visual inspection of the 300-dpi rendered pages; small IPA marks rechecked in targeted 1200-dpi crops	2026-08-29	hand-keyed-from-rendered-source; OCR-PDF-text-legacy-not-copied-or-used-to-verify
77	frog	o	printed site code o	62	55	left	bɛŋ	4	i077-l05		attested	neutral_unreconciled	high		manual visual inspection of the 300-dpi rendered pages; small IPA marks rechecked in targeted 1200-dpi crops	2026-08-29	hand-keyed-from-rendered-source; OCR-PDF-text-legacy-not-copied-or-used-to-verify
77	frog	p	printed site code p	62	55	left	heruʔ	3	i077-l04		attested	neutral_unreconciled	high		manual visual inspection of the 300-dpi rendered pages; small IPA marks rechecked in targeted 1200-dpi crops	2026-08-29	hand-keyed-from-rendered-source; OCR-PDF-text-legacy-not-copied-or-used-to-verify
78	dog	0	printed site code 0	62	55	left	kukur	4	i078-l06		attested	control_audit_only	high		manual visual inspection of the 300-dpi rendered pages; small IPA marks rechecked in targeted 1200-dpi crops	2026-08-29	hand-keyed-from-rendered-source; OCR-PDF-text-legacy-not-copied-or-used-to-verify
78	dog	a	printed site code a	62	55	left	atʃak	1	i078-l01		attested	neutral_unreconciled	high		manual visual inspection of the 300-dpi rendered pages; small IPA marks rechecked in targeted 1200-dpi crops	2026-08-29	hand-keyed-from-rendered-source; OCR-PDF-text-legacy-not-copied-or-used-to-verify
78	dog	b	printed site code b	62	55	left	kui	2	i078-l03		attested	neutral_unreconciled	high		manual visual inspection of the 300-dpi rendered pages; small IPA marks rechecked in targeted 1200-dpi crops	2026-08-29	hand-keyed-from-rendered-source; OCR-PDF-text-legacy-not-copied-or-used-to-verify
78	dog	c	printed site code c	62	55	left	kui	2	i078-l03		attested	neutral_unreconciled	high		manual visual inspection of the 300-dpi rendered pages; small IPA marks rechecked in targeted 1200-dpi crops	2026-08-29	hand-keyed-from-rendered-source; OCR-PDF-text-legacy-not-copied-or-used-to-verify
78	dog	d	printed site code d	62	55	left	atʃak	1	i078-l01		attested	neutral_unreconciled	high		manual visual inspection of the 300-dpi rendered pages; small IPA marks rechecked in targeted 1200-dpi crops	2026-08-29	hand-keyed-from-rendered-source; OCR-PDF-text-legacy-not-copied-or-used-to-verify
78	dog	e	printed site code e	62	55	left	atʃak	1	i078-l01		attested	neutral_unreconciled	high		manual visual inspection of the 300-dpi rendered pages; small IPA marks rechecked in targeted 1200-dpi crops	2026-08-29	hand-keyed-from-rendered-source; OCR-PDF-text-legacy-not-copied-or-used-to-verify
78	dog	f	printed site code f	62	55	left	atʃak	1	i078-l01		attested	neutral_unreconciled	high		manual visual inspection of the 300-dpi rendered pages; small IPA marks rechecked in targeted 1200-dpi crops	2026-08-29	hand-keyed-from-rendered-source; OCR-PDF-text-legacy-not-copied-or-used-to-verify
78	dog	g	printed site code g	62	55	left	atʃak	1	i078-l01		attested	neutral_unreconciled	high		manual visual inspection of the 300-dpi rendered pages; small IPA marks rechecked in targeted 1200-dpi crops	2026-08-29	hand-keyed-from-rendered-source; OCR-PDF-text-legacy-not-copied-or-used-to-verify
78	dog	h	printed site code h	62	55	left	atʃak	1	i078-l01		attested	neutral_unreconciled	high		manual visual inspection of the 300-dpi rendered pages; small IPA marks rechecked in targeted 1200-dpi crops	2026-08-29	hand-keyed-from-rendered-source; OCR-PDF-text-legacy-not-copied-or-used-to-verify
78	dog	i	printed site code i	62	55	left	atʃak	1	i078-l01		attested	neutral_unreconciled	high		manual visual inspection of the 300-dpi rendered pages; small IPA marks rechecked in targeted 1200-dpi crops	2026-08-29	hand-keyed-from-rendered-source; OCR-PDF-text-legacy-not-copied-or-used-to-verify
78	dog	j	printed site code j	62	55	left	ksu	3	i078-l05		attested	neutral_unreconciled	high		manual visual inspection of the 300-dpi rendered pages; small IPA marks rechecked in targeted 1200-dpi crops	2026-08-29	hand-keyed-from-rendered-source; OCR-PDF-text-legacy-not-copied-or-used-to-verify
78	dog	k	printed site code k	62	55	left	ksu	3	i078-l05		attested	neutral_unreconciled	high		manual visual inspection of the 300-dpi rendered pages; small IPA marks rechecked in targeted 1200-dpi crops	2026-08-29	hand-keyed-from-rendered-source; OCR-PDF-text-legacy-not-copied-or-used-to-verify
78	dog	l	printed site code l	62	55	left	kɨi	2	i078-l02		attested	neutral_unreconciled	high		manual visual inspection of the 300-dpi rendered pages; small IPA marks rechecked in targeted 1200-dpi crops	2026-08-29	hand-keyed-from-rendered-source; OCR-PDF-text-legacy-not-copied-or-used-to-verify
78	dog	m	printed site code m	62	55	left	kɨi	2	i078-l02		attested	neutral_unreconciled	high		manual visual inspection of the 300-dpi rendered pages; small IPA marks rechecked in targeted 1200-dpi crops	2026-08-29	hand-keyed-from-rendered-source; OCR-PDF-text-legacy-not-copied-or-used-to-verify
78	dog	n	printed site code n	62	55	left	atʃak	1	i078-l01		attested	neutral_unreconciled	high		manual visual inspection of the 300-dpi rendered pages; small IPA marks rechecked in targeted 1200-dpi crops	2026-08-29	hand-keyed-from-rendered-source; OCR-PDF-text-legacy-not-copied-or-used-to-verify
78	dog	o	printed site code o	62	55	left	atʃak	1	i078-l01		attested	neutral_unreconciled	high		manual visual inspection of the 300-dpi rendered pages; small IPA marks rechecked in targeted 1200-dpi crops	2026-08-29	hand-keyed-from-rendered-source; OCR-PDF-text-legacy-not-copied-or-used-to-verify
78	dog	p	printed site code p	62	55	left	kʰsu	3	i078-l04		attested	neutral_unreconciled	high		manual visual inspection of the 300-dpi rendered pages; small IPA marks rechecked in targeted 1200-dpi crops	2026-08-29	hand-keyed-from-rendered-source; OCR-PDF-text-legacy-not-copied-or-used-to-verify
79	cat	0	printed site code 0	62	55	left	biral	2	i079-l07		attested	control_audit_only	high		manual visual inspection of the 300-dpi rendered pages; small IPA marks rechecked in targeted 1200-dpi crops	2026-08-29	hand-keyed-from-rendered-source; OCR-PDF-text-legacy-not-copied-or-used-to-verify
79	cat	a	printed site code a	62	55	left	mɛŋgoŋ	1	i079-l03		attested	neutral_unreconciled	high		manual visual inspection of the 300-dpi rendered pages; small IPA marks rechecked in targeted 1200-dpi crops	2026-08-29	hand-keyed-from-rendered-source; OCR-PDF-text-legacy-not-copied-or-used-to-verify
79	cat	b	printed site code b	62	55	left	bilai̯	2	i079-l06		attested	neutral_unreconciled	high		manual visual inspection of the 300-dpi rendered pages; small IPA marks rechecked in targeted 1200-dpi crops	2026-08-29	hand-keyed-from-rendered-source; OCR-PDF-text-legacy-not-copied-or-used-to-verify
79	cat	c	printed site code c	62	55	left	bilai̯	2	i079-l06		attested	neutral_unreconciled	high		manual visual inspection of the 300-dpi rendered pages; small IPA marks rechecked in targeted 1200-dpi crops	2026-08-29	hand-keyed-from-rendered-source; OCR-PDF-text-legacy-not-copied-or-used-to-verify
79	cat	d	printed site code d	62	55	left	mɛŋgou̯	1	i079-l04		attested	neutral_unreconciled	high		manual visual inspection of the 300-dpi rendered pages; small IPA marks rechecked in targeted 1200-dpi crops	2026-08-29	hand-keyed-from-rendered-source; OCR-PDF-text-legacy-not-copied-or-used-to-verify
79	cat	e	printed site code e	62	55	left	mɛŋgoŋ	1	i079-l03		attested	neutral_unreconciled	high		manual visual inspection of the 300-dpi rendered pages; small IPA marks rechecked in targeted 1200-dpi crops	2026-08-29	hand-keyed-from-rendered-source; OCR-PDF-text-legacy-not-copied-or-used-to-verify
79	cat	f	printed site code f	62	55	left	mɛŋgao̯	1	i079-l01		attested	neutral_unreconciled	high		manual visual inspection of the 300-dpi rendered pages; small IPA marks rechecked in targeted 1200-dpi crops	2026-08-29	hand-keyed-from-rendered-source; OCR-PDF-text-legacy-not-copied-or-used-to-verify
79	cat	g	printed site code g	62	55	left	mɛŋgo	1	i079-l02		attested	neutral_unreconciled	high		manual visual inspection of the 300-dpi rendered pages; small IPA marks rechecked in targeted 1200-dpi crops	2026-08-29	hand-keyed-from-rendered-source; OCR-PDF-text-legacy-not-copied-or-used-to-verify
79	cat	h	printed site code h	62	55	left	mɛŋgo	1	i079-l02		attested	neutral_unreconciled	high		manual visual inspection of the 300-dpi rendered pages; small IPA marks rechecked in targeted 1200-dpi crops	2026-08-29	hand-keyed-from-rendered-source; OCR-PDF-text-legacy-not-copied-or-used-to-verify
79	cat	i	printed site code i	62	55	left	mɛŋgoŋ	1	i079-l03		attested	neutral_unreconciled	high		manual visual inspection of the 300-dpi rendered pages; small IPA marks rechecked in targeted 1200-dpi crops	2026-08-29	hand-keyed-from-rendered-source; OCR-PDF-text-legacy-not-copied-or-used-to-verify
79	cat	j	printed site code j	62	55	left	mɛŋgao̯	1	i079-l01		attested	neutral_unreconciled	high		manual visual inspection of the 300-dpi rendered pages; small IPA marks rechecked in targeted 1200-dpi crops	2026-08-29	hand-keyed-from-rendered-source; OCR-PDF-text-legacy-not-copied-or-used-to-verify
79	cat	k	printed site code k	62	55	left	mɛŋgao̯	1	i079-l01		attested	neutral_unreconciled	high		manual visual inspection of the 300-dpi rendered pages; small IPA marks rechecked in targeted 1200-dpi crops	2026-08-29	hand-keyed-from-rendered-source; OCR-PDF-text-legacy-not-copied-or-used-to-verify
79	cat	l	printed site code l	62	55	left	bɨi̯ra	2	i079-l05		attested	neutral_unreconciled	high		manual visual inspection of the 300-dpi rendered pages; small IPA marks rechecked in targeted 1200-dpi crops	2026-08-29	hand-keyed-from-rendered-source; OCR-PDF-text-legacy-not-copied-or-used-to-verify
79	cat	m	printed site code m	62	55	left	bɨi̯ra	2	i079-l05		attested	neutral_unreconciled	high		manual visual inspection of the 300-dpi rendered pages; small IPA marks rechecked in targeted 1200-dpi crops	2026-08-29	hand-keyed-from-rendered-source; OCR-PDF-text-legacy-not-copied-or-used-to-verify
79	cat	n	printed site code n	62	55	left	mɛŋgou̯	1	i079-l04		attested	neutral_unreconciled	high		manual visual inspection of the 300-dpi rendered pages; small IPA marks rechecked in targeted 1200-dpi crops	2026-08-29	hand-keyed-from-rendered-source; OCR-PDF-text-legacy-not-copied-or-used-to-verify
79	cat	o	printed site code o	62	55	left	mɛŋgoŋ	1	i079-l03		attested	neutral_unreconciled	high		manual visual inspection of the 300-dpi rendered pages; small IPA marks rechecked in targeted 1200-dpi crops	2026-08-29	hand-keyed-from-rendered-source; OCR-PDF-text-legacy-not-copied-or-used-to-verify
79	cat	p	printed site code p	62	55	left	mio̯	3	i079-l08		attested	neutral_unreconciled	high		manual visual inspection of the 300-dpi rendered pages; small IPA marks rechecked in targeted 1200-dpi crops	2026-08-29	hand-keyed-from-rendered-source; OCR-PDF-text-legacy-not-copied-or-used-to-verify
80	cow	0	printed site code 0	62	55	left	goru	2	i080-l06		attested	control_audit_only	high		manual visual inspection of the 300-dpi rendered pages; small IPA marks rechecked in targeted 1200-dpi crops	2026-08-29	hand-keyed-from-rendered-source; OCR-PDF-text-legacy-not-copied-or-used-to-verify
80	cow	a	printed site code a	62	55	left	maʔʃu	1	i080-l02		attested	neutral_unreconciled	high		manual visual inspection of the 300-dpi rendered pages; small IPA marks rechecked in targeted 1200-dpi crops	2026-08-29	hand-keyed-from-rendered-source; OCR-PDF-text-legacy-not-copied-or-used-to-verify
80	cow	b	printed site code b	62	55	left	maʔsu | maʔsu	1|3	i080-l04|i080-l10		attested	neutral_unreconciled	high		manual visual inspection of the 300-dpi rendered pages; small IPA marks rechecked in targeted 1200-dpi crops	2026-08-29	hand-keyed-from-rendered-source; OCR-PDF-text-legacy-not-copied-or-used-to-verify
80	cow	c	printed site code c	62	55	left	maʔsu | maʔsu	1|3	i080-l04|i080-l10		attested	neutral_unreconciled	high		manual visual inspection of the 300-dpi rendered pages; small IPA marks rechecked in targeted 1200-dpi crops	2026-08-29	hand-keyed-from-rendered-source; OCR-PDF-text-legacy-not-copied-or-used-to-verify
80	cow	d	printed site code d	62	55	left	maʔsu | maʔsu	1|3	i080-l04|i080-l10		attested	neutral_unreconciled	high		manual visual inspection of the 300-dpi rendered pages; small IPA marks rechecked in targeted 1200-dpi crops	2026-08-29	hand-keyed-from-rendered-source; OCR-PDF-text-legacy-not-copied-or-used-to-verify
80	cow	e	printed site code e	62	55	left	maʔʃu	1	i080-l02		attested	neutral_unreconciled	high		manual visual inspection of the 300-dpi rendered pages; small IPA marks rechecked in targeted 1200-dpi crops	2026-08-29	hand-keyed-from-rendered-source; OCR-PDF-text-legacy-not-copied-or-used-to-verify
80	cow	f	printed site code f	62	55	left	maʔʃu	1	i080-l02		attested	neutral_unreconciled	high		manual visual inspection of the 300-dpi rendered pages; small IPA marks rechecked in targeted 1200-dpi crops	2026-08-29	hand-keyed-from-rendered-source; OCR-PDF-text-legacy-not-copied-or-used-to-verify
80	cow	g	printed site code g	62	55	left	maʔʃu	1	i080-l02		attested	neutral_unreconciled	high		manual visual inspection of the 300-dpi rendered pages; small IPA marks rechecked in targeted 1200-dpi crops	2026-08-29	hand-keyed-from-rendered-source; OCR-PDF-text-legacy-not-copied-or-used-to-verify
80	cow	h	printed site code h	62	55	left	maʔsu | maʔsu	1|3	i080-l04|i080-l10		attested	neutral_unreconciled	high		manual visual inspection of the 300-dpi rendered pages; small IPA marks rechecked in targeted 1200-dpi crops	2026-08-29	hand-keyed-from-rendered-source; OCR-PDF-text-legacy-not-copied-or-used-to-verify
80	cow	i	printed site code i	62	55	left	maʔsu | maʔsu	1|3	i080-l04|i080-l10		attested	neutral_unreconciled	high		manual visual inspection of the 300-dpi rendered pages; small IPA marks rechecked in targeted 1200-dpi crops	2026-08-29	hand-keyed-from-rendered-source; OCR-PDF-text-legacy-not-copied-or-used-to-verify
80	cow	j	printed site code j	62	55	left	maʔsɨu̯ | maʔsɨu̯	1|3	i080-l03|i080-l09		attested	neutral_unreconciled	high		manual visual inspection of the 300-dpi rendered pages; small IPA marks rechecked in targeted 1200-dpi crops	2026-08-29	hand-keyed-from-rendered-source; OCR-PDF-text-legacy-not-copied-or-used-to-verify
80	cow	k	printed site code k	62	55	left	mɨʔsɨu̯ | mɨʔsɨu̯	1|3	i080-l01|i080-l07		attested	neutral_unreconciled	high		manual visual inspection of the 300-dpi rendered pages; small IPA marks rechecked in targeted 1200-dpi crops	2026-08-29	hand-keyed-from-rendered-source; OCR-PDF-text-legacy-not-copied-or-used-to-verify
80	cow	l	printed site code l	62	55	left	maʔsu | maʔsu	1|3	i080-l04|i080-l10		attested	neutral_unreconciled	high		manual visual inspection of the 300-dpi rendered pages; small IPA marks rechecked in targeted 1200-dpi crops	2026-08-29	hand-keyed-from-rendered-source; OCR-PDF-text-legacy-not-copied-or-used-to-verify
80	cow	m	printed site code m	62	55	left	maʔsu | maʔsu	1|3	i080-l04|i080-l10		attested	neutral_unreconciled	high		manual visual inspection of the 300-dpi rendered pages; small IPA marks rechecked in targeted 1200-dpi crops	2026-08-29	hand-keyed-from-rendered-source; OCR-PDF-text-legacy-not-copied-or-used-to-verify
80	cow	n	printed site code n	62	55	left	maʔʃu	1	i080-l02		attested	neutral_unreconciled	high		manual visual inspection of the 300-dpi rendered pages; small IPA marks rechecked in targeted 1200-dpi crops	2026-08-29	hand-keyed-from-rendered-source; OCR-PDF-text-legacy-not-copied-or-used-to-verify
80	cow	o	printed site code o	62	55	left	maʔtʃʰu	1	i080-l05		attested	neutral_unreconciled	high		manual visual inspection of the 300-dpi rendered pages; small IPA marks rechecked in targeted 1200-dpi crops	2026-08-29	hand-keyed-from-rendered-source; OCR-PDF-text-legacy-not-copied-or-used-to-verify
80	cow	p	printed site code p	62	55	left	mɨsɨ	3	i080-l08		attested	neutral_unreconciled	high		manual visual inspection of the 300-dpi rendered pages; small IPA marks rechecked in targeted 1200-dpi crops	2026-08-29	hand-keyed-from-rendered-source; OCR-PDF-text-legacy-not-copied-or-used-to-verify
