Line_ID	Item	Gloss	PDF_Page	Printed_Page	Column	Line_Order	Similarity_Group	Manual_Transcription	Bracket_Codes	Printed_Status_Text	Line_Status	Confidence	Uncertainty	Reviewer_Method	Reviewed_At	Reviewer_Declaration
i051-l01	51	coconut (ripe)	58	51	left	1	0		p	no entry	source_blank	high		manual visual inspection of the 300-dpi rendered page; small IPA marks rechecked in targeted 1200-dpi crops	2026-08-29	hand-keyed-from-rendered-source; OCR-PDF-text-legacy-not-copied-or-used-to-verify
i051-l02	51	coconut (ripe)	58	51	left	2	1	narikɛl	0deghilmo		attested	high		manual visual inspection of the 300-dpi rendered page; small IPA marks rechecked in targeted 1200-dpi crops	2026-08-29	hand-keyed-from-rendered-source; OCR-PDF-text-legacy-not-copied-or-used-to-verify
i051-l03	51	coconut (ripe)	58	51	left	3	1	narikol	fn		attested	high		manual visual inspection of the 300-dpi rendered page; small IPA marks rechecked in targeted 1200-dpi crops	2026-08-29	hand-keyed-from-rendered-source; OCR-PDF-text-legacy-not-copied-or-used-to-verify
i051-l04	51	coconut (ripe)	58	51	left	4	1	narkol	a		attested	high		manual visual inspection of the 300-dpi rendered page; small IPA marks rechecked in targeted 1200-dpi crops	2026-08-29	hand-keyed-from-rendered-source; OCR-PDF-text-legacy-not-copied-or-used-to-verify
i051-l05	51	coconut (ripe)	58	51	left	5	2	daba	bc		attested	high		manual visual inspection of the 300-dpi rendered page; small IPA marks rechecked in targeted 1200-dpi crops	2026-08-29	hand-keyed-from-rendered-source; OCR-PDF-text-legacy-not-copied-or-used-to-verify
i051-l06	51	coconut (ripe)	58	51	left	6	3	soʔdaba	jk		attested	high		manual visual inspection of the 300-dpi rendered page; small IPA marks rechecked in targeted 1200-dpi crops	2026-08-29	hand-keyed-from-rendered-source; OCR-PDF-text-legacy-not-copied-or-used-to-verify
i052-l01	52	banana	58	51	left	1	1	tʰai̯ʔirik	ef		attested	high		manual visual inspection of the 300-dpi rendered page; small IPA marks rechecked in targeted 1200-dpi crops	2026-08-29	hand-keyed-from-rendered-source; OCR-PDF-text-legacy-not-copied-or-used-to-verify
i052-l02	52	banana	58	51	left	2	1	tʰiʔrɨk	aho		attested	high		manual visual inspection of the 300-dpi rendered page; small IPA marks rechecked in targeted 1200-dpi crops	2026-08-29	hand-keyed-from-rendered-source; OCR-PDF-text-legacy-not-copied-or-used-to-verify
i052-l03	52	banana	58	51	left	3	1	tʰiʔrik	dgin		attested	high		manual visual inspection of the 300-dpi rendered page; small IPA marks rechecked in targeted 1200-dpi crops	2026-08-29	hand-keyed-from-rendered-source; OCR-PDF-text-legacy-not-copied-or-used-to-verify
i052-l04	52	banana	58	51	left	4	2	lɛtʰai̯	bc		attested	high		manual visual inspection of the 300-dpi rendered page; small IPA marks rechecked in targeted 1200-dpi crops	2026-08-29	hand-keyed-from-rendered-source; OCR-PDF-text-legacy-not-copied-or-used-to-verify
i052-l05	52	banana	58	51	left	5	2	rɛkʼtʰai̯	lm		attested	high		manual visual inspection of the 300-dpi rendered page; small IPA marks rechecked in targeted 1200-dpi crops	2026-08-29	hand-keyed-from-rendered-source; OCR-PDF-text-legacy-not-copied-or-used-to-verify
i052-l06	52	banana	58	51	left	6	3	kai̯ʔ	jk		attested	high		manual visual inspection of the 300-dpi rendered page; small IPA marks rechecked in targeted 1200-dpi crops	2026-08-29	hand-keyed-from-rendered-source; OCR-PDF-text-legacy-not-copied-or-used-to-verify
i052-l07	52	banana	58	51	left	7	3	kai̯tʼ	p		attested	high		manual visual inspection of the 300-dpi rendered page; small IPA marks rechecked in targeted 1200-dpi crops	2026-08-29	hand-keyed-from-rendered-source; OCR-PDF-text-legacy-not-copied-or-used-to-verify
i052-l08	52	banana	58	51	left	8	4	kɔla	0		attested	high		manual visual inspection of the 300-dpi rendered page; small IPA marks rechecked in targeted 1200-dpi crops	2026-08-29	hand-keyed-from-rendered-source; OCR-PDF-text-legacy-not-copied-or-used-to-verify
i053-l01	53	mango	58	51	left	1	1	tʰai̯ʔgatʃʰu	ef		attested	high		manual visual inspection of the 300-dpi rendered page; small IPA marks rechecked in targeted 1200-dpi crops	2026-08-29	hand-keyed-from-rendered-source; OCR-PDF-text-legacy-not-copied-or-used-to-verify
i053-l02	53	mango	58	51	left	2	1	tʰɛʔgatʃʰu	adghn		attested	high		manual visual inspection of the 300-dpi rendered page; small IPA marks rechecked in targeted 1200-dpi crops	2026-08-29	hand-keyed-from-rendered-source; OCR-PDF-text-legacy-not-copied-or-used-to-verify
i053-l03	53	mango	58	51	left	3	1	tʰiʔgatʃʰu	o		attested	high		manual visual inspection of the 300-dpi rendered page; small IPA marks rechecked in targeted 1200-dpi crops	2026-08-29	hand-keyed-from-rendered-source; OCR-PDF-text-legacy-not-copied-or-used-to-verify
i053-l04	53	mango	58	51	left	4	1	tʰiʔgatʃu	i		attested	high		manual visual inspection of the 300-dpi rendered page; small IPA marks rechecked in targeted 1200-dpi crops	2026-08-29	hand-keyed-from-rendered-source; OCR-PDF-text-legacy-not-copied-or-used-to-verify
i053-l05	53	mango	58	51	left	5	2	botʃor	bc		attested	high		manual visual inspection of the 300-dpi rendered page; small IPA marks rechecked in targeted 1200-dpi crops	2026-08-29	hand-keyed-from-rendered-source; OCR-PDF-text-legacy-not-copied-or-used-to-verify
i053-l06	53	mango	58	51	left	6	2	botʃot	lm		attested	high		manual visual inspection of the 300-dpi rendered page; small IPA marks rechecked in targeted 1200-dpi crops	2026-08-29	hand-keyed-from-rendered-source; OCR-PDF-text-legacy-not-copied-or-used-to-verify
i053-l07	53	mango	58	51	left	7	3	soʔpɛŋ	jk		attested	high		manual visual inspection of the 300-dpi rendered page; small IPA marks rechecked in targeted 1200-dpi crops	2026-08-29	hand-keyed-from-rendered-source; OCR-PDF-text-legacy-not-copied-or-used-to-verify
i053-l08	53	mango	58	51	left	8	3	suʔpia̯ŋ	p		attested	high		manual visual inspection of the 300-dpi rendered page; small IPA marks rechecked in targeted 1200-dpi crops	2026-08-29	hand-keyed-from-rendered-source; OCR-PDF-text-legacy-not-copied-or-used-to-verify
i053-l09	53	mango	58	51	left	9	4	am	0		attested	high		manual visual inspection of the 300-dpi rendered page; small IPA marks rechecked in targeted 1200-dpi crops	2026-08-29	hand-keyed-from-rendered-source; OCR-PDF-text-legacy-not-copied-or-used-to-verify
i054-l01	54	flower	58	51	right	1	0		l	no entry	source_blank	high		manual visual inspection of the 300-dpi rendered page; small IPA marks rechecked in targeted 1200-dpi crops	2026-08-29	hand-keyed-from-rendered-source; OCR-PDF-text-legacy-not-copied-or-used-to-verify
i054-l02	54	flower	58	51	right	2	1	bibal	adefghio		attested	high		manual visual inspection of the 300-dpi rendered page; small IPA marks rechecked in targeted 1200-dpi crops	2026-08-29	hand-keyed-from-rendered-source; OCR-PDF-text-legacy-not-copied-or-used-to-verify
i054-l03	54	flower	58	51	right	3	2	par	bc		attested	high		manual visual inspection of the 300-dpi rendered page; small IPA marks rechecked in targeted 1200-dpi crops	2026-08-29	hand-keyed-from-rendered-source; OCR-PDF-text-legacy-not-copied-or-used-to-verify
i054-l04	54	flower	58	51	right	4	3	sɨntɨ	jp		attested	high		manual visual inspection of the 300-dpi rendered page; small IPA marks rechecked in targeted 1200-dpi crops	2026-08-29	hand-keyed-from-rendered-source; OCR-PDF-text-legacy-not-copied-or-used-to-verify
i054-l05	54	flower	58	51	right	5	3	sɨntɨu̯	k		attested	high		manual visual inspection of the 300-dpi rendered page; small IPA marks rechecked in targeted 1200-dpi crops	2026-08-29	hand-keyed-from-rendered-source; OCR-PDF-text-legacy-not-copied-or-used-to-verify
i054-l06	54	flower	58	51	right	6	4	pʰul	0mn		attested	high		manual visual inspection of the 300-dpi rendered page; small IPA marks rechecked in targeted 1200-dpi crops	2026-08-29	hand-keyed-from-rendered-source; OCR-PDF-text-legacy-not-copied-or-used-to-verify
i055-l01	55	seed	58	51	right	1	0		b	no entry	source_blank	high		manual visual inspection of the 300-dpi rendered page; small IPA marks rechecked in targeted 1200-dpi crops	2026-08-29	hand-keyed-from-rendered-source; OCR-PDF-text-legacy-not-copied-or-used-to-verify
i055-l02	55	seed	58	51	right	2	1	bɨtʃʰri	o		attested	high		manual visual inspection of the 300-dpi rendered page; small IPA marks rechecked in targeted 1200-dpi crops	2026-08-29	hand-keyed-from-rendered-source; OCR-PDF-text-legacy-not-copied-or-used-to-verify
i055-l03	55	seed	58	51	right	3	1	pɨtʃʰi	a		attested	high		manual visual inspection of the 300-dpi rendered page; small IPA marks rechecked in targeted 1200-dpi crops	2026-08-29	hand-keyed-from-rendered-source; OCR-PDF-text-legacy-not-copied-or-used-to-verify
i055-l04	55	seed	58	51	right	4	2	bigoron	f		attested	high		manual visual inspection of the 300-dpi rendered page; small IPA marks rechecked in targeted 1200-dpi crops	2026-08-29	hand-keyed-from-rendered-source; OCR-PDF-text-legacy-not-copied-or-used-to-verify
i055-l05	55	seed	58	51	right	5	2	bigron	d		attested	high		manual visual inspection of the 300-dpi rendered page; small IPA marks rechecked in targeted 1200-dpi crops	2026-08-29	hand-keyed-from-rendered-source; OCR-PDF-text-legacy-not-copied-or-used-to-verify
i055-l06	55	seed	58	51	right	6	3	bigron	d		attested	high		manual visual inspection of the 300-dpi rendered page; small IPA marks rechecked in targeted 1200-dpi crops	2026-08-29	hand-keyed-from-rendered-source; OCR-PDF-text-legacy-not-copied-or-used-to-verify
i055-l07	55	seed	58	51	right	7	3	gron	h		attested	high		manual visual inspection of the 300-dpi rendered page; small IPA marks rechecked in targeted 1200-dpi crops	2026-08-29	hand-keyed-from-rendered-source; OCR-PDF-text-legacy-not-copied-or-used-to-verify
i055-l08	55	seed	58	51	right	8	4	bigoron	f		attested	high		manual visual inspection of the 300-dpi rendered page; small IPA marks rechecked in targeted 1200-dpi crops	2026-08-29	hand-keyed-from-rendered-source; OCR-PDF-text-legacy-not-copied-or-used-to-verify
i055-l09	55	seed	58	51	right	9	4	goron	efn		attested	high		manual visual inspection of the 300-dpi rendered page; small IPA marks rechecked in targeted 1200-dpi crops	2026-08-29	hand-keyed-from-rendered-source; OCR-PDF-text-legacy-not-copied-or-used-to-verify
i055-l10	55	seed	58	51	right	10	5	biʃun	g		attested	high		manual visual inspection of the 300-dpi rendered page; small IPA marks rechecked in targeted 1200-dpi crops	2026-08-29	hand-keyed-from-rendered-source; OCR-PDF-text-legacy-not-copied-or-used-to-verify
i055-l11	55	seed	58	51	right	11	6	bɨtʃʰri	o		attested	high		manual visual inspection of the 300-dpi rendered page; small IPA marks rechecked in targeted 1200-dpi crops	2026-08-29	hand-keyed-from-rendered-source; OCR-PDF-text-legacy-not-copied-or-used-to-verify
i055-l12	55	seed	58	51	right	12	6	bɨtʃʰɨri	i		attested	high		manual visual inspection of the 300-dpi rendered page; small IPA marks rechecked in targeted 1200-dpi crops	2026-08-29	hand-keyed-from-rendered-source; OCR-PDF-text-legacy-not-copied-or-used-to-verify
i055-l13	55	seed	58	51	right	13	7	tʃɨlɨi̯	jk		attested	high		manual visual inspection of the 300-dpi rendered page; small IPA marks rechecked in targeted 1200-dpi crops	2026-08-29	hand-keyed-from-rendered-source; OCR-PDF-text-legacy-not-copied-or-used-to-verify
i055-l14	55	seed	58	51	right	14	7	tʃara	m		attested	high		manual visual inspection of the 300-dpi rendered page; small IPA marks rechecked in targeted 1200-dpi crops	2026-08-29	hand-keyed-from-rendered-source; OCR-PDF-text-legacy-not-copied-or-used-to-verify
i055-l15	55	seed	58	51	right	15	7	tʃari	l		attested	high		manual visual inspection of the 300-dpi rendered page; small IPA marks rechecked in targeted 1200-dpi crops	2026-08-29	hand-keyed-from-rendered-source; OCR-PDF-text-legacy-not-copied-or-used-to-verify
i055-l16	55	seed	58	51	right	16	8	bidʒ	0c		attested	high		manual visual inspection of the 300-dpi rendered page; small IPA marks rechecked in targeted 1200-dpi crops	2026-08-29	hand-keyed-from-rendered-source; OCR-PDF-text-legacy-not-copied-or-used-to-verify
i055-l17	55	seed	58	51	right	17	9	kʰut lia̯ŋ	p		attested	high		manual visual inspection of the 300-dpi rendered page; small IPA marks rechecked in targeted 1200-dpi crops	2026-08-29	hand-keyed-from-rendered-source; OCR-PDF-text-legacy-not-copied-or-used-to-verify
i055-l18	55	seed	58	51	right	18	A	goron	efn		attested	high		manual visual inspection of the 300-dpi rendered page; small IPA marks rechecked in targeted 1200-dpi crops	2026-08-29	hand-keyed-from-rendered-source; OCR-PDF-text-legacy-not-copied-or-used-to-verify
i055-l19	55	seed	58	51	right	19	A	gron	h		attested	high		manual visual inspection of the 300-dpi rendered page; small IPA marks rechecked in targeted 1200-dpi crops	2026-08-29	hand-keyed-from-rendered-source; OCR-PDF-text-legacy-not-copied-or-used-to-verify
