Item	Gloss	Site_Code	Site_Name	PDF_Page	Printed_Page	Column	Manual_Transcription	Similarity_Groups	Source_Qualification	Review_Status	Confidence	Uncertainty	Reviewer_Method	Reviewed_At	Reviewer_Declaration
156	six	POD	Podeiguda U. Bonda	38	33	1	sot̪a	3		attested	high		manual visual inspection at 600 dpi; every cell rechecked in targeted 1200-dpi crops	2026-08-29	hand-keyed-from-rendered-source; OCR-not-copied
156	six	BON	Bondapada U. Bonda	38	33	2	sot̪a	3		attested	high		manual visual inspection at 600 dpi; every cell rechecked in targeted 1200-dpi crops	2026-08-29	hand-keyed-from-rendered-source; OCR-not-copied
156	six	DUM	Dumripada U. Bonda	38	33	3	t̪ʔiri	5		attested	high		manual visual inspection at 600 dpi; every cell rechecked in targeted 1200-dpi crops	2026-08-29	hand-keyed-from-rendered-source; OCR-not-copied
156	six	KAD	Kadamguda L. Bonda	38	33	4	sɔt̪a	3		attested	high		manual visual inspection at 600 dpi; every cell rechecked in targeted 1200-dpi crops	2026-08-29	hand-keyed-from-rendered-source; OCR-not-copied
156	six	KEN	Kendhuguda L. Bonda	38	33	5	sɔt̪a	3		attested	high		manual visual inspection at 600 dpi; every cell rechecked in targeted 1200-dpi crops	2026-08-29	hand-keyed-from-rendered-source; OCR-not-copied
156	six	RAS	Rasabeda L. Bonda	38	33	6	sɔt̪a	3		attested	high		manual visual inspection at 600 dpi; every cell rechecked in targeted 1200-dpi crops	2026-08-29	hand-keyed-from-rendered-source; OCR-not-copied
156	six	GUT	Tikrapada Gadaba	38	33	7	tʃho	2		attested	high		manual visual inspection at 600 dpi; every cell rechecked in targeted 1200-dpi crops	2026-08-29	hand-keyed-from-rendered-source; OCR-not-copied
156	six	BIA	Biapada U. Didayi	38	33	8	t̪ur	1		attested	high		manual visual inspection at 600 dpi; every cell rechecked in targeted 1200-dpi crops	2026-08-29	hand-keyed-from-rendered-source; OCR-not-copied
156	six	PAR	Kinumun Parenga Parja	38	33	9	tʃo	2		attested	high		manual visual inspection at 600 dpi; every cell rechecked in targeted 1200-dpi crops	2026-08-29	hand-keyed-from-rendered-source; OCR-not-copied
156	six	RON	Malenga Rona Desiya	38	33	10	tʃɔ	2		attested	high		manual visual inspection at 600 dpi; every cell rechecked in targeted 1200-dpi crops	2026-08-29	hand-keyed-from-rendered-source; OCR-not-copied
156	six	ODI	Cuttack Oriya	38	33	11	tʃhə	2		attested	high		manual visual inspection at 600 dpi; every cell rechecked in targeted 1200-dpi crops	2026-08-29	hand-keyed-from-rendered-source; OCR-not-copied
157	seven	POD	Podeiguda U. Bonda	38	33	1	sat̪t̪a	2		attested	high		manual visual inspection at 600 dpi; every cell rechecked in targeted 1200-dpi crops	2026-08-29	hand-keyed-from-rendered-source; OCR-not-copied
157	seven	BON	Bondapada U. Bonda	38	33	2	sat̪t̪a	2		attested	high		manual visual inspection at 600 dpi; every cell rechecked in targeted 1200-dpi crops	2026-08-29	hand-keyed-from-rendered-source; OCR-not-copied
157	seven	DUM	Dumripada U. Bonda	38	33	3	sat̪t̪a	2		attested	high		manual visual inspection at 600 dpi; every cell rechecked in targeted 1200-dpi crops	2026-08-29	hand-keyed-from-rendered-source; OCR-not-copied
157	seven	KAD	Kadamguda L. Bonda	38	33	4	sɔt̪et̪a	2		attested	high		manual visual inspection at 600 dpi; every cell rechecked in targeted 1200-dpi crops	2026-08-29	hand-keyed-from-rendered-source; OCR-not-copied
157	seven	KEN	Kendhuguda L. Bonda	38	33	5	sɔt̪et̪a	2		attested	high		manual visual inspection at 600 dpi; every cell rechecked in targeted 1200-dpi crops	2026-08-29	hand-keyed-from-rendered-source; OCR-not-copied
157	seven	RAS	Rasabeda L. Bonda	38	33	6	sɔt̪et̪a	2		attested	high		manual visual inspection at 600 dpi; every cell rechecked in targeted 1200-dpi crops	2026-08-29	hand-keyed-from-rendered-source; OCR-not-copied
157	seven	GUT	Tikrapada Gadaba	38	33	7	sɛt̪	2		attested	high		manual visual inspection at 600 dpi; every cell rechecked in targeted 1200-dpi crops	2026-08-29	hand-keyed-from-rendered-source; OCR-not-copied
157	seven	BIA	Biapada U. Didayi	38	33	8	gu	1		attested	high		manual visual inspection at 600 dpi; every cell rechecked in targeted 1200-dpi crops	2026-08-29	hand-keyed-from-rendered-source; OCR-not-copied
157	seven	PAR	Kinumun Parenga Parja	39	34	9	sɛt̪	2		attested	high		manual visual inspection at 600 dpi; every cell rechecked in targeted 1200-dpi crops	2026-08-29	hand-keyed-from-rendered-source; OCR-not-copied
157	seven	RON	Malenga Rona Desiya	39	34	10	sɛt̪	2		attested	high		manual visual inspection at 600 dpi; every cell rechecked in targeted 1200-dpi crops	2026-08-29	hand-keyed-from-rendered-source; OCR-not-copied
157	seven	ODI	Cuttack Oriya	39	34	11	sat̪o	2		attested	high		manual visual inspection at 600 dpi; every cell rechecked in targeted 1200-dpi crops	2026-08-29	hand-keyed-from-rendered-source; OCR-not-copied
158	eight	POD	Podeiguda U. Bonda	39	34	1	at̪a	2		attested	high		manual visual inspection at 600 dpi; every cell rechecked in targeted 1200-dpi crops	2026-08-29	hand-keyed-from-rendered-source; OCR-not-copied
158	eight	BON	Bondapada U. Bonda	39	34	2	at̪a	2		attested	high		manual visual inspection at 600 dpi; every cell rechecked in targeted 1200-dpi crops	2026-08-29	hand-keyed-from-rendered-source; OCR-not-copied
158	eight	DUM	Dumripada U. Bonda	39	34	3	at̪a	2		attested	high		manual visual inspection at 600 dpi; every cell rechecked in targeted 1200-dpi crops	2026-08-29	hand-keyed-from-rendered-source; OCR-not-copied
158	eight	KAD	Kadamguda L. Bonda	39	34	4	ɛt̪a	2		attested	high		manual visual inspection at 600 dpi; every cell rechecked in targeted 1200-dpi crops	2026-08-29	hand-keyed-from-rendered-source; OCR-not-copied
158	eight	KEN	Kendhuguda L. Bonda	39	34	5	ɛt̪a	2		attested	high		manual visual inspection at 600 dpi; every cell rechecked in targeted 1200-dpi crops	2026-08-29	hand-keyed-from-rendered-source; OCR-not-copied
158	eight	RAS	Rasabeda L. Bonda	39	34	6	ɛt̪a	2		attested	high		manual visual inspection at 600 dpi; every cell rechecked in targeted 1200-dpi crops	2026-08-29	hand-keyed-from-rendered-source; OCR-not-copied
158	eight	GUT	Tikrapada Gadaba	39	34	7	ɛt̪	2		attested	high		manual visual inspection at 600 dpi; every cell rechecked in targeted 1200-dpi crops	2026-08-29	hand-keyed-from-rendered-source; OCR-not-copied
158	eight	BIA	Biapada U. Didayi	39	34	8	t̪ʊma	1		attested	high		manual visual inspection at 600 dpi; every cell rechecked in targeted 1200-dpi crops	2026-08-29	hand-keyed-from-rendered-source; OCR-not-copied
158	eight	PAR	Kinumun Parenga Parja	39	34	9	ɛt̪	2		attested	high		manual visual inspection at 600 dpi; every cell rechecked in targeted 1200-dpi crops	2026-08-29	hand-keyed-from-rendered-source; OCR-not-copied
158	eight	RON	Malenga Rona Desiya	39	34	10	ɛt̪	2		attested	high		manual visual inspection at 600 dpi; every cell rechecked in targeted 1200-dpi crops	2026-08-29	hand-keyed-from-rendered-source; OCR-not-copied
158	eight	ODI	Cuttack Oriya	39	34	11	at̪ho	2		attested	high		manual visual inspection at 600 dpi; every cell rechecked in targeted 1200-dpi crops	2026-08-29	hand-keyed-from-rendered-source; OCR-not-copied
159	nine	POD	Podeiguda U. Bonda	39	34	1	not̪a	2		attested	high		manual visual inspection at 600 dpi; every cell rechecked in targeted 1200-dpi crops	2026-08-29	hand-keyed-from-rendered-source; OCR-not-copied
159	nine	BON	Bondapada U. Bonda	39	34	2	not̪a	2		attested	high		manual visual inspection at 600 dpi; every cell rechecked in targeted 1200-dpi crops	2026-08-29	hand-keyed-from-rendered-source; OCR-not-copied
159	nine	DUM	Dumripada U. Bonda	39	34	3	not̪a	2		attested	high		manual visual inspection at 600 dpi; every cell rechecked in targeted 1200-dpi crops	2026-08-29	hand-keyed-from-rendered-source; OCR-not-copied
159	nine	KAD	Kadamguda L. Bonda	39	34	4	nɔt̪a	2		attested	high		manual visual inspection at 600 dpi; every cell rechecked in targeted 1200-dpi crops	2026-08-29	hand-keyed-from-rendered-source; OCR-not-copied
159	nine	KEN	Kendhuguda L. Bonda	39	34	5	nɔt̪a	2		attested	high		manual visual inspection at 600 dpi; every cell rechecked in targeted 1200-dpi crops	2026-08-29	hand-keyed-from-rendered-source; OCR-not-copied
159	nine	RAS	Rasabeda L. Bonda	39	34	6	nɔt̪a	2		attested	high		manual visual inspection at 600 dpi; every cell rechecked in targeted 1200-dpi crops	2026-08-29	hand-keyed-from-rendered-source; OCR-not-copied
159	nine	GUT	Tikrapada Gadaba	39	34	7	no	2		attested	high		manual visual inspection at 600 dpi; every cell rechecked in targeted 1200-dpi crops	2026-08-29	hand-keyed-from-rendered-source; OCR-not-copied
159	nine	BIA	Biapada U. Didayi	39	34	8	sʌŋt̪iŋ	1		attested	high		manual visual inspection at 600 dpi; every cell rechecked in targeted 1200-dpi crops	2026-08-29	hand-keyed-from-rendered-source; OCR-not-copied
159	nine	PAR	Kinumun Parenga Parja	39	34	9	no	2		attested	high		manual visual inspection at 600 dpi; every cell rechecked in targeted 1200-dpi crops	2026-08-29	hand-keyed-from-rendered-source; OCR-not-copied
159	nine	RON	Malenga Rona Desiya	39	34	10	nõ	2		attested	high		manual visual inspection at 600 dpi; every cell rechecked in targeted 1200-dpi crops	2026-08-29	hand-keyed-from-rendered-source; OCR-not-copied
159	nine	ODI	Cuttack Oriya	39	34	11	nao	2		attested	high		manual visual inspection at 600 dpi; every cell rechecked in targeted 1200-dpi crops	2026-08-29	hand-keyed-from-rendered-source; OCR-not-copied
160	ten	POD	Podeiguda U. Bonda	39	34	1	ɖost̪a	2		attested	high		manual visual inspection at 600 dpi; every cell rechecked in targeted 1200-dpi crops	2026-08-29	hand-keyed-from-rendered-source; OCR-not-copied
160	ten	BON	Bondapada U. Bonda	39	34	2	ɖost̪a	2		attested	high		manual visual inspection at 600 dpi; every cell rechecked in targeted 1200-dpi crops	2026-08-29	hand-keyed-from-rendered-source; OCR-not-copied
160	ten	DUM	Dumripada U. Bonda	39	34	3	ɖost̪a	2		attested	high		manual visual inspection at 600 dpi; every cell rechecked in targeted 1200-dpi crops	2026-08-29	hand-keyed-from-rendered-source; OCR-not-copied
160	ten	KAD	Kadamguda L. Bonda	39	34	4	ɖost̪a	2		attested	high		manual visual inspection at 600 dpi; every cell rechecked in targeted 1200-dpi crops	2026-08-29	hand-keyed-from-rendered-source; OCR-not-copied
160	ten	KEN	Kendhuguda L. Bonda	39	34	5	ɖos	2		attested	high		manual visual inspection at 600 dpi; every cell rechecked in targeted 1200-dpi crops	2026-08-29	hand-keyed-from-rendered-source; OCR-not-copied
160	ten	RAS	Rasabeda L. Bonda	39	34	6	ɖost̪a	2		attested	high		manual visual inspection at 600 dpi; every cell rechecked in targeted 1200-dpi crops	2026-08-29	hand-keyed-from-rendered-source; OCR-not-copied
160	ten	GUT	Tikrapada Gadaba	39	34	7	ɖos	2		attested	high		manual visual inspection at 600 dpi; every cell rechecked in targeted 1200-dpi crops	2026-08-29	hand-keyed-from-rendered-source; OCR-not-copied
160	ten	BIA	Biapada U. Didayi	39	34	8	gogua	1		attested	high		manual visual inspection at 600 dpi; every cell rechecked in targeted 1200-dpi crops	2026-08-29	hand-keyed-from-rendered-source; OCR-not-copied
160	ten	PAR	Kinumun Parenga Parja	39	34	9	ɖos	2		attested	high		manual visual inspection at 600 dpi; every cell rechecked in targeted 1200-dpi crops	2026-08-29	hand-keyed-from-rendered-source; OCR-not-copied
160	ten	RON	Malenga Rona Desiya	39	34	10	ɖɔs	2		attested	high		manual visual inspection at 600 dpi; every cell rechecked in targeted 1200-dpi crops	2026-08-29	hand-keyed-from-rendered-source; OCR-not-copied
160	ten	ODI	Cuttack Oriya	39	34	11	ɖaso	2		attested	high		manual visual inspection at 600 dpi; every cell rechecked in targeted 1200-dpi crops	2026-08-29	hand-keyed-from-rendered-source; OCR-not-copied
