ID,Name,Category
1,CONTEMPTIBLE,adjective
10,FIREWOOD,noun
100,FAITHFUL,adjective
1000,ANXIETY,noun
1001,BLACKSMITH,noun
1002,STATUE,noun
1003,PERMIT,verb
1004,MUSCLE,noun
1005,TWINS,noun
1006,BRICK,noun
1007,COW,noun
1008,BULL,noun
101,BOAST,verb
1010,BOUNDARY,noun
1011,BRIDGE,noun
1012,LATCH,noun
1013,FRESHWATER EEL,noun
1014,OR,other
1015,SOIL,verb
1016,DRIZZLE,noun
1017,APPEARANCE,noun
1018,MEMORY,noun
1019,RIGHT,adjective
102,COMMON COLD (DISEASE),noun
1020,HANDKERCHIEF,noun
1021,TOWEL,noun
1022,BOOTY,noun
1024,CHARACTER,noun
1025,WHISTLE,verb
1026,LOW TIDE,noun
1027,BUG,noun
1028,YAWN,verb
1029,JEWEL,noun
1030,NECESSARY,other
1032,CITIZEN,noun
1033,GRIND,verb
1035,GOOD,adjective
1036,OWNER,noun
1037,ELF,noun
1038,TEACHER,noun
1039,SHOW,verb
1040,HAIR,noun
1041,INCREASE,verb
1042,CARPENTER,noun
1043,BRAID,noun
1044,PILLOW,noun
1045,POET,noun
1046,SHUT,verb
1047,PURSUE,verb
1048,LINE,noun
1049,MOLAR TOOTH,noun
105,MATTRESS,noun
1050,MOTHER-IN-LAW,noun
1051,CAN,noun
1052,LIGHT (WEIGHT),adjective
1053,HUNTER,noun
1054,SMALLPOX,noun
1055,FATHER-IN-LAW,noun
1056,SON-IN-LAW,noun
1057,DAUGHTER-IN-LAW,noun
1058,STEPDAUGHTER,noun
1059,STEPSON,noun
106,SATIATED,adjective
1061,ARMOUR,noun
1062,LAW,noun
1063,NEPHEW,noun
1064,SHIELD,noun
1065,SPIDER WEB,noun
1066,CRIME,noun
1067,JUDGMENT,noun
1068,COURT,noun
1069,GLUE,noun
107,OMEN,noun
1070,BUS,noun
1071,HOOK,noun
1072,PRISONER,noun
1074,FISHHOOK,noun
1075,TRAP (PITFALL),noun
1076,EMERGE (APPEAR),verb
1077,WHEAT,noun
1078,MAIN,other
1079,FEEL,verb
108,RUDDER,noun
1080,VULGAR,adjective
1081,BILL,noun
1082,MERCHANT,noun
1084,CALL,verb
1085,FOLLOW,verb
1086,WORK (ACTIVITY),verb
1087,CONCEIVE,verb
1088,SINK (DESCEND),verb
109,FOREIGN,adjective
1090,BE BORN,verb
1091,SALTY,adjective
1092,HOPE,verb
1093,MIDDLE,noun
1094,FASTEN,verb
1095,LET GO OR SET FREE,verb
1096,SONG,noun
1097,ABANDON,verb
1098,WEIGH,verb
11,DARKNESS,noun
110,MOTOR,noun
1100,COOK (SOMETHING),verb
1101,SUFFER,verb
1102,CLIMB,verb
1103,SACRIFICE,noun
1104,NURSE,noun
1105,CAMP,noun
1106,FALL ASLEEP,verb
1107,GO OUT,verb
1108,UNCOVER,verb
1109,WOUND,noun
111,DRUMMING,verb
1110,SHARK,noun
1111,CAR,noun
1112,SUCCEED,verb
1113,WRAP,verb
1114,BULLET,noun
1115,SPEECH,noun
1116,DAMAGE,verb
1117,LIKE,verb
1118,ACCUSTOM,verb
1119,DIVIDE,verb
112,TURTLE,noun
1120,HONEST,adjective
1121,SECRET,adjective
1122,WAGES,noun
1123,PREGNANT,adjective
1124,PIPE,noun
1125,BALD,adjective
1126,CITRUS FRUIT,noun
1127,SEND,verb
1128,ORDER,verb
1129,PAINFUL,adjective
113,SHORE,noun
1132,BEAM,noun
1133,MATCH,noun
1134,DIVORCE,noun
1135,KICK,verb
1136,RABBIT,noun
1137,TENDON,noun
1138,FAIRY,noun
1139,LEOPARD,noun
114,PORPOISE,noun
1140,FATIGUE,noun
1141,PITY,noun
1142,URINE,noun
1143,OVEN,noun
1144,WITNESS,noun
1145,SWAMP,noun
1146,AUBERGINE,noun
1147,PURE,adjective
1148,BRUISE,noun
1149,ORPHAN,noun
1150,THUNDER,noun
1151,VEIL,noun
1152,BEGET,verb
1153,CATTLE,noun
1154,OLIVE,noun
1155,CAVE,noun
1156,OPEN,verb
1157,BECAUSE,other
1158,STEP,noun
1159,FART,verb
1160,THIEF,noun
1161,THREAD,noun
1162,INTENTION,noun
1163,BRIBE (AMOUNT),noun
1164,BRIBE (SOMEBODY),verb
1165,MOUSTACHE,noun
1166,MOULD,noun
1167,GRUEL,noun
1169,OX,noun
117,IMITATE,verb
1170,TRAP (CATCH),verb
1171,MIRROR,noun
1172,SHOOT,verb
1173,EYEBROW,noun
1174,YESTERDAY,other
1175,GHOST,noun
1176,SPADE,noun
1177,DIARRHEA,noun
1178,NOSTRIL,noun
1179,DAY AFTER TOMORROW,other
118,BEWITCH,verb
1180,DAY BEFORE YESTERDAY,other
1181,PALM TREE,noun
1182,NOISE,noun
1183,PALM OF HAND,noun
1184,DIMINISH,verb
1185,VULTURE,noun
1186,LAST (ENDURE),verb
1187,GOOSE,noun
1188,CHARCOAL,noun
1189,ULCER,noun
119,DIVE,verb
1190,HARE,noun
1191,COOKED RICE,noun
1192,THREATEN,verb
1193,STEAM,noun
1195,GIVE BIRTH,verb
1197,BABOON,noun
1198,MANY,other
1199,WIFE,noun
12,MIDDAY,noun
120,PITCHER,noun
1200,HUSBAND,noun
1201,FEATHER,noun
1202,BIG,adjective
1203,LONG,adjective
1204,BARK,noun
1205,TONGUE,noun
1206,BARKING,verb
1207,YOUNG,adjective
1208,CAT,noun
1209,I,other
121,SPIN,verb
1210,HEAVY,adjective
1211,HE,other
1212,WE,other
1213,YOU,other
1214,THIS,other
1215,THOU,other
1216,MOTHER,noun
1217,FATHER,noun
1218,ROPE,noun
1219,WORM,noun
122,CART,noun
1220,TAIL,noun
1221,NOSE,noun
1222,PENIS,noun
1223,HEART,noun
1224,LIVER,noun
1225,DAY (NOT NIGHT),noun
1226,YEAR,noun
1227,BOARD,noun
1228,EARTH (SOIL),noun
1229,OLD,adjective
123,FOREHEAD,noun
1230,DIRTY,adjective
1231,NEW,adjective
1232,WARM,adjective
1233,NIGHT,noun
1234,SMOOTH,adjective
1235,WHO,other
1236,WHAT,other
1237,WHERE,other
1238,WHEN,other
1239,HOW,other
124,THORN,noun
1240,NOT,other
1241,SOME,other
1242,FEW,other
1243,WIDE,adjective
1244,THICK,adjective
1245,BUTTER,noun
1246,SMALL,adjective
1247,EAR,noun
1248,EYE,noun
1249,SPIKE,noun
125,SWEAT (SUBSTANCE),noun
1251,BELLY,noun
1252,HOUSE,noun
1253,RAIN (RAINING),verb
1254,HANDLE,noun
1256,HEAD,noun
1257,WING,noun
1258,FINGERNAIL,noun
1259,WEDDING,noun
126,SWEAT (PERSPIRE),verb
1260,DAY (24 HOURS),noun
1261,SING,verb
1262,BROTHER,noun
1263,SISTER,noun
1264,CHANGE,verb
1265,HIGH,adjective
1266,BRIDE,noun
1267,NARROW,adjective
1268,YES,other
1269,NO,other
127,EXTINGUISH,verb
1270,WHY,other
1271,DELIGHT,verb
1272,AUNT,noun
1273,CANDLE,noun
1274,SALT,noun
1275,ANSWER,verb
1276,AUTUMN,noun
1277,HAND,noun
1278,VOMIT,verb
1279,FAT (OBESE),adjective
128,MUMBLE,verb
1280,FALL,verb
1281,PRISON,noun
1282,FAT (FROM ANIMALS),noun
1283,TODAY,other
1284,BANK,noun
1285,IMPORTANT,adjective
1286,HOT,adjective
1287,COLD,adjective
1288,CAP,noun
1289,BABY,noun
129,CHOKE,verb
1290,ELEPHANT,noun
1291,BACK,noun
1292,BAD,adjective
1293,MISTAKE,noun
1294,ZERO,numeral
1295,STICK,noun
1296,WALKING STICK,noun
1297,LEG,noun
1298,NEWSPAPER,noun
1299,COFFEE,noun
13,DECEIT,noun
1300,COUNTRY,noun
1301,FOOT,noun
1302,FORK,noun
1303,FINGER,noun
1305,CHIMNEY,noun
1306,QUEEN,noun
1307,LANGUAGE,noun
1308,DOUBT,noun
1309,ASK (INQUIRE),verb
131,FESTIVAL,noun
1310,CLEVER,adjective
1311,VERY,other
1312,FOX,noun
1313,MOON,noun
1314,QUIET,adjective
1315,RADIO,noun
1316,TENT,noun
1318,CHICKEN,noun
1319,COWARD,noun
132,SAUCE,noun
1320,APPLE,noun
1321,BOTTLE,noun
1322,BREAKFAST,noun
1323,CLOCK,noun
1324,SLIP,verb
1325,FRIEND,noun
1326,DOWN,other
1327,UNCLE,noun
1329,TOMORROW,other
133,WEAVE,verb
1330,DEFEND,verb
1331,SHEEP,noun
1332,NEIGHBOUR,noun
1333,NECK,noun
1334,GUTS,noun
1335,WHITE,adjective
1336,EAT,verb
1337,PIG,noun
1338,PEACE,noun
1339,MORNING,noun
134,FAULT,noun
1340,WITH,other
1342,SUMMER,noun
1343,SUN,noun
1344,RAM,noun
1345,EWE,noun
1346,THROAT,noun
1347,NAPE (OF NECK),noun
1348,BOAR (MALE PIG),noun
1349,CHURCH,noun
1350,MONKEY,noun
1351,SOW (FEMALE PIG),noun
1352,KNIFE,noun
1353,HOUR,noun
1354,NEXT,other
1355,LAUGH,verb
1356,NUMBER,noun
1357,DAUGHTER,noun
1358,ENEMY,noun
1359,SEPARATE,verb
136,HERE,other
1360,DUCK,noun
1361,TOOL,noun
1362,STREET,noun
1363,VOICE,noun
1364,HEALTHY,adjective
1365,KITCHEN,noun
1366,BOY,noun
1367,CROSS,noun
1368,BREAD,noun
1369,GOLD,noun
1370,MONTH,noun
1371,KNEE,noun
1372,MEDICINE,noun
1373,TEA,noun
1374,RING,noun
1375,WINDOW,noun
1376,NOW,other
1377,VISIT,verb
1378,SPOON,noun
1379,TELEPHONE,noun
138,BATHE,verb
1380,TOOTH,noun
1381,SHOE,noun
1382,NEEDLE (FOR SEWING),noun
1383,GRANDFATHER,noun
1384,SECOND,other
1385,PEPPER,noun
1386,LION,noun
1387,ARRIVE,verb
1388,SHADE,noun
1389,TOE,noun
139,GUMS,noun
1390,WRONG,adjective
1391,TOWN,noun
1392,LOUSE,noun
1393,HORN (ANATOMY),noun
1394,BONE,noun
1395,ROUND,adjective
1396,SHARP,adjective
1398,DRY,adjective
1399,CLAY,noun
14,YOKE,noun
140,PADDY FIELD,noun
1400,THIN (SLIM),adjective
1401,DRINK,verb
1402,BREAST,noun
1403,BITE,verb
1404,STRAIGHT,adjective
1405,NAME,noun
1406,FAR,adjective
1407,BREATHE,verb
1408,HEAR,verb
1409,SEE,verb
141,BURN (SOMETHING),verb
1411,LIE (REST),verb
1412,RUDE,adjective
1413,PLAY,verb
1414,SQUEEZE,verb
1415,THINK (REFLECT),verb
1416,SIT,verb
1417,KILL,verb
1418,DIG,verb
1419,FEAR (BE AFRAID),verb
1420,COUNT,verb
1421,SUCK,verb
1422,BE ALIVE,verb
1423,FIGHT,verb
1424,YELLOW,adjective
1425,GREEN,adjective
1426,EXPENSIVE,adjective
1427,BEAUTIFUL,adjective
1428,BURNING,verb
1429,FULL,adjective
143,HUMID,adjective
1430,STAR,noun
1431,FREEZE,verb
1432,CUT,verb
1433,HIT,verb
1434,STAB,verb
1435,HUNT,verb
1436,SCRATCH,verb
1437,SPLIT,verb
1438,FOOL,noun
1439,SWIM,verb
144,MACHINE,noun
1440,SPIT,verb
1441,FLY (MOVE THROUGH AIR),verb
1442,STAND,verb
1443,WALK,verb
1444,TURN AROUND,verb
1445,TURN (SOMETHING),verb
1446,COME,verb
1447,GIVE,verb
1448,HOLD,verb
1449,RUB,verb
145,SORROWFUL,adjective
1450,ROOM,noun
1451,SMILE,verb
1452,PUSH,verb
1453,WASH,verb
1454,WIPE,verb
1455,PULL,verb
1456,THROW,verb
1457,SEW,verb
1458,SAY,verb
1459,IF,other
146,SUGAR CANE,noun
1460,IN,other
1461,AT,other
1462,POT,noun
1463,DRUNK,adjective
1464,LADDER,noun
1465,BOX,noun
1466,EXACT,adjective
1467,CIRCLE,noun
1468,LOOK FOR,verb
1469,WEEK,noun
147,COCONUT TREE,noun
1470,FOLD,verb
1471,WINTER,noun
1472,KEY,noun
1473,FIST,noun
1474,SEA,noun
1475,COMB,noun
1476,CHAIR,noun
1477,KEEP,verb
1478,WITHOUT,other
148,ITCH,noun
1480,BODY,noun
1481,HAMMER,noun
1482,SHOULDER,noun
1483,NINE,numeral
1484,OIL (ORGANIC SUBSTANCE),noun
1485,BELOW OR UNDER,other
1486,PLANT (SOMETHING),verb
1487,POUR,verb
1488,FAUCET,noun
1489,CLOUD,noun
149,ITCHY,adjective
1490,RAT,noun
1491,MOUSE,noun
1492,DUMB,adjective
1493,ONE,numeral
1494,DIE,verb
1495,HAPPY,adjective
1496,GRANDMOTHER,noun
1498,TWO,numeral
1499,JUICE,noun
15,OTTER,noun
150,WORRY,verb
1500,FOUR,numeral
1501,BORE,verb
1502,GOAT,noun
1503,SALIVA,noun
1504,FLY (INSECT),noun
1505,SPERM,noun
1506,MEASURE,verb
1507,FRUIT,noun
1508,KING,noun
1509,MOSQUITO,noun
151,RAZOR,noun
1510,CHIN,noun
1511,ROOSTER,noun
1512,RISE (ONESELF),verb
1514,HEN,noun
1515,TEN,numeral
1516,SUBJUGATE,verb
1517,WASP,noun
1518,STUPID,adjective
1519,RUN,verb
152,HOOF,noun
1520,CRUSH,verb
1521,SEEM,verb
1522,SOCK,noun
1523,FORGET,verb
1524,WINE,noun
1525,COAST,noun
1526,MEAL,noun
1527,TICK,noun
1528,FORGIVE,verb
1529,LAST (FINAL),other
153,GREY,adjective
1530,BOWL,noun
1531,BRANCH,noun
1532,SHEAR,verb
1533,BE HUNGRY,verb
1534,FEVER,noun
1535,SWORD,noun
1536,UNDERSTAND,verb
1537,SPRINGTIME,noun
1538,SCORPION,noun
1539,BASKET,noun
154,UDDER,noun
1540,EYELASH,noun
1541,CULTIVATE,verb
1542,ACCOMPANY,verb
1543,SNAIL,noun
1544,SOMETIMES,other
1545,HOST,noun
1546,TWICE,other
1547,SOUP,noun
1548,UGLY,adjective
1549,TRIBE,noun
155,CHOP,verb
1550,PREVENT,verb
1552,GLOOMY,adjective
1553,MALE,adjective
1554,MAN,noun
1555,CHAMELEON,noun
1556,YOLK,noun
1557,BEGINNING,noun
1558,SIMILAR,adjective
1559,MONEY,noun
156,RED,adjective
1560,FACE,noun
1561,ARMY,noun
1562,MIND,noun
1563,PYTHON,noun
1564,LAZY,adjective
1565,HEAVEN,noun
1566,GUN,noun
1567,DOOR,noun
1568,ARRANGE,verb
1569,CHEESE,noun
157,DYE,verb
1570,EQUAL,adjective
1571,SELL,verb
1572,SURPRISED,adjective
1573,SWELL,verb
1574,FLOAT,verb
1575,COCKROACH,noun
1576,PILE UP,verb
1577,AND,other
1578,IGUANA,noun
1579,BE,verb
158,PUT ON,verb
1580,ONLY,other
1581,ALLIGATOR,noun
1583,BRAIN,noun
1584,BLISTER,noun
1585,SLEEP,verb
1587,SMELL (STINK),verb
1588,TURN,verb
159,SWEET POTATO,noun
1590,WAIT (FOR),verb
1591,UP,other
1592,CHEST,noun
1593,DEEP,adjective
1594,FLOUR,noun
1595,SOUTH,noun
1596,LOCK,noun
1597,AIRPLANE,noun
1598,NORTH,noun
1599,WORD,noun
16,SLED,noun
160,SET (HEAVENLY BODIES),verb
1600,SKIRT,noun
1601,WEAK,adjective
1602,WAKE UP,verb
1603,MOSQUE,noun
1604,TEMPLES,noun
1605,SKULL,noun
1606,INSIDE,other
1607,HATE,verb
1608,LISTEN,verb
1609,IDEA,noun
161,MISS (A TARGET),verb
1610,PROSTITUTE,noun
1611,INVITE,verb
1612,LETTER,noun
1613,COLOR,noun
1614,SUMMIT,noun
1615,ESCAPE,verb
1616,CLOTH,noun
1617,GRANDCHILD,noun
1618,GRANDSON,noun
1619,GRANDDAUGHTER,noun
162,HICCOUGH,verb
1620,SON,noun
1621,SNEEZE,verb
1622,SHIRT,noun
1623,SPEAK,verb
1624,EMPTY,adjective
1625,DEAD,adjective
1626,EXPLAIN,verb
1627,CHAIN,noun
1628,SQUIRREL,noun
1629,EVENING,noun
163,BLACK,adjective
1631,FAST,adjective
1632,FLOOR,noun
1633,FLAT,adjective
1634,HUNDRED,numeral
1635,OBEY,verb
1636,MOTIONLESS,adjective
1637,AUTHORITY,noun
1638,TRUTH,noun
1639,BEER,noun
1640,SIBLING,noun
1641,SILK,noun
1642,NIECE,noun
1643,COUSIN,noun
1644,RELATIVES,noun
1645,SHORT,adjective
1646,GIRL,noun
1647,FOAL,noun
1648,ANVIL,noun
1649,SIT DOWN,verb
1650,WATCH,verb
1651,TEAR (OF EYE),noun
1652,INSTEAD,other
1653,BLIND,adjective
1654,LIGHTNING,noun
1655,BLINK,verb
1656,NEVER,other
1657,TRUE,adjective
1658,PUPIL,noun
1659,DOLL,noun
1660,LOSE,verb
1661,STRAIT,noun
1662,CAPE,noun
1663,BED,noun
1664,RAFT,noun
1665,BEAT,verb
1666,MUTE,adjective
1667,HOLE,noun
1668,GRIEF,noun
1669,ANCESTORS,noun
167,MAIL,noun
1670,RAPIDS,noun
1671,TOWER,noun
1672,WRITE,verb
1673,ARM,noun
1674,POOR,adjective
1675,PROMISE,verb
1676,ALWAYS,other
1677,WORKSHOP,noun
1678,HUT,noun
1679,LOAD,noun
168,REST,verb
1680,HELMET,noun
1681,WAIST,noun
1682,GUILTY,adjective
1683,BUSH,noun
1684,BUD,noun
1685,AFTER,other
1686,BEHIND,other
1687,PRAISE,noun
1688,FATE,noun
1689,SMOKE (INHALE),verb
169,IT,other
1690,FENCE,noun
1691,FLEXIBLE,adjective
1692,FRIDAY,noun
1693,THURSDAY,noun
1694,WEDNESDAY,noun
1695,TUESDAY,noun
1696,SURRENDER,verb
1697,MONDAY,noun
1698,CURVED,adjective
1699,SUNDAY,noun
17,EYELID,noun
1700,SATURDAY,noun
1701,RIVER MOUTH,noun
1702,HOLY,adjective
1703,SIX,numeral
1704,SEVEN,numeral
1705,EIGHT,numeral
1706,ELEVEN,numeral
1707,TWELVE,numeral
1708,THIRTEEN,numeral
1709,FIFTEEN,numeral
1710,TWENTY,numeral
1711,TELL,verb
1712,OATH,noun
1713,EIGHTEEN,numeral
1714,NINETEEN,numeral
1715,THIRTY,numeral
1716,FORTY,numeral
1717,FIFTY,numeral
1718,SIXTY,numeral
1719,BURY,verb
172,SHOULDERBLADE,noun
1720,SIGN,noun
1721,SEVENTY,numeral
1722,EIGHTY,numeral
1723,RESULT IN,verb
1724,NINETY,numeral
1725,CORRECT (RIGHT),adjective
1726,WET,adjective
1727,THRESHOLD,noun
1728,ROTTEN,adjective
1730,CHEEK,noun
1732,SKY,noun
1733,RAINBOW,noun
1734,TWENTY ONE,numeral
1735,TEAR (SHRED),verb
1736,TWENTY FOUR,numeral
1737,OKRA,noun
1738,TWENTY FIVE,numeral
1739,DECORATE,verb
174,PROUD,adjective
1740,PINE,noun
1741,ABOVE,other
1742,TRAVERSE,verb
1743,JOIN,verb
1744,SPLEEN,noun
1745,HIP,noun
1746,BLADDER,noun
1747,CUSTOM,noun
1748,RIDGE,noun
1749,TAKE,verb
175,BLOW (OF WIND),verb
1750,CHOOSE,verb
1751,BIRTHMARK,noun
1752,LEAVE,verb
1753,TOP,noun
1754,BRACELET,noun
1755,UNDRESS,verb
1756,WIDOW,noun
1757,TIRED,adjective
1758,OLDER SISTER,noun
1759,OLDER BROTHER,noun
176,BLOW (WITH MOUTH),verb
1760,YOUNGER BROTHER,noun
1761,YOUNGER SISTER,noun
1763,CLUB,noun
1764,OBSCURE,adjective
1765,IN VAIN,other
1766,FINISH,verb
1767,SCRAPE,verb
1768,FOAM,noun
1769,AXLE,noun
177,BETEL PEPPER VINE,noun
1770,CARCASS,noun
1771,TASTELESS,adjective
1772,ELK,noun
1773,GRAVE,noun
1774,STINGY,adjective
1775,TABLE,noun
1776,SHAME,noun
1777,RESEMBLE,verb
1778,APPROACH,verb
1779,DARE,verb
178,RIPE,adjective
1780,BILE,noun
1781,THUMB,noun
1782,GUEST,noun
1783,PAIN,noun
1784,WANT,verb
1786,DRY UP,verb
1787,LOOM,noun
1788,TELEVISION,noun
1789,AGE,noun
179,RIPEN,verb
1791,BUTTERFLY,noun
1793,BAT,noun
1794,FURROW,noun
1795,BANANA TREE,noun
1796,SLAUGHTER,verb
1797,HEDGEHOG,noun
1798,GUNPOWDER,noun
1799,HYENA,noun
18,EARLOBE,noun
1801,CHILD (DESCENDANT),noun
1802,SCREW,noun
1803,WOOD,noun
1804,BOMB,noun
1805,INJECTION,noun
1806,BEGIN,verb
1807,AFTERNOON,noun
1808,PUS,noun
1809,PIMPLE,noun
181,ANTEATER,noun
1810,DANGER,noun
1811,SOUND OR NOISE,noun
1812,TRY,verb
1813,TASTY,adjective
1814,ACCUSE,verb
1815,ACHE,verb
1816,BESIDE,other
1817,WEST,noun
1818,ADJUDICATE,verb
1819,LOOK,verb
182,SPOKE,noun
1820,BEAR,noun
1821,BRUSH,noun
1823,BORROW,verb
1824,DEXTEROUS,adjective
1825,COPPER,noun
1826,ANGRY,adjective
1827,HARVEST CROPS,verb
1828,ASK (REQUEST),verb
1829,JUMP,verb
183,BAKE,verb
1830,CRANE,noun
1831,MEET,verb
1833,DINNER (SUPPER),noun
1834,SHE,other
1835,MARROW,noun
1836,VAGINA,noun
1837,VULVA,noun
1838,NAVEL,noun
1839,CRY,verb
184,MAST,noun
1840,BUILD,verb
1841,SUSPECT,verb
1842,OBSTINATE,adjective
1843,THOUSAND,numeral
1844,BOAT,noun
1845,BALL,noun
1846,RULE,verb
1847,SICK,adjective
1848,QUARREL,noun
1849,ROW,verb
185,FIREPLACE,noun
1850,COTTON,noun
1851,POCKET,noun
1852,OFTEN,other
1853,DOVE,noun
1854,SPARROW,noun
1855,BIRCH,noun
1856,SOFT,adjective
1857,CROCODILE,noun
1858,FISHERMAN,noun
1859,THIRD,other
186,SHIN,noun
1860,BEAD,noun
1861,ACTIVE,adjective
1862,DONKEY,noun
1863,AMAZING,adjective
1864,HUNGER,noun
1866,STUTTER,verb
1867,COIN,noun
1868,VISIBLE,adjective
1869,BUY,verb
187,LOIN,noun
1871,CAMEL,noun
1873,ANTHILL,noun
1875,REGRET,verb
1877,EAST,noun
1879,DANCE,verb
188,COMB OF BIRD,noun
1880,PASSIONATE,adjective
1881,ENOUGH,other
1882,BEFORE,other
1883,IN FRONT OF,other
1884,HARD,adjective
1885,ARMADILLO,noun
1886,ARMPIT,noun
1887,CHEAP,adjective
1888,PAIR,noun
189,HAIR (BODY),noun
1890,BELIEVE,verb
1892,TOUCH,verb
1893,QUAIL,noun
1894,ASHAMED,adjective
1895,CLOTHES,noun
1896,FINGERNAIL OR TOENAIL,noun
1897,HELP,verb
1898,SPECTACLES,noun
1899,MAD,adjective
19,FISHING LINE,noun
190,MOW,verb
1901,SHOVEL,noun
1902,BETRAY,verb
1903,SWELLING,noun
1904,DROWN,verb
1905,EAGLE,noun
1906,SOUR,adjective
1907,MOLE,noun
1908,ATTENTIVE,adjective
1909,SHAKE,verb
191,NUT,noun
1910,STINGRAY,noun
1911,DRAW (WATER),verb
1913,PRESS,verb
1914,DEBT,noun
1915,FIR,noun
1916,GILL,noun
1917,TIE,verb
1918,MANE,noun
1919,TORCH,noun
192,CORNER,noun
1920,DREAM (SOMETHING),verb
1921,PLOUGH,verb
1923,ROUGH,adjective
1924,VEIN,noun
1925,ARTERY,noun
1926,OINTMENT,noun
1927,BAMBOO,noun
1928,CEASE,verb
1929,STUDY,verb
193,SHALLOW,adjective
1930,RAVINE,noun
1931,BEESWAX,noun
1932,GUESS,verb
1933,LOOSEN,verb
1934,BEGGAR,noun
1935,ANUS,noun
1936,DEER,noun
1937,THERE,other
1938,FORTRESS,noun
1939,SWEAR,verb
194,FAMILY,noun
1940,GUARD,noun
1941,SOLDIER,noun
1942,NEAR,adjective
1943,CROWN (OF HEAD),noun
1944,GOD,noun
1945,IDOL,noun
1947,BASTARD,noun
1948,SAW,noun
1949,BEDBUG,noun
195,MAT,noun
1951,PASS,verb
1952,TORTURE,verb
1953,ABUSE,noun
1954,GENTLE,adjective
1955,GRIEVE,verb
1956,SUNFLOWER,noun
1957,GOITER,noun
1958,UNRIPE,adjective
1959,RAW,adjective
1961,NECKLACE,noun
1962,ROAST (SOMETHING),verb
1963,IMMEDIATELY,other
1964,ALONE,adjective
1965,LOINCLOTH,noun
1966,BUNCH,noun
1967,CALENDAR,noun
197,OTHER,other
1970,CANOE,noun
1971,FAN (OBJECT),noun
1972,YOUNG GOAT (KID),noun
1973,DEMON,noun
1974,CENTIPEDE,noun
1975,CHECK,verb
1976,MERRY,adjective
1977,DEW,noun
1978,RECOVER,verb
1979,CHISEL,noun
1981,WIDOWER,noun
1982,WHIRLPOOL,noun
1983,SNORE,verb
1985,PATERNAL UNCLE (FATHER'S BROTHER),noun
1986,DISEASE,noun
1989,CALF,noun
199,FAMINE,noun
1990,BECOME,verb
1991,INTESTINES,noun
1992,MORE,other
1993,SELF,other
1994,COLLARBONE,noun
1995,DEFECT,noun
1996,GET TIRED,verb
1997,PRESERVE,verb
1998,COMMAND,verb
1999,OVERCOME,verb
2,DUST,noun
20,SCYTHE,noun
200,SAME,other
2000,CLOVE,noun
2001,PAINTING,verb
2002,DITCH,noun
2003,FLOW,verb
2004,BEND,verb
2005,MASK,noun
2006,FILL,verb
2007,BOLT (OF LIGHTNING),noun
2008,RESCUE,verb
2009,DOG,noun
201,FARM,noun
2010,INVESTIGATE,verb
2011,COFFIN,noun
2012,COLLAR,noun
2013,BAIT,noun
2014,GO DOWN (DESCEND),verb
2015,MAKE DRY,verb
2016,JEALOUSY,noun
2017,MIX,verb
2018,GREEDY,adjective
2019,HAMMOCK,noun
202,STRENGTH,noun
2021,GRASP,verb
2022,ADMIT,verb
2023,CROWD,noun
2024,PLOT,noun
2025,PEA,noun
2026,RICE PLANT,noun
2027,SOYA,noun
2029,TUG,verb
203,MARRY,verb
2030,DRAG,verb
2031,PUT OUT TO PASTURE,verb
2032,WARM UP,verb
2033,DELIVER,verb
2034,FROST,noun
2035,POND,noun
2036,JANUARY,noun
2037,FEBRUARY,noun
2038,DRAGON,noun
2039,MAGPIE,noun
204,AGAIN,other
2040,BUCKWHEAT,noun
2041,HEMP,noun
2042,WALNUT,noun
2043,PEACH,noun
2044,PERSIMMON,noun
2045,COLUMN,noun
2048,QUILT,verb
205,TROUGH,noun
2051,DUSTPAN,noun
2052,BUCKET,noun
2053,SMALL BOWL,noun
2055,CLAY POT,noun
2057,DUNG (ANIMAL FAECES),noun
2058,STOOL,noun
2059,FOLK SONG,noun
206,FIREFLY,noun
2060,STORY,noun
2061,BUDDHA,noun
2063,CLOSE (EYES),verb
2064,SCATTER (SEEDS),verb
2065,STEP (VERB),verb
2067,STEAM (VERB),verb
2069,SOAK (VERB),verb
207,SPARSE,adjective
2070,COMB (VERB),verb
2071,LAY (VERB),verb
2072,USE (VERB),verb
2073,ROB (VERB),verb
2074,CROW (VERB),verb
2075,BROOD (VERB),verb
2076,SPROUT (VERB),verb
2077,DILIGENT,adjective
208,NASAL MUCUS (SNOT),noun
209,RARE,adjective
2090,MY,other
2093,AFTERWARDS,other
2099,CHILD,noun
21,TASTE (SOMETHING),verb
210,LIFE,noun
2101,BE DEAD OR DIE,verb
2102,BURN,verb
2105,FEMALE PERSON,noun
2106,MALE PERSON,noun
2109,FEAR OR FRIGHTEN,verb
211,CAST,verb
2111,YOU TWO,other
2112,OLD (AGED),adjective
2113,OLD (USED),adjective
2115,CEASE OR FINISH,verb
2117,DESIRE,verb
2119,BOW STRING,noun
212,FIELD,noun
2121,ARM OR HAND,noun
2123,MOUNTAIN RIDGE,noun
2124,SMELL,verb
213,FIN,noun
2130,HEADGEAR,noun
2133,STRIKE OR BEAT,verb
2134,RAISE (BRING UP),verb
2135,TRADE OR BARTER,verb
2137,MAGICIAN,noun
214,STRETCH,verb
2142,RUN AWAY,verb
2143,LONG OR TALL,other
2148,PICK,verb
2149,CHOP (INTO PIECES),verb
215,LIE DOWN,verb
2151,COARSE,adjective
2152,THERE IS OR THERE ARE,verb
2154,PLOUGH (INSTRUMENT),noun
2156,CUT (WITH KNIFE),verb
2159,GROUND,noun
216,MOVIE,noun
2165,SLOWLY,other
217,BETELNUT,noun
2173,PATERNAL UNCLE (FATHER'S OLDER BROTHER),noun
2174,PATERNAL UNCLE (FATHER'S YOUNGER BROTHER),noun
2175,PATERNAL AUNT,noun
2176,MATERNAL AUNT,noun
2177,MATERNAL GRANDMOTHER,noun
2178,MATERNAL GRANDFATHER,noun
218,FINE (PENALTY),noun
2182,LEFT HAND,noun
2183,RIGHT HAND,noun
2184,CATCH A COLD,verb
219,TOILET,noun
2190,TASTE,noun
2191,LOW (HEIGHT),adjective
2192,REJOICE,verb
2194,FRONT (PART),noun
2199,LOWER PART,noun
22,INTEND,verb
2200,SNOUT,noun
2203,RABID,adjective
2204,LEDGE,noun
2205,PEAK,noun
2207,CHATTERER,noun
2208,BE AT WAR,verb
2209,BECOME EXTINGUISHED,verb
221,FIRE,noun
2213,BODY PART,noun
2214,AFFAIR,noun
2215,BECOME ANGRY,verb
2216,BECOME NUMB,verb
2218,EXPERIENCED,adjective
2219,LEAN (MEAT),adjective
222,LAVISH,adjective
2220,MOVE QUICKLY,verb
2223,BE ANGRY,verb
2224,BEND (SOMETHING),verb
2226,BRAVE PERSON,noun
2227,SPAWN (VERB),verb
2229,BECOME SOUR,verb
223,THRESHING-FLOOR,noun
2230,UNTAMED OR WILD,adjective
2231,CORRECT (SOMETHING OR SOMEBODY),verb
2232,KEEN OR SUBTLE,adjective
2233,LOVELY,adjective
2234,FALL (OF SNOW AND RAIN),verb
2235,CLEAN (SOMETHING),verb
2237,FIND OUT,verb
2239,DENSE,adjective
224,MORTAR,noun
2241,WILD CAT,noun
2242,BEETLE,noun
2243,REPAIR,verb
2244,METAL,noun
2245,BELCH,verb
2246,BELL,noun
2247,CATERPILLAR,noun
225,PESTLE,noun
2252,PATH,noun
2253,DRIP (EMIT LIQUID),verb
2254,FATHER-IN-LAW (OF WOMAN),noun
2257,MOTHER-IN-LAW (OF MAN),noun
2259,FLESH,noun
2263,MALE (OF ANIMAL),adjective
227,FISH,noun
2270,SAGO,noun
2271,THINK,verb
2273,LEECH,noun
2276,IDENTICAL,adjective
2277,WHOLE,adjective
2278,PERHAPS,other
228,CARVE,verb
2283,SEMEN,noun
2284,CLEARING,noun
2285,ECLIPSE,noun
2286,ESTUARY,noun
2287,HORIZON,noun
2288,METEOROID (SHOOTING OR SHINING STAR),noun
2289,MILKY WAY,noun
229,MOVE AWAY,verb
2290,PUDDLE,noun
2291,VOLCANO,noun
2293,UVULA,noun
2294,WRINKLE,noun
2295,SUNSET,noun
2296,SUNRISE,noun
2297,DUSK,noun
2298,VIRGIN,noun
2299,STRAW,noun
23,RYE,noun
230,SWEEP,verb
2301,ME,other
2302,CIRCULAR (ROUND IN TWO DIMENSIONS),adjective
2303,SPHERICAL (ROUND IN THREE DIMENSIONS),adjective
2308,THIN,adjective
231,SHAVE,verb
2310,US (OBLIQUE CASE OF WE),other
2313,BRONZE,noun
2314,BROTHER-IN-LAW,noun
2315,COOK (PERSON),noun
2316,FREE,adjective
2317,SISTER-IN-LAW,noun
2318,CHESTNUT,noun
2319,"LID (COVER, CAP)",noun
232,FLEA,noun
2321,MAD PERSON,noun
2322,LAME PERSON,noun
2323,BACK (PART),noun
2324,GET WET,verb
2325,PULL OUT,verb
2327,BECOME SICK,verb
2329,LACK (NOT HAVE),verb
2330,YEAR AFTER NEXT YEAR,other
2331,YEAR BEFORE LAST YEAR,other
2333,THREE DAYS BEFORE NOW,other
2334,MELT,verb
2335,CUNNING,adjective
2336,OF THIS KIND (SUCH),other
2338,HOW LONG,other
2339,NEED (SOMETHING),other
234,PADDLE,noun
2340,SUNNY,adjective
2341,CLOUDY,adjective
2343,STEEL,noun
2344,PETROL,noun
2348,CRAB,noun
2349,SHRIMP,noun
235,FLYING FOX,noun
2350,EARTHWORM,noun
2351,SILKWORM,noun
2352,DRAGONFLY,noun
2353,CICADA,noun
2354,CRICKET,noun
2355,GECKO,noun
2359,LOTUS,noun
236,STEPMOTHER,noun
2362,BRAN,noun
2363,CHAFF (HUSK),noun
2365,RADISH,noun
2366,ONION,noun
2367,MANDARINE,noun
2368,GARLIC,noun
237,STEPFATHER,noun
2371,BREADFRUIT,noun
2374,DREAM,noun
2375,VERTICAL,adjective
2376,HORIZONTAL,adjective
2377,FLASH (VERB),verb
2378,THUNDER (VERB),verb
238,PRAWNS,noun
2380,BROTHER-IN-LAW (OF MAN),noun
2386,TURKEY,noun
239,FLOWER,noun
2393,JOURNEY,noun
2395,CONGEAL (BLOOD),verb
2396,KNOCK,verb
2397,LOBSTER,noun
2398,MANGO,noun
24,PRAY,verb
2400,THEIR,other
2401,PICTURE,noun
2402,ROBIN,noun
2403,TOY,noun
2406,HOME,noun
2407,BIRTHDAY,noun
2408,CAKE,noun
2409,BROWN,adjective
241,TREE STUMP,noun
2410,GOOD-LOOKING,adjective
2411,HURT (SOMEBODY),verb
2412,THANK (SOMEBODY),verb
242,COST,verb
2422,SOMEONE,other
2423,CHANNEL,noun
2424,MEMBER,noun
2425,PROBLEM,noun
2427,FUTURE,noun
2428,LIBRARY,noun
243,FRESH,adjective
2430,OFFICE,noun
2431,REVOLUTION,noun
2432,MARRIAGE,noun
244,LEFT,adjective
2440,PINEAPPLE,noun
2441,CASHEW,noun
2444,KINGFISHER,noun
2445,PAPAYA,noun
2446,SLOTH,noun
2447,WOODPECKER,noun
2448,WILD DOG,noun
2449,FAT (OF MEAT AND FOOD),adjective
245,BROOM,noun
2451,FOURTEEN,numeral
2452,PURPLE,adjective
2453,SEVENTEEN,numeral
2454,SIXTEEN,numeral
2455,DREAMING OR DREAM,other
2457,PATH OR ROAD,noun
2459,GRINDSTONE,noun
246,THRUST,verb
2462,WINNOWING,verb
2464,LAY EGGS,verb
2465,DISGUST,noun
2466,WEIGHT,noun
2467,GAME,noun
2468,BAG,noun
2469,AGAINST,adjective
247,TAN,verb
2470,DEAR,adjective
2471,LADY,noun
2472,"SUCKLE (BREASTFEED, NURSE)",verb
2473,HIS (GENITIVE OF HE),other
2474,HER (GENITIVE OF SHE),other
2475,MALE GOAT,noun
2476,FEMALE GOAT,noun
2477,YAK,noun
2478,MALE YAK,noun
2479,FEMALE YAK,noun
248,HAPPEN,verb
2481,FEMALE DOG,noun
2482,TOGETHER,other
2483,COLD (OF WEATHER),adjective
2485,HIDE (ONESELF),verb
2486,HIDE,verb
249,FOG,noun
2493,BOIL,verb
2494,BAMBOO SHOOT,noun
2495,ELEPHANT TUSK,noun
2497,RATTAN,noun
2498,OPIUM,noun
25,DIRT,noun
2500,GINGER,noun
2501,RICE HUSK,noun
2502,GONG,noun
2503,LAUNDER (WASH CLOTHES),verb
2504,DIFFERENT,adjective
2505,BEDROOM,noun
2506,LOOSE,adjective
2507,DISGUSTING,adjective
2508,PANGOLIN,noun
2509,EXCHANGE,verb
251,SHARPEN (SOMETHING),verb
2510,PORCUPINE,noun
2512,CHICK,noun
2514,SPOUSE,noun
2516,WATER BUFFALO,noun
2517,CROWDED,adjective
2518,HEARING (AURAL SENSE),noun
2519,SEEING (VISUAL SENSE),noun
252,FRIGHTEN,verb
2520,SMELLING (OLFACTORY SENSE),noun
2521,FEELING (HAPTIC SENSE),noun
2522,SCREAM (NOISE),noun
2524,JOY,noun
2526,POWER,noun
2527,ABILITY,noun
253,CARE FOR,verb
2530,SMART,adjective
2531,BROAD,adjective
2534,DEPTH,noun
2537,LENGTH,noun
2538,TRENCH (FOSSE),noun
2539,PIT (POTHOLE),noun
254,STICKING,verb
2540,LIME (MATERIAL),noun
2541,MIRACLE,noun
2542,HERB,noun
2543,RAVEN,noun
2544,SHEPHERD,noun
2545,HARROW (TOOL),noun
2546,BORDER,noun
2547,CITY,noun
2548,BARREL,noun
2549,VEHICLE,noun
255,SERVANT,noun
2553,MISERY,noun
2554,PRINCE (RULER),noun
2558,BREAK (CLEAVE),verb
256,FOOD,noun
2560,PATERNAL GRANDFATHER,noun
2561,HURT (SENSE PAIN),verb
2562,SEX (GENDER),noun
2565,CASTRATED BOAR,noun
2566,GELDING,noun
2567,CAPON,noun
2568,BAKER,noun
2569,BUTCHER,noun
257,WORSHIP,verb
2570,BEEF,noun
2571,TRY (TEST),verb
2572,SENSE (PERCEIVE BY SENSES),verb
2573,FEELING (EMOTION),noun
2575,DO OR MAKE,verb
2576,ALREADY,other
2577,YET,other
2578,PENCIL,noun
2579,TOOTHBRUSH,noun
258,CALM,adjective
2580,HELICOPTER,noun
2584,BENCH,noun
2587,DARTS,noun
2588,GLOBE,noun
2589,WREATH,noun
2590,HARMONICA,noun
2591,RHINOCEROS,noun
2595,CACTUS,noun
26,UNPLEASANT,adjective
2600,PYRAMID,noun
2602,FUNNEL,noun
2604,NOOSE,noun
2606,COMPASS,noun
2607,TRIPOD,noun
2608,SCROLL,noun
2610,TRELLIS (ARCHITECTURE),noun
2615,FLESH OR MEAT,noun
2617,BULB,noun
2618,CAMERA,noun
2619,CARD,noun
2620,CARRIAGE,noun
2621,CURTAIN,noun
2622,ENGINE,noun
2623,FLAG,noun
2624,FRAME,noun
2625,MAP,noun
2626,NERVE,noun
2627,ORANGE (FRUIT),noun
2628,PLANT STEM,noun
2629,TRAY,noun
263,HERDSMAN,noun
2630,WHIP,noun
2631,WIRE,noun
2634,WE TWO,other
2638,FISHING,verb
2640,LARVA,noun
2641,MYTHICAL BEING,noun
2642,HE OR SHE,other
2643,INK,noun
2648,HAIR (HEAD),noun
265,FOWL,noun
2651,BE IGNORANT,verb
2654,VIPER,noun
2655,JACKFRUIT,noun
2656,MIDNIGHT,noun
2657,LADLE,noun
2658,COAL,noun
266,SCALE,noun
2662,TOENAIL,noun
2663,UMBILICAL CORD,noun
2664,SCAB,noun
2665,WART,noun
2666,SOLE (FOOT),noun
2667,TORSO,noun
2668,SKELETON,noun
2669,POINT (WITH FINGER),noun
267,NIT,noun
2670,ACROSS,other
2676,TWO HUNDRED,numeral
2678,HAIR OR FUR,noun
2679,BLOW (WITH NOSE),verb
268,DRIBBLE,verb
2680,MACHETE,noun
2681,LUTE,noun
2685,CARP (FISH),noun
269,COOKED,adjective
2691,PATERNAL AUNT (FATHER'S SISTER),noun
2692,MATERNAL UNCLE (MOTHER'S BROTHER),noun
2693,MATERNAL AUNT (MOTHER'S SISTER),noun
2695,SISTER-IN-LAW (OLDER BROTHER'S WIFE),noun
2698,BROTHER-IN-LAW (HUSBAND'S OLDER BROTHER),noun
27,AIR,noun
270,JUG,noun
2702,GRANDSON (SON'S SON),noun
2704,FADE (LOOSE COLOR),verb
2705,INHALE,verb
2706,GNAW,verb
2708,TALK,verb
2709,FLATTER,verb
271,SAUCER,noun
2712,GET DIZZY,verb
2713,HAVE A FEVER,verb
2714,HAVE DIARRHEA,verb
2715,DESPISE,verb
2717,STEEP,adjective
272,TONGS,noun
273,DOUGH,noun
274,KNEAD,verb
2743,CLOUDY DAY,noun
2749,UNHUSKED RICE,noun
275,PEEL,verb
2753,UNTIL,other
2754,TOWARDS,other
2755,BUSY,adjective
2756,IDLE,noun
2758,CAREFUL,adjective
2759,RECOMMEND,verb
2760,MAKE A JOKE,verb
2761,BEND (ONESELF),verb
2762,BLOCK (THE WAY),verb
2765,CHERRY,noun
2766,WATERMELON,noun
277,SPINDLE,noun
2770,JACKET,noun
2771,SHAWL,noun
2772,KITCHEN KNIFE,noun
2774,LITTLE FINGER,noun
2776,WILD GOOSE,noun
278,AWL,noun
2783,SCALES (MEASURE INSTRUMENT),noun
2785,BIVALVIA (MUSSELS OR OYSTERS),noun
2787,CONSUME (DRINK OR EAT),verb
2788,LADLE (WATER),verb
2789,BURP,verb
279,THATCH,noun
2792,LAST MONTH,noun
2793,NEXT MONTH,noun
2794,FIELD (UPLAND),noun
2795,MOSQUITO NET,noun
2797,SESAME,noun
28,MOISTEN,verb
280,RIDGEPOLE,noun
2804,AMULET,noun
2805,BIRTH (ACCOUCHEMENT),noun
2806,BLACK MAN,noun
2807,BLACK WOMAN,noun
2808,BLACKEN,verb
2809,BLUEBERRY,noun
281,POST,noun
2810,BREASTBONE,noun
2812,CRAB CLAW,noun
2815,DIALECT,noun
2816,ECHO,noun
2818,FORD (CROSSING),noun
2819,GRASSLAND,noun
2820,HIP BONE,noun
2821,JEALOUS,adjective
2824,KNUCKLE,noun
2825,LEFT HANDED,adjective
2826,LIE (FALSEHOOD),noun
2827,MENSTRUATE,verb
2828,MOTH,noun
2829,MUSSELS,noun
2830,OYSTERS,noun
2833,RUM,noun
2834,SCROTUM,noun
2837,SWAN,noun
2838,TAME,adjective
2839,WHITE MAN,noun
284,HOE,noun
2842,TURMERIC,noun
2843,CAULIFLOWER,noun
2845,SIZE (OF OBJECT),noun
2846,MARCH,noun
2847,APRIL,noun
2849,JUNE,noun
285,THRESH,verb
2850,JULY,noun
2851,AUGUST,noun
2852,SEPTEMBER,noun
2853,OCTOBER,noun
2854,NOVEMBER,noun
2855,DECEMBER,noun
2858,STREAM (FLOW CONTINUOUSLY),verb
2860,BOLT (MOVE IN HASTE),verb
2861,BUDGE (ONESELF),verb
2862,CONNECT,verb
2863,DASH (OF VEHICLE),verb
2864,DECREASE,verb
2865,DIE (FROM ACCIDENT),verb
2867,CALCULATE,verb
2869,BOTHER (HARASS),verb
287,CONE,noun
2870,RECOGNIZE (SOMEBODY),verb
2871,SWING (MOVEMENT),verb
2872,IMPROVE (SOMETHING),verb
2875,RING (MAKE SOUND),verb
2877,RUSTLE (OF LEAVES),verb
2878,SEAT (SOMEBODY),verb
2879,SOUND (OF INSTRUMENT OR VOICE),verb
288,FORGE,verb
2880,HALT (STOP),verb
2881,URGE (SOMEONE),verb
2882,ADD,verb
2883,DISTURB,verb
2884,HANG,verb
2885,HERD (SOMETHING),verb
2886,PRODUCE,verb
2887,THAW (DEW),verb
2888,TINKLE,verb
2889,TWINKLE,verb
289,MOLD,verb
2890,WALK (TAKE A WALK),verb
2891,TIE UP (TETHER),verb
2892,MAKE ANGRY (ANNOY),verb
2893,NOTICE (SOMETHING),verb
2894,TUMBLE (FALL DOWN),verb
2895,MAKE NOISE,verb
2896,CAUSE TO (LET),verb
2897,CHIME (ACTION),verb
2898,CONVEY (A MESSAGE),verb
2899,JOG (SOMETHING),verb
29,GELD,verb
290,ADZE,noun
2900,PROTECT,verb
2902,BRAWL (FIGHT),verb
2903,CHAT (WITH SOMEBODY),verb
2904,RINSE,verb
2905,KNIT,verb
2906,TRANSLATE,verb
2907,ROT,verb
2909,PREPARE,verb
291,PULL OFF (SKIN),verb
2911,BACKWARD,other
2912,FORWARD,other
2914,ONCE (IN THE PAST),other
2915,AT FIRST,other
2916,INSTANTLY (IMMEDIATELY),other
2918,BECAUSE OF,other
2919,STILL (CONTINUING),other
292,RUG,noun
2920,SUDDENLY,other
2921,THEN,other
2922,AT THAT TIME,other
2923,THITHER (THERE TO),other
2924,A LITTLE,other
2925,HITHER (HERE TO),other
2926,HARDLY,other
2927,FROM HERE,other
2928,WHITHER (WHERE TO),other
2929,BENEFIT,noun
293,NETBAG,noun
2930,BOSS,noun
2931,BUSINESS,noun
2932,COLD (CHILL),noun
2933,CONVERSATION,noun
2934,CUCKOO,noun
2935,CURRENT (STREAM),noun
2936,ELEVATION,noun
2937,FAIRY TALE,noun
2939,FLOCK (OF ANIMALS),noun
2940,GATE,noun
2941,HAPPINESS,noun
2942,HOARFROST,noun
2943,BUNDLE,noun
2944,CALL (APPEAL),noun
2945,COUNT (QUANTITY),noun
2946,CRADLE,noun
2947,DAMAGE (INJURY),noun
2948,GAP (DISTANCE),noun
2949,LAIR,noun
295,WHETSTONE,noun
2950,MEANING,noun
2951,POUCH,noun
2952,SLAB,noun
2953,SLEEVE,noun
2954,SLICE,noun
2955,STATE (POLITICS),noun
2956,TUBE,noun
2958,LAUGHTER,noun
2959,LEASH,noun
296,CROUCH,verb
2960,LONGING (WISH),noun
2961,MESSAGE,noun
2963,NET,noun
2964,NEWS,noun
2965,PAW,noun
2966,PERCH (FISH),noun
2968,REASON,noun
2969,RIBBON,noun
297,CROOKED,adjective
2970,RIDDLE,noun
2971,SIN,noun
2973,STRAP,noun
2974,SWARM (OF BIRDS),noun
2975,THOUGHT,noun
2976,VIOLENCE,noun
2977,WORKER,noun
2978,DISTANCE,noun
2979,WALK (MANNER),noun
298,SHRIEK,verb
2980,AREA,noun
2981,ITEM,noun
2982,GIFT,noun
2983,COMPANIONSHIP,noun
2984,HEAP,noun
2985,HEIGHT,noun
2986,CAMPFIRE,noun
2987,AMOUNT,noun
2988,PATTERN,noun
2989,FRINGE,noun
299,SCOLD,verb
2990,SACK,noun
2991,SKI,noun
2992,TIP (OF OBJECT),noun
2993,STROKE (OF PEN),noun
2995,TONE (MUSIC),noun
2996,WEALTH,noun
2997,COLORFUL,adjective
2998,DAMP,adjective
2999,EVERYWHERE,other
3,BRAVE,adjective
30,DISPEL,verb
300,RATTLE,noun
3001,POWERFUL,adjective
3002,PRECIOUS,adjective
3003,SOLID,adjective
3004,FORMER,other
3005,FAMILIAR,adjective
3006,SPACE (AVAILABLE),noun
301,CHIEFTAIN,noun
3011,GRUB,noun
3012,BANDICOOT,noun
3015,PATERNAL GRANDMOTHER,noun
3016,FIRE STICK,noun
3017,MONITOR LIZARD,noun
3018,NATIVE CAT,noun
3019,SAND HILL,noun
302,CLAN,noun
3020,BREAK (BREAKING),verb
3023,BOTTOM GRINDSTONE,noun
3025,BARN OR SHED,noun
3028,GRAVEL,noun
303,ABSTAIN FROM FOOD,verb
3033,SCARED,adjective
3034,GREEN COCONUT,noun
3036,TREETOP,noun
304,PREACH,verb
3042,MATERNAL AUNT (MOTHER'S OLDER SISTER),noun
3044,BOVINE,noun
3046,FODDER,noun
3047,HOT SEASON,noun
3049,COURAGE,noun
305,GRANDPARENTS,noun
3050,SEEDLING,noun
3051,REED PIPE,noun
3053,TIGHT,adjective
3054,BEAR FRUIT,verb
3055,SWINDLE,verb
3057,FLAIL,noun
3058,GRAZE,verb
3059,MALARIA,noun
306,PARENTS-IN-LAW,noun
3060,PHEASANT,noun
3061,PHLEGM,noun
3062,TURNIP,noun
3064,RUST,noun
3065,SADDLE,noun
3066,SCARF OR TURBAN,noun
3067,CLEAVER,noun
3068,COOL DOWN,verb
3069,FALSE,adjective
307,HAWK,noun
3070,HOLD A MEETING,verb
3071,INSERT,verb
3072,MISPLACE,verb
3073,MANAGE,verb
3074,FIX,verb
3075,SLANTED,adjective
3076,SLOPE,noun
3077,SWALLOW (BIRD),noun
3078,IRRIGATE,verb
3080,SPLIT OPEN,verb
3081,CROPS,noun
3083,BALLOON,noun
3084,BLACKBOARD,noun
3085,CARROT,noun
3086,COMPUTER,noun
3088,ENVELOPE,noun
3090,GUITAR,noun
3091,LEMON,noun
3092,LIGHTER,noun
3093,LIPSTICK,noun
3094,PAINTBRUSH,noun
3095,POSTMAN,noun
3096,RACKET,noun
3097,SEWING MACHINE,noun
3099,SOFA,noun
31,PAN,noun
310,HEAD LOUSE,noun
3101,SWING,noun
3102,TANK,noun
3103,TENNIS BALL,noun
3104,THERMOMETER,noun
3105,UMBRELLA,noun
3106,WARDROBE,noun
3107,WHISTLE (INSTRUMENT),noun
3108,BOX (SOMEBODY OR SOMETHING),verb
3109,BRUSH (TEETH),verb
3110,CLAP,verb
3111,CONDUCT,verb
3113,FILE (SOMETHING),verb
3114,GRATE (SOMETHING),verb
3115,HAMMER (SOMETHING),verb
3116,HATCH (OUT),verb
3118,IRON (CLOTHES),verb
3119,MASSAGE (SOMEBODY),verb
3121,OPERATE (MEDICINE),verb
3123,PHOTOGRAPH (SOMETHING),verb
3124,PLAY (INSTRUMENT),verb
3125,PLAY (GAME),verb
3126,POST (SOMETHING),verb
3127,RAKE (SOMETHING),verb
3128,SHOWER (ACTION),verb
3129,SKATE,verb
3130,SPILL (SOMETHING),verb
3132,SURF,verb
3134,TYPE (ON SOMETHING),verb
3135,VACUUM (SOMETHING),verb
3137,OAR,noun
3138,STRAWBERRY,noun
3139,LADYBUG,noun
3140,VEST,noun
3141,TAMBOURINE,noun
3142,BISON,noun
3146,CHEETAH,noun
3149,ARMLET,noun
3152,MUNTJACS,noun
3153,LORD,noun
3154,WILD BOAR,noun
3157,CIVET,noun
3160,SLAP,verb
3162,CROSS-COUSIN,noun
3164,ONE HUNDRED AND TWENTY THREE,numeral
3165,TWENTY THREE,numeral
3166,TWENTY TWO,numeral
3167,SERMON,noun
3168,DOWRY,noun
3169,TREATY,noun
3170,BATHE (SOMEONE),verb
3171,RINGWORM,noun
3172,SCABIES,noun
3174,WAKE UP (SOMEONE),verb
3176,RACK (FOR STORING FOOD),noun
3177,BALE-BALE (RAISED PLATFORM IN HOUSE),noun
3179,CORAL ROCK,noun
318,FOOTPRINT,noun
3181,MUSTARD,noun
3187,DROWNED,adjective
3188,MIGHTY OR POWERFUL OR STRONG,adjective
319,LICK,verb
3193,CROSSBOW,noun
3197,SUSPICION,noun
32,EARWAX,noun
320,LAME,adjective
3202,CANNON,noun
3204,INSULT,verb
321,CHEW,verb
3213,HIRE OR RENT,verb
3215,CREEP,verb
322,FIG,noun
3220,MATERNAL UNCLE,noun
3222,TWIG,noun
3224,WRING,verb
323,FAT (ORGANIC SUBSTANCE),noun
3230,DECEIVE,verb
3231,DEITY,noun
3232,PELT,noun
3233,SMALL KNIFE,noun
3236,TWIST (TOGETHER),verb
3238,ALLOW,verb
3239,AMUSE ONESELF (HAVE FUN),verb
3240,BAMBOO MAT,noun
3241,CORIANDER,noun
3243,CYPRESS,noun
3244,EAR (OF GRAIN),noun
3245,FROG (SMALL),noun
325,FELT,noun
3252,PANCREAS,noun
3254,YOUNG ANIMAL,noun
3257,CLITORIS,noun
3258,FALCON,noun
326,CLOAK,noun
3260,HORNBILL,noun
3261,HORNET,noun
3262,HORSEFLY,noun
3263,LAP,noun
3264,TRIVET,noun
3267,PULSE,noun
3268,QUESTION,noun
3269,PORCH,noun
3271,FLYING SQUIRREL,noun
3274,ENCIRCLE,verb
3276,SUNSHINE,noun
3278,FOUR DAYS BEFORE NOW,other
3279,MANTIS,noun
3280,TUSK,noun
3282,GROOM,noun
3283,CAGE,noun
3284,GRAVEYARD,noun
3285,RICE FLOUR,noun
3286,LARGE BOWL,noun
3287,BLOOM,verb
3288,WEED,noun
3289,UNCOOKED RICE,noun
329,STOCKING,noun
3290,IMPEL,verb
3295,BRAID (VERB),verb
3299,KIND,adjective
33,NETTLE,noun
330,HEADBAND,noun
3300,POLITE,adjective
3302,QUARREL (VERB),verb
3303,PICTURE (PAINTING),noun
3304,PICTURE (PHOTOGRAPH),noun
3306,NAIL,verb
331,HEADDRESS,noun
3312,SHORT (TIME),other
3313,JACKAL,noun
3314,LYNX,noun
3315,FLAX,noun
3319,JEW’S HARP,noun
332,RAG,noun
3320,SNARE (TRAP),noun
3325,PEARL,noun
3326,LEATHER OR HIDE,noun
3327,AUTUMN OR HARVEST SEASON,other
3329,YEARLING (HORSE),noun
333,PLAIT,noun
3330,LENTILS,noun
3333,BELIEF (RELIGIOUS),verb
3334,RITE,noun
3335,SACRED GROVE,noun
3336,FUNERAL,verb
334,COOKHOUSE,noun
3340,MORNING STAR,noun
3341,EVENING STAR,noun
3342,URSA MAJOR,noun
3349,WRISTWATCH,noun
3350,GET UP FROM BED,verb
3353,SIEVE (TOOL),noun
3356,INCENSE,noun
3357,CUPBOARD,noun
3358,SPROUT (SHOOT),noun
336,PADLOCK,noun
3360,BAMBOO BASKET,noun
3361,OFFICIAL,noun
3362,BOILED WATER,noun
3364,DRY IN SUN,verb
3367,STUTTERER,noun
3368,POWDER,noun
337,PITCHFORK,noun
3372,GALL BLADDER,noun
3373,HAN CHINESE,noun
3374,TIBETAN,noun
3375,PATIENT (SICK PERSON),noun
3376,ROBBER,noun
3377,EMPEROR,noun
338,RAKE,noun
3380,HUNTING DOG,noun
3382,PEACOCK,noun
3384,WEASEL,noun
3385,ALUMINIUM,noun
3386,SULPHUR,noun
3387,MIDDLE FINGER,noun
3388,PLACENTA,noun
3389,MEASLES,noun
3390,WILD RICE,noun
3391,RICE STRAW,noun
3396,BUILDING,noun
3399,WAREHOUSE,noun
34,STAIRS,noun
3401,HENHOUSE,noun
3403,HORSE BARN,noun
3404,TILE,noun
3405,RULER,noun
3406,MERCHANDISE,noun
3407,FILE (TOOL),noun
341,SICKLE,noun
3410,OVER HERE,other
3411,OVER THERE,other
3413,IN THIS WAY,other
3414,IN THAT WAY,other
3415,BALDHEAD,noun
3416,EVERY (EACH),other
342,HAY,noun
3423,DRILL,noun
3424,SHEATH,noun
3425,JOKE,noun
3426,SURNAME,noun
3427,DIRECTION,noun
3429,COMPARE,verb
343,VINE,noun
3432,SHOULDER POLE,noun
3437,OPEN (MOUTH),verb
344,TREE TRUNK,noun
3441,WHITE SUGAR,noun
3442,COTTON WOOL,noun
3445,YARN,noun
3446,PINK,adjective
3449,START,verb
345,SAP,noun
3452,MUCH,other
3454,KISS (NOUN),noun
3455,COMMEND,verb
3458,SILENCE,noun
3459,PUT IN ORDER,verb
346,BANYAN,noun
3460,BEACH,noun
3463,RIVERBANK,noun
3466,DANGEROUS,adjective
3468,KINDNESS,noun
3469,LEVEL,noun
347,SORGHUM,noun
3470,LIAR,noun
3471,OBLIGATION (DUTY),noun
3472,DANCE (MOVEMENT),noun
3473,LONG (FOR SOMETHING),verb
3474,BE THIRSTY,verb
3475,SUFFICE,other
3476,TWENTY SIX,numeral
3477,TWENTY SEVEN,numeral
3478,TWENTY EIGHT,numeral
3479,TWENTY NINE,numeral
3480,THIRTY ONE,numeral
3481,THIRTY TWO,numeral
3482,THIRTY THREE,numeral
3483,THIRTY FOUR,numeral
3484,THIRTY FIVE,numeral
3485,THIRTY SIX,numeral
3486,THIRTY SEVEN,numeral
3487,THIRTY EIGHT,numeral
3488,THIRTY NINE,numeral
3489,FORTY THREE,numeral
3490,FORTY FOUR,numeral
3491,FORTY FIVE,numeral
3492,FORTY EIGHT,numeral
3493,FIFTY THREE,numeral
3494,FIFTY FIVE,numeral
3495,SIXTY THREE,numeral
3496,SEVENTY TWO,numeral
3497,SEVENTY THREE,numeral
3498,EIGHTY THREE,numeral
3499,NINETY ONE,numeral
35,TAMARIND,noun
350,MANGROVE,noun
3500,NINETY SIX,numeral
3501,NINETY NINE,numeral
3502,ONE HUNDRED AND ONE,numeral
3503,ONE HUNDRED AND TEN,numeral
3504,ONE HUNDRED AND TWENTY,numeral
3506,ONE HUNDRED AND FORTY,numeral
351,TARO,noun
3512,TWO HUNDRED AND SIXTEEN,numeral
3513,THREE HUNDRED,numeral
3514,THREE HUNDRED AND NINETY NINE,numeral
3515,FOUR HUNDRED,numeral
3516,FIVE HUNDRED,numeral
3517,SIX HUNDRED,numeral
3518,SEVEN HUNDRED,numeral
3519,EIGHT HUNDRED,numeral
352,UNTIE,verb
3520,NINE HUNDRED,numeral
3524,TWO THOUSAND,numeral
3527,FIVE THOUSAND,numeral
353,STRIKE,verb
3532,ONE HUNDRED THOUSAND,numeral
3533,ONE MILLION,numeral
3534,BEG,verb
3535,BE DEFEATED,verb
3536,DOUBT (SOMETHING),verb
3537,TURN OVER,verb
3538,TAKE OFF,verb
354,POUND,verb
3542,PREPARED FOOD,noun
3543,SAW (SOMETHING),verb
3544,WAVE (VERB),verb
3545,WATERY,adjective
3548,PULL UP WEEDS,verb
3549,BIRD NEST,noun
355,CUT DOWN,verb
3550,PATCH,verb
3551,FETCH,verb
3552,GREET,verb
3553,HELLO,noun
3554,GOODBYE,noun
3555,COME HERE,other
3556,FORTY ONE,numeral
3557,FORTY TWO,numeral
3558,FORTY SIX,numeral
3559,FORTY SEVEN,numeral
356,SHEARS,noun
3560,FORTY NINE,numeral
3561,FIFTY ONE,numeral
3562,FIFTY TWO,numeral
3563,FIFTY FOUR,numeral
3564,FIFTY SIX,numeral
3565,FIFTY SEVEN,numeral
3566,FIFTY EIGHT,numeral
3567,FIFTY NINE,numeral
3568,SIXTY ONE,numeral
3569,SIXTY TWO,numeral
357,HANG UP,verb
3570,SIXTY FOUR,numeral
3572,SIXTY SIX,numeral
3573,SIXTY SEVEN,numeral
3574,SIXTY EIGHT,numeral
3575,SIXTY NINE,numeral
3576,SEVENTY ONE,numeral
3577,SEVENTY FOUR,numeral
3579,SEVENTY SIX,numeral
358,TINPLATE,noun
3580,SEVENTY SEVEN,numeral
3581,SEVENTY EIGHT,numeral
3582,SEVENTY NINE,numeral
3583,EIGHTY ONE,numeral
3584,EIGHTY TWO,numeral
3585,EIGHTY FOUR,numeral
3586,EIGHTY FIVE,numeral
3587,EIGHTY SIX,numeral
3588,EIGHTY SEVEN,numeral
3589,EIGHTY EIGHT,numeral
359,POTTER,noun
3590,EIGHTY NINE,numeral
3591,NINETY TWO,numeral
3592,NINETY THREE,numeral
3593,NINETY FOUR,numeral
3594,NINETY FIVE,numeral
3595,NINETY SEVEN,numeral
3596,NINETY EIGHT,numeral
3597,TEN MILLION,numeral
3599,BILLION,numeral
36,PUBIC HAIR,noun
360,FAN (ACTION),verb
3604,LIGHT BLUE,adjective
3605,LIGHT GREEN,adjective
3607,MOCCASIN,noun
3608,WARRIOR,noun
361,PEG,noun
3613,LOWER BACK,noun
3614,PANT,verb
3615,BLEED,verb
3616,FAINT (PASS OUT),verb
3617,STUMBLE,verb
3618,STAMP,verb
3619,LEAN,verb
362,STRING,noun
3620,SLEEPY,adjective
3621,DISABLED PERSON,noun
3622,BURN (INJURY),noun
3623,INTESTINAL WORM,noun
3624,LEPROSY,noun
3625,HEADACHE,noun
3626,KNOW,verb
3628,HONOR (SOMEBODY),verb
3629,HESITATE,verb
363,"DWELL (LIVE, RESIDE)",verb
3630,PLAN,noun
3631,PRETEND,verb
3632,GENEROUS,adjective
3633,CURIOUS,adjective
3634,STUBBORN,adjective
3635,ADULT,noun
3636,CO-WIFE,noun
3637,WEAVER,noun
3638,ASSEMBLE (GET TOGETHER),verb
3639,AVOID,verb
364,SMEAR,verb
3640,GOSSIP,verb
3641,SLANDER,verb
3642,COMPLAIN,verb
3643,AGREE,verb
3644,AGREEMENT,noun
3645,PERSUADE,verb
3646,PROVERB,noun
3647,TICKLE (SOMEBODY),verb
3648,SERVE (SOMEONE),verb
3649,PUNISH,verb
365,SPLASH,verb
3651,MUSH (FOOD),noun
3652,FERMENT,verb
3653,COOKING POT,noun
3654,TAKE OUT,verb
3655,STORE UP,verb
3656,PACK,verb
3657,GRANARY,noun
3658,BELLOWS,noun
3659,POLISH (SOMETHING),verb
366,LIMP,verb
3661,RICH PERSON,noun
3662,POOR PERSON,noun
3663,COWRIE SHELL,noun
3664,INHERIT,verb
3665,TRAVEL,verb
3666,WANDER,verb
3667,LOST,adjective
3668,PADDLE (MOVEMENT),verb
3669,LOAD (SOMETHING),verb
367,RIDE,verb
3670,PLUNDER,verb
3671,HUM,verb
3672,DIVORCE (SEPARATE),verb
3673,MOURNING,noun
3674,ANTELOPE,noun
3675,ZEBRA,noun
3676,SHREW,noun
3677,MONGOOSE,noun
3678,ELEPHANT TRUNK,noun
3679,GROWL,verb
3680,RUMINATE,verb
3681,PARTRIDGE,noun
3682,PERCH (OF BIRD),verb
3683,CACKLE,verb
3684,PECK,verb
3685,HISS,verb
3686,CORN HUSK,noun
3687,DESERT,noun
3688,MARSH,noun
3689,BUBBLE,noun
369,OWE,verb
3690,FULL MOON,noun
3691,NEW MOON,noun
3692,SQUEAK,verb
3693,HOT WEATHER,noun
3694,COLD WEATHER,noun
3695,MOVEMENT,noun
3696,THROW AWAY,verb
3697,DIP,verb
3698,SINGE,verb
3699,CONTINUE,verb
37,LIBERATE,verb
370,BARTER,verb
3700,LENGTHEN,verb
3701,HOLLOW,adjective
3702,SLIPPERY,adjective
3703,STICKY,adjective
3704,ODOR (SMELL),noun
3705,SCATTER,verb
3709,BRILLIANT,adjective
371,PICK UP,verb
3711,TIE (NOUN),noun
3714,LARYNX,noun
3716,OVARY,noun
3719,MARMOT,noun
372,POINTED,adjective
3722,FLAMINGO,noun
3723,NIGHTINGALE,noun
3724,STORK,noun
3729,LETTUCE,noun
373,LONG AGO,other
3730,APRICOT,noun
3732,POMEGRANATE,noun
3733,FERRY,noun
3736,INSTEP,noun
3737,BAREFOOT,adjective
3739,MARTEN,noun
374,ONE TIME,other
3740,WHIRLWIND,noun
3743,BRASS,noun
3744,INTERPRETER,noun
3746,VASE,noun
3747,SHAPE,noun
3748,DROP (OF A LIQUID),noun
3749,HATE (LOATHING),noun
375,SNIFF,verb
3750,KHAKI,adjective
3751,BRIGHT YELLOW,adjective
3754,TRANSPARENT,adjective
3755,MOUNTAINOUS,adjective
3758,WINDY,adjective
3759,FOGGY,adjective
376,FRAGRANT,adjective
3760,THUNDERY,adjective
3762,SAFE,adjective
3766,WATER POT,noun
3767,RICE SEEDLING,noun
3768,POUND (FOOD),verb
3769,GRAPEVINE,noun
377,LOUD,adjective
3777,CATFISH,noun
378,PINCH,verb
3780,PET,noun
3783,ONE HUNDRED AND THREE,numeral
3784,ONE HUNDRED AND EIGHT,numeral
3785,TWO HUNDRED AND TWO,numeral
3787,TWO HUNDRED AND FORTY,numeral
379,BLUNT,adjective
3795,DARK GREEN,adjective
3798,STINGER,noun
3799,FISHBONE,noun
38,SPREAD OUT,verb
380,WRINKLED,adjective
3800,IVORY,noun
3801,DATE (FRUIT),noun
3802,FERN,noun
3803,RASPBERRY,noun
3807,EYEBALL,noun
3808,JUNGLE,noun
3809,SCREAM (PRODUCE A CRY),verb
381,BLAME,noun
3810,BOULDER,noun
3812,COWARDLY,adjective
3813,DISOBEDIENT,adjective
3814,HANDSOME,adjective
3815,ALMOND,noun
3817,WANING MOON,noun
382,GOVERN,verb
3821,BROOK,noun
383,MASTER,noun
3830,WALL,noun
3835,BE CALLED BY NAME,adjective
3837,ASTRINGENT,adjective
3838,HANDSPAN,noun
3842,ONE THIRD,noun
3843,BUT,other
3844,CONTEMPT,noun
3845,DISAPPOINTMENT,noun
3846,EXCITEMENT,noun
3847,INTEREST (FEELING),noun
3848,SURPRISE (FEELING),noun
3849,TRIUMPH,noun
385,RESPECT (SOMEBODY),verb
3850,AMUSEMENT,noun
3851,AWE,noun
3852,CONCENTRATION,noun
3853,CONFUSION,noun
3854,SADNESS,noun
3855,ITCH (CAUSE ITCHING OR FEEL ITCHY),verb
3857,EGGSHELL,noun
3858,CONFUSED,adjective
3859,MIDWIFE,noun
386,BATTLE-AXE,noun
3860,POSSESSIONS,noun
3861,FAIL,verb
3862,HEAR OR LISTEN,verb
3866,ABORTION,noun
3869,ANXIOUS,adjective
387,SLING,noun
3870,RUSTY,adjective
3871,MURDERER,noun
3874,KNOWLEDGE,noun
3875,CRIMINAL,noun
3876,DENTIST,noun
3877,DEPRESSION,noun
3878,DIAMOND,noun
3879,IMAGINE,verb
388,FISHNET,noun
3880,FIGHT (COMBAT),noun
3881,PISTOL,noun
3882,ROSE,noun
3883,NOISY,adjective
3884,PATIENT,adjective
3885,IMPATIENT,adjective
3887,NOBODY,other
3891,EARHOLE,noun
3892,ACQUIRE (SOMETHING),verb
3893,AFFORD,verb
3894,ATTACH,verb
3895,DETECT,verb
3896,ROAR,verb
3897,NATURE,noun
3898,ACCEPT,verb
39,KEEN,adjective
390,PUNISHMENT,noun
3901,TAMING,verb
3902,TRUST (SOMEBODY),verb
3903,SYMPATHIZE,verb
3904,ENCOUNTER (MEET),verb
391,BLESS,verb
3914,TURQUOISE,adjective
3915,PRIDE,noun
3916,PLEASURE,noun
3917,DEVIL,noun
3918,CALABASH,noun
392,MAGIC,noun
3923,FEMALE ANIMAL,noun
3929,BRAZILIAN CEDAR,noun
393,CIRCUMCISION,noun
394,SHAMAN (FOLK HEALER),noun
3944,LOWER LIP,noun
3946,BABY SLING,noun
3947,HONEYCOMB,noun
3948,SHOTGUN,noun
395,PILL,noun
3952,REFRIGERATOR,noun
3953,CHARITY,noun
3954,FRIENDSHIP,noun
3955,HOSTILITY,noun
3956,DISPUTE,noun
3957,SYSTEM,noun
3958,SOCIETY,noun
3959,RELATIONSHIP,noun
3960,IDENTITY,noun
3961,TEAM,noun
3962,DISCIPLINE,noun
3964,SPLENDOR,noun
3967,CONTENT,noun
3968,EFFECT,noun
3969,RESULT,noun
3971,METHOD,noun
3972,EXCITED,adjective
3973,DEPRESSED,adjective
3974,UNHAPPY,adjective
3975,NERVOUS,adjective
3976,EXPLODE,verb
3977,SHINY,adjective
3978,COMPANION,noun
3979,TADPOLE,noun
398,PIERCE,verb
3980,GET DRUNK,verb
3981,GUAVA,noun
3982,BREEZE,noun
3983,RED DEER,noun
3984,THESE (PLURAL OF THIS),other
3985,THOSE (PLURAL OF THAT),other
3986,COLLAPSE,verb
3987,HOARSE,adjective
3988,PLATEAU,noun
399,PLANTAIN,noun
3990,LAWN,noun
3993,JINGLE (INSTRUMENT),noun
3996,TOP (TOY),noun
4,COURTYARD,noun
40,ENVY,noun
4001,LIGHT SWITCH,noun
4002,ROLLING PIN,noun
4003,PLIERS,noun
4005,SUITCASE,noun
4009,SPINNING WHEEL,noun
401,OPPRESS,verb
4011,TRUCK,noun
4012,TELESCOPE,noun
4014,MICROPHONE,noun
4018,BLOUSE,noun
4019,CIGAR,noun
402,SURPASS,verb
4020,CLOWN,noun
4023,VIOLIN,noun
4025,LANTERN,noun
4034,SANDALS,noun
4035,SWEATER,noun
404,ALCOHOL (FERMENTED DRINK),noun
406,OLD MAN,noun
409,FORKED BRANCH,noun
41,IGNORE,verb
410,YAM,noun
411,GOURD,noun
413,CARRY ON SHOULDER,verb
414,CARRY ON HEAD,verb
417,THREE TIMES,other
418,FOR A LONG TIME,other
419,SEVERE,adjective
42,STINKING,adjective
420,FOREST,noun
421,RETREAT,verb
423,GET LOST,verb
424,MARRIED MAN,noun
425,BE LATE,adjective
426,MARRIED WOMAN,noun
43,LEAD (GUIDE),verb
430,TWIST,verb
431,UPPER ARM,noun
44,INJURE,verb
442,FRONT TOOTH (INCISOR),noun
444,LONG HAIR,noun
445,UPPER BACK,noun
446,LOWER ARM,noun
447,LOWER LEG,noun
448,STORM CLOUDS,noun
449,CORN FIELD,noun
45,EVIL,adjective
452,DRY SEASON,noun
453,RAINY SEASON,noun
456,GUINEA FOWL,noun
457,BLIND PERSON,noun
458,DEAF PERSON,noun
459,SNAP (OF STICK),verb
46,HOLLOW OUT,verb
460,BREAK (OF ROPE),verb
462,WRAPPER,noun
465,CARRY ON BACK,verb
467,CRAYFISH,noun
47,EXCRETA,noun
471,UPPER LEG (THIGH),noun
472,PELICAN,noun
474,DRESS,noun
476,CUP,noun
477,LATE,other
478,LIP,noun
479,GROW,verb
48,BE SILENT,verb
480,PLATE,noun
481,DISH,noun
482,NOBLE,noun
483,COMPOUND,noun
484,CONDEMN,verb
485,DISAPPEAR,verb
486,MINISTER,noun
487,SHY,adjective
488,MANNER,noun
489,KIDNEY,noun
49,REFUSE,verb
490,DESCENDANTS,noun
491,CENTER,noun
492,THREE,numeral
493,FIVE,numeral
494,FLIRT,verb
495,REVENGE,verb
496,CUCUMBER,noun
497,SCAR,noun
498,CALF OF LEG,noun
499,CURE,verb
5,GAZELLE,noun
50,JACK,noun
500,CRUEL,adjective
501,LIFT,verb
502,NAIL (TOOL),noun
503,FROG,noun
504,LEARN,verb
505,PARENTS,noun
506,MAIZE,noun
507,MELON,noun
508,PERIOD,noun
509,CERTAIN,adjective
51,SORE,noun
513,THIS YEAR,other
514,LAST YEAR,other
515,NEXT YEAR,other
518,SPARK,noun
519,SPOT,noun
52,SHIVER,verb
522,WOLF,noun
523,BACK OF HEAD,noun
525,BLOOD VESSEL,noun
526,HOWL,verb
527,DOG-ROSE,noun
528,DREADFUL,adjective
53,SPIRIT,noun
530,FRECKLE,noun
531,HOW MUCH,other
533,GLUTTON,noun
534,HUMP,noun
535,INFLATED,adjective
536,LOW VOICE,other
537,TURBID,noun
539,NEST,noun
54,SHRINK,verb
540,PALATE,noun
541,POETRY,noun
543,SHUTTLE,noun
544,SPICY,adjective
545,SPRUCE,noun
546,SUCKER,noun
547,SURFACE,noun
549,COPULATE,verb
55,WHISPER,verb
550,DILUTE,verb
552,GROW UP,verb
553,HEW,verb
554,HINDER,verb
555,INFRINGE,verb
557,OFFEND,verb
558,PASS BY,verb
559,BROTHER (OF MAN),noun
56,BAD LUCK,noun
567,REBEL,verb
568,RISE (MOVE UPWARDS),verb
569,SPOIL (BECOME SPOILED),verb
57,ATOP,other
570,STAND UP,verb
571,STING,verb
572,STREW,verb
573,SWAY,verb
574,TRANSIT,verb
575,TREAD,verb
576,DANDRUFF,noun
577,FOREFINGER,noun
578,KISS,verb
579,BATTLE,noun
58,LIQUID,adjective
580,FUR,noun
581,COME BACK,verb
582,LEND,verb
584,DIFFICULT,adjective
585,BOOT,noun
586,GARDEN,noun
587,ANT,noun
588,BROKEN,adjective
589,CLOSED,adjective
59,ELECTRICITY,noun
590,NAKED,adjective
591,ADDRESS,noun
592,PISS,verb
593,POTATO,noun
594,PIECE,noun
595,GROUNDNUT (PEANUT),noun
596,POSTAGE STAMP,noun
597,PHYSICIAN,noun
598,SHELL,noun
6,EARTHQUAKE,noun
60,OAT,noun
600,STRANGE,adjective
602,HIDE (CONCEAL),verb
603,COAT,noun
604,GLASS,noun
605,GRAIN,noun
606,GRASS,noun
607,GRASSHOPPER,noun
608,GULF,noun
609,HAIL,noun
61,INDUCE,verb
610,PORT,noun
611,HARVEST,noun
612,HEAT,noun
613,HIGH TIDE,noun
614,HILL,noun
615,HORSE,noun
616,HOSPITAL,noun
617,ICE,noun
618,PRECIPICE,noun
619,ANIMAL,noun
62,BE SITUATED,other
620,INSECT,noun
621,IRON,noun
622,ISLAND,noun
623,LAGOON,noun
624,LAKE,noun
625,LAMP,noun
626,LAND,noun
627,LEAD (CHEMICAL ELEMENT),noun
628,LEAF,noun
629,LEATHER,noun
63,RUMOUR,noun
630,LIGHT (RADIATION),noun
631,LIVESTOCK,noun
632,LIZARD,noun
633,MARKET,noun
634,MEAT,noun
635,MILK,noun
636,MILL,noun
637,MOSS,noun
639,MOUNTAIN,noun
64,PIN,noun
640,MUD,noun
641,MUSHROOM,noun
642,MUSIC,noun
643,NEED (NOUN),noun
644,OAK,noun
645,OCEAN,noun
646,ASH,noun
647,PAINT (PIGMENTS),noun
648,PAPER,noun
649,PASTURE,noun
65,AMBUSH,noun
651,SEAL,noun
652,PLAIN,noun
653,PLANT (VEGETATION),noun
654,PLASTIC,noun
655,POISON,noun
656,POLICE,noun
657,PRICE,noun
658,RAIN (PRECIPITATION),noun
659,REED,noun
66,KNEEL,verb
661,RELIGION,noun
662,BATTERY,noun
663,BAY,noun
664,RESIN,noun
665,BEE,noun
666,RIVER,noun
667,ROAD,noun
668,ROCK,noun
67,EMBERS,noun
670,ROOT,noun
671,SAND,noun
672,EARLY,adjective
673,SCHOOL,noun
674,MOUTH,noun
675,FAECES (EXCREMENT),noun
676,SHIT (DEFECATE),verb
677,AXE,noun
678,BEARD,noun
679,BRIGHT,adjective
68,TATTOO,noun
680,BREAK (DESTROY OR GET DESTROYED),verb
681,DESTROY,verb
682,SIDE,noun
683,PERSON,noun
684,OWN,verb
685,DECIDE,verb
686,EASY,adjective
687,NOTHING,other
688,LUNG,noun
689,BETWEEN,other
69,SOBER,adjective
690,BOTTOM,noun
691,SEASON,noun
692,BRING,verb
693,FROM,other
694,GET,verb
695,GO,verb
696,STIR,verb
697,CONTAIN,verb
698,WISE,adjective
699,SAD,adjective
7,GATHER,verb
70,BRACKISH,adjective
700,CARRY,verb
701,SLOW,adjective
702,CATCH,verb
703,SOON,other
704,CLEAN,adjective
705,GO UP (ASCEND),verb
706,DARK,adjective
707,REMEMBER,verb
708,SHINE,verb
709,TEACH,verb
71,BY HEART,other
710,WHEEL,noun
711,TALL,adjective
712,RICH,adjective
713,STEAL,verb
714,SEED,noun
715,SHOUT,verb
716,GROAN,verb
717,SWEET,adjective
718,PAY,verb
719,FIND,verb
72,CLAW,noun
720,GOOD LUCK,noun
721,LOW,adjective
722,ATTACK,noun
723,PLACE (POSITION),noun
724,READ,verb
725,OLD PERSON,noun
726,WHILE,noun
727,WHICH,other
728,FIRST,other
729,DAWN,noun
73,BEAK,noun
730,SNAKE,noun
731,BEVERAGE,noun
732,YOUR (SINGULAR),other
733,EARN,verb
734,MAKE,verb
735,OWL,noun
736,YARD,noun
737,LIGHT (IGNITE),verb
738,THING,noun
739,FEED,verb
74,PUPPY,noun
740,SHIP,noun
741,DRIVE,verb
742,END (OF SPACE),noun
744,EGG,noun
745,SHELF,noun
746,SHOP,noun
747,BICYCLE,noun
748,SOW SEEDS,verb
749,ENTER,verb
75,DISGRACE,verb
750,DROP,verb
751,SHRUB,noun
752,STORE,noun
753,PUPIL (STUDENT),noun
754,HURRY,verb
755,DENY,verb
756,DEPEND,verb
757,BUTTON,noun
758,HERON,noun
759,SILVER,noun
76,YOUNG MAN,noun
760,KNOT,noun
761,COVER,verb
762,OUTSIDE,other
763,SKIN,noun
764,SUIT,verb
765,MOVE,verb
766,MENSTRUATION,noun
767,CORPSE,noun
768,LUNCH,noun
769,ROOF,noun
77,YOUNG WOMAN,noun
770,EARRING,noun
771,HAT,noun
772,BELT,noun
773,HAVE,verb
774,CABBAGE,noun
775,TRUMPET,noun
777,FLUTE,noun
778,SMOKE (EXHAUST),noun
779,PART,noun
78,THAT,other
780,OUR,other
782,DEFEAT,noun
783,VICTORY,noun
784,SNOW,noun
785,STRONG,adjective
786,SAILCLOTH,noun
787,SAIL,verb
788,SOAP,noun
789,PEOPLE,noun
79,WASTE,verb
790,READY,adjective
791,STRANGER,noun
792,BOIL (OF LIQUID),verb
793,BOIL (OF SKIN),noun
794,PEN,noun
796,NIPPLE,noun
797,TESTICLES,noun
798,JAW,noun
799,WRIST,noun
8,CURSE,verb
80,DOORPOST,noun
801,RIB,noun
802,ADAM'S APPLE,noun
803,ANKLE,noun
804,WOMB,noun
805,SPINE,noun
806,BLANKET,noun
807,SKILLED,adjective
808,DRIP (FALL IN GLOBULES),verb
809,TROUSERS,noun
81,FATHOM,noun
810,LOCUST,noun
811,SOUL,noun
812,SLAVE,noun
813,DO,verb
814,DRESS UP,verb
815,GOVERNMENT,noun
816,HALF,noun
817,THEY,other
818,WILLOW,noun
819,STOMACH,noun
82,ANGER,noun
820,LAMB,noun
821,POPLAR,noun
822,HOW MANY,other
823,SORCERER,noun
824,WITCH,noun
825,AWAKE,adjective
827,ROLL,verb
829,RAFTER,noun
83,FORBID,verb
830,SOOT,noun
831,BASE,noun
832,BEAN,noun
833,ENDURE,verb
834,BUTTOCKS,noun
835,CHAPTER,noun
836,SCREWDRIVER,noun
837,BLUE,adjective
838,REMAINS,noun
839,ERR,verb
84,JUST,other
843,SPIDER,noun
844,KIND (THING),noun
845,MURDER,noun
846,TIGER,noun
847,THIRSTY,adjective
848,THIRST,noun
849,SPRING (OF WATER),noun
85,GIVE BACK,verb
850,SQUARE,noun
851,STABLE,noun
852,PRIEST,noun
853,ALTAR,noun
854,KETTLE,noun
855,SEIZE,verb
856,HIRE,verb
857,STONE,noun
858,STORM,noun
859,STOVE,noun
86,SIEVE,verb
860,CAUSE,noun
861,JUDGE,noun
862,SUGAR,noun
863,EDGE,noun
864,PUMPKIN,noun
865,FAME,noun
866,WIN,verb
867,GLOVE,noun
868,BANANA,noun
869,BLADE,noun
87,SQUINT-EYED,adjective
870,BREATH,noun
873,TAX,noun
875,SHOEMAKER,noun
876,ARCH,noun
877,MASON,noun
878,HELL,noun
879,COUGH,verb
88,BEEHIVE,noun
880,REPEAT,verb
881,TAILOR,noun
882,PARROT,noun
883,TERMITE,noun
884,SHARE,verb
885,OPPOSITE,adjective
886,PARAKEET,noun
887,BITTER,adjective
888,POISONOUS,adjective
889,FLAME,noun
89,NATIVE COUNTRY,noun
890,MULE,noun
891,TIDE,noun
892,TIME,noun
893,TIN (METAL),noun
894,TOAD,noun
895,TORTOISE,noun
897,SWALLOW,verb
898,TRADE,verb
899,PRESIDENT,noun
9,ANNOUNCE,verb
90,INNOCENT,adjective
900,TRAIN,noun
902,ADULTERY,noun
903,ASPEN,noun
904,BERRY,noun
905,BORING,adjective
906,TREE,noun
907,OLD WOMAN,noun
908,DRUM,noun
909,GARBAGE,noun
91,INSOLENT,adjective
910,DEATH,noun
911,TEMPLE,noun
912,COYOTE,noun
913,CROW,noun
914,SCULPTOR,noun
915,SINK (BASIN),noun
916,LINEN,noun
917,ORNAMENT,noun
919,CHILI PEPPER,noun
92,SPOIL (SOMEBODY OR SOMETHING),verb
920,GRAPE,noun
921,VALLEY,noun
922,PEAR,noun
923,LOVE,verb
924,VEGETABLES,noun
925,CASSAVA,noun
926,RICE,noun
928,EMBRACE,verb
93,DRAW MILK,verb
930,VILLAGE,noun
931,MILLET,noun
932,BARLEY,noun
933,WALL (OF HOUSE),noun
934,BUFFALO,noun
935,WAR,noun
936,STALLION,noun
937,BIRD,noun
938,MARE,noun
940,STRAIN,verb
941,MEAD,noun
942,HONEY,noun
943,WATERFALL,noun
945,SPEAR,noun
946,BLOOD,noun
947,STREAM,noun
948,WATER,noun
949,WATER LEECH,noun
95,SANDFLY,noun
951,WEAPONS,noun
952,WEATHER,noun
953,RAPE,noun
954,WELL,noun
955,GREASY,adjective
956,FLEE,verb
958,WILD ANIMAL,noun
96,CRAWL,verb
960,WIND,noun
961,PEBBLES,noun
962,WOMAN,noun
963,BOOK,noun
964,WOOL,noun
965,WORLD,noun
967,YEAST,noun
968,ACORN,noun
969,CIGARETTE,noun
97,THROUGH,other
970,COCONUT,noun
971,MUST,verb
972,BE ABLE,verb
973,NOODLE,noun
974,TOBACCO,noun
975,SPINACH,noun
976,WEAR,verb
977,ARROW,noun
978,WAVE,noun
979,FARMER,noun
98,ALL,other
980,HEEL,noun
981,ELBOW,noun
983,CONVICT,verb
984,WORK (LABOUR),noun
985,VINEGAR,noun
986,TOMATO,noun
987,REMAIN,verb
988,ACQUIT,verb
989,CLEAR,adjective
99,HUNCHBACK,noun
990,CREEK (TIDAL),noun
991,FRY,verb
992,CLIFF,noun
993,RIVER BED,noun
994,BOW,noun
995,QUIVER (FOR ARROWS),noun
996,DEAF,adjective
998,PUT,verb
999,JOINT,noun
