Item	Gloss	Site_Code	Site_Name	PDF_Page	Printed_Page	Column	Manual_Transcription	Review_Status	Confidence	Uncertainty	Reviewer_Method	Reviewed_At	Reviewer_Declaration
83	meat	TIR	Tiriya	19	14	1	cɛp	attested	high		manual visual inspection of 600-dpi rendered page; difficult glyphs rechecked at 1200 dpi	2026-08-28	hand-keyed-from-rendered-source; OCR-not-copied
83	meat	NET	Nethanar	19	14	2	cɛp	attested	high		manual visual inspection of 600-dpi rendered page; difficult glyphs rechecked at 1200 dpi	2026-08-28	hand-keyed-from-rendered-source; OCR-not-copied
83	meat	DHA	Dharba	19	14	3	cɛp	attested	high		manual visual inspection of 600-dpi rendered page; difficult glyphs rechecked at 1200 dpi	2026-08-28	hand-keyed-from-rendered-source; OCR-not-copied
83	meat	KUK	Kukanar	19	14	4	cɛp	attested	high		manual visual inspection of 600-dpi rendered page; difficult glyphs rechecked at 1200 dpi	2026-08-28	hand-keyed-from-rendered-source; OCR-not-copied
83	meat	U5	Unlabeled fifth printed column	19	14	5	cɛp	attested	high		manual visual inspection of 600-dpi rendered page; difficult glyphs rechecked at 1200 dpi	2026-08-28	hand-keyed-from-rendered-source; OCR-not-copied
84	fish	TIR	Tiriya	19	14	1	mini	attested	high		manual visual inspection of 600-dpi rendered page; difficult glyphs rechecked at 1200 dpi	2026-08-28	hand-keyed-from-rendered-source; OCR-not-copied
84	fish	NET	Nethanar	19	14	2	mini	attested	high		manual visual inspection of 600-dpi rendered page; difficult glyphs rechecked at 1200 dpi	2026-08-28	hand-keyed-from-rendered-source; OCR-not-copied
84	fish	DHA	Dharba	19	14	3	mini	attested	high		manual visual inspection of 600-dpi rendered page; difficult glyphs rechecked at 1200 dpi	2026-08-28	hand-keyed-from-rendered-source; OCR-not-copied
84	fish	KUK	Kukanar	19	14	4	mini	attested	high		manual visual inspection of 600-dpi rendered page; difficult glyphs rechecked at 1200 dpi	2026-08-28	hand-keyed-from-rendered-source; OCR-not-copied
84	fish	U5	Unlabeled fifth printed column	19	14	5	mini	attested	high		manual visual inspection of 600-dpi rendered page; difficult glyphs rechecked at 1200 dpi	2026-08-28	hand-keyed-from-rendered-source; OCR-not-copied
85	chicken	TIR	Tiriya	19	14	1	kor	attested	high		manual visual inspection of 600-dpi rendered page; difficult glyphs rechecked at 1200 dpi	2026-08-28	hand-keyed-from-rendered-source; OCR-not-copied
85	chicken	NET	Nethanar	19	14	2	kor	attested	high		manual visual inspection of 600-dpi rendered page; difficult glyphs rechecked at 1200 dpi	2026-08-28	hand-keyed-from-rendered-source; OCR-not-copied
85	chicken	DHA	Dharba	19	14	3	kor	attested	high		manual visual inspection of 600-dpi rendered page; difficult glyphs rechecked at 1200 dpi	2026-08-28	hand-keyed-from-rendered-source; OCR-not-copied
85	chicken	KUK	Kukanar	19	14	4	kor	attested	high		manual visual inspection of 600-dpi rendered page; difficult glyphs rechecked at 1200 dpi	2026-08-28	hand-keyed-from-rendered-source; OCR-not-copied
85	chicken	U5	Unlabeled fifth printed column	19	14	5	kor	attested	high		manual visual inspection of 600-dpi rendered page; difficult glyphs rechecked at 1200 dpi	2026-08-28	hand-keyed-from-rendered-source; OCR-not-copied
86	egg	TIR	Tiriya	19	14	1	kɛrba	attested	high		manual visual inspection of 600-dpi rendered page; difficult glyphs rechecked at 1200 dpi	2026-08-28	hand-keyed-from-rendered-source; OCR-not-copied
86	egg	NET	Nethanar	19	14	2	kɛrba	attested	high		manual visual inspection of 600-dpi rendered page; difficult glyphs rechecked at 1200 dpi	2026-08-28	hand-keyed-from-rendered-source; OCR-not-copied
86	egg	DHA	Dharba	19	14	3	kɛrba	attested	high		manual visual inspection of 600-dpi rendered page; difficult glyphs rechecked at 1200 dpi	2026-08-28	hand-keyed-from-rendered-source; OCR-not-copied
86	egg	KUK	Kukanar	19	14	4	kɛrba	attested	high		manual visual inspection of 600-dpi rendered page; difficult glyphs rechecked at 1200 dpi	2026-08-28	hand-keyed-from-rendered-source; OCR-not-copied
86	egg	U5	Unlabeled fifth printed column	19	14	5	kɛrba	attested	high		manual visual inspection of 600-dpi rendered page; difficult glyphs rechecked at 1200 dpi	2026-08-28	hand-keyed-from-rendered-source; OCR-not-copied
87	cow	TIR	Tiriya	19	14	1	gay	attested	high		manual visual inspection of 600-dpi rendered page; difficult glyphs rechecked at 1200 dpi	2026-08-28	hand-keyed-from-rendered-source; OCR-not-copied
87	cow	NET	Nethanar	19	14	2	gay	attested	high		manual visual inspection of 600-dpi rendered page; difficult glyphs rechecked at 1200 dpi	2026-08-28	hand-keyed-from-rendered-source; OCR-not-copied
87	cow	DHA	Dharba	19	14	3	gay	attested	high		manual visual inspection of 600-dpi rendered page; difficult glyphs rechecked at 1200 dpi	2026-08-28	hand-keyed-from-rendered-source; OCR-not-copied
87	cow	KUK	Kukanar	19	14	4	gay	attested	high		manual visual inspection of 600-dpi rendered page; difficult glyphs rechecked at 1200 dpi	2026-08-28	hand-keyed-from-rendered-source; OCR-not-copied
87	cow	U5	Unlabeled fifth printed column	19	14	5	gaj	attested	high		manual visual inspection of 600-dpi rendered page; difficult glyphs rechecked at 1200 dpi	2026-08-28	hand-keyed-from-rendered-source; OCR-not-copied
88	bull	TIR	Tiriya	19	14	1	bʌɖal	attested	high		manual visual inspection of 600-dpi rendered page; difficult glyphs rechecked at 1200 dpi	2026-08-28	hand-keyed-from-rendered-source; OCR-not-copied
88	bull	NET	Nethanar	19	14	2	bʌɖal	attested	high		manual visual inspection of 600-dpi rendered page; difficult glyphs rechecked at 1200 dpi	2026-08-28	hand-keyed-from-rendered-source; OCR-not-copied
88	bull	DHA	Dharba	19	14	3	bʌɖar	attested	high		manual visual inspection of 600-dpi rendered page; difficult glyphs rechecked at 1200 dpi	2026-08-28	hand-keyed-from-rendered-source; OCR-not-copied
88	bull	KUK	Kukanar	19	14	4	bʌɖal	attested	high		manual visual inspection of 600-dpi rendered page; difficult glyphs rechecked at 1200 dpi	2026-08-28	hand-keyed-from-rendered-source; OCR-not-copied
88	bull	U5	Unlabeled fifth printed column	19	14	5	bʌɖar	attested	high		manual visual inspection of 600-dpi rendered page; difficult glyphs rechecked at 1200 dpi	2026-08-28	hand-keyed-from-rendered-source; OCR-not-copied
89	buffalo	TIR	Tiriya	19	14	1	cɪr	attested	high		manual visual inspection of 600-dpi rendered page; difficult glyphs rechecked at 1200 dpi	2026-08-28	hand-keyed-from-rendered-source; OCR-not-copied
89	buffalo	NET	Nethanar	19	14	2	cɪr	attested	high		manual visual inspection of 600-dpi rendered page; difficult glyphs rechecked at 1200 dpi	2026-08-28	hand-keyed-from-rendered-source; OCR-not-copied
89	buffalo	DHA	Dharba	19	14	3	cɪr	attested	high		manual visual inspection of 600-dpi rendered page; difficult glyphs rechecked at 1200 dpi	2026-08-28	hand-keyed-from-rendered-source; OCR-not-copied
89	buffalo	KUK	Kukanar	19	14	4	cɪru	attested	high		manual visual inspection of 600-dpi rendered page; difficult glyphs rechecked at 1200 dpi	2026-08-28	hand-keyed-from-rendered-source; OCR-not-copied
89	buffalo	U5	Unlabeled fifth printed column	19	14	5	ciru	attested	high		manual visual inspection of 600-dpi rendered page; difficult glyphs rechecked at 1200 dpi	2026-08-28	hand-keyed-from-rendered-source; OCR-not-copied
90	milk	TIR	Tiriya	19	14	1	pel	attested	high		manual visual inspection of 600-dpi rendered page; difficult glyphs rechecked at 1200 dpi	2026-08-28	hand-keyed-from-rendered-source; OCR-not-copied
90	milk	NET	Nethanar	19	14	2	pel	attested	high		manual visual inspection of 600-dpi rendered page; difficult glyphs rechecked at 1200 dpi	2026-08-28	hand-keyed-from-rendered-source; OCR-not-copied
90	milk	DHA	Dharba	19	14	3	pel	attested	high		manual visual inspection of 600-dpi rendered page; difficult glyphs rechecked at 1200 dpi	2026-08-28	hand-keyed-from-rendered-source; OCR-not-copied
90	milk	KUK	Kukanar	19	14	4	pel	attested	high		manual visual inspection of 600-dpi rendered page; difficult glyphs rechecked at 1200 dpi	2026-08-28	hand-keyed-from-rendered-source; OCR-not-copied
90	milk	U5	Unlabeled fifth printed column	19	14	5	pelu	attested	high		manual visual inspection of 600-dpi rendered page; difficult glyphs rechecked at 1200 dpi	2026-08-28	hand-keyed-from-rendered-source; OCR-not-copied
91	tail	TIR	Tiriya	19	14	1	dʒaʈi	attested	high		manual visual inspection of 600-dpi rendered page; difficult glyphs rechecked at 1200 dpi	2026-08-28	hand-keyed-from-rendered-source; OCR-not-copied
91	tail	NET	Nethanar	19	14	2	jaʈi	attested	high		manual visual inspection of 600-dpi rendered page; difficult glyphs rechecked at 1200 dpi	2026-08-28	hand-keyed-from-rendered-source; OCR-not-copied
91	tail	DHA	Dharba	19	14	3	neŋgɖa	attested	high		manual visual inspection of 600-dpi rendered page; difficult glyphs rechecked at 1200 dpi	2026-08-28	hand-keyed-from-rendered-source; OCR-not-copied
91	tail	KUK	Kukanar	19	14	4	purla	attested	high		manual visual inspection of 600-dpi rendered page; difficult glyphs rechecked at 1200 dpi	2026-08-28	hand-keyed-from-rendered-source; OCR-not-copied
91	tail	U5	Unlabeled fifth printed column	19	14	5	purla	attested	high		manual visual inspection of 600-dpi rendered page; difficult glyphs rechecked at 1200 dpi	2026-08-28	hand-keyed-from-rendered-source; OCR-not-copied
92	horn	TIR	Tiriya	19	14	1	ko:ɖu	attested	high		manual visual inspection of 600-dpi rendered page; difficult glyphs rechecked at 1200 dpi	2026-08-28	hand-keyed-from-rendered-source; OCR-not-copied
92	horn	NET	Nethanar	19	14	2	ko:ɖu	attested	high		manual visual inspection of 600-dpi rendered page; difficult glyphs rechecked at 1200 dpi	2026-08-28	hand-keyed-from-rendered-source; OCR-not-copied
92	horn	DHA	Dharba	19	14	3	ko:ɖ	attested	high		manual visual inspection of 600-dpi rendered page; difficult glyphs rechecked at 1200 dpi	2026-08-28	hand-keyed-from-rendered-source; OCR-not-copied
92	horn	KUK	Kukanar	19	14	4	ko:ɖ	attested	high		manual visual inspection of 600-dpi rendered page; difficult glyphs rechecked at 1200 dpi	2026-08-28	hand-keyed-from-rendered-source; OCR-not-copied
92	horn	U5	Unlabeled fifth printed column	19	14	5	ko:ɖu	attested	high		manual visual inspection of 600-dpi rendered page; difficult glyphs rechecked at 1200 dpi	2026-08-28	hand-keyed-from-rendered-source; OCR-not-copied
93	goat	TIR	Tiriya	19	14	1	meva	attested	high		manual visual inspection of 600-dpi rendered page; difficult glyphs rechecked at 1200 dpi	2026-08-28	hand-keyed-from-rendered-source; OCR-not-copied
93	goat	NET	Nethanar	19	14	2	meva	attested	high		manual visual inspection of 600-dpi rendered page; difficult glyphs rechecked at 1200 dpi	2026-08-28	hand-keyed-from-rendered-source; OCR-not-copied
93	goat	DHA	Dharba	19	14	3	meva	attested	high		manual visual inspection of 600-dpi rendered page; difficult glyphs rechecked at 1200 dpi	2026-08-28	hand-keyed-from-rendered-source; OCR-not-copied
93	goat	KUK	Kukanar	19	14	4	meva	attested	high		manual visual inspection of 600-dpi rendered page; difficult glyphs rechecked at 1200 dpi	2026-08-28	hand-keyed-from-rendered-source; OCR-not-copied
93	goat	U5	Unlabeled fifth printed column	19	14	5	meja	attested	high		manual visual inspection of 600-dpi rendered page; difficult glyphs rechecked at 1200 dpi	2026-08-28	hand-keyed-from-rendered-source; OCR-not-copied
94	sheep	TIR	Tiriya	19	14	1	meɳɖa	attested	high		manual visual inspection of 600-dpi rendered page; difficult glyphs rechecked at 1200 dpi	2026-08-28	hand-keyed-from-rendered-source; OCR-not-copied
94	sheep	NET	Nethanar	19	14	2	meɳɖa	attested	high		manual visual inspection of 600-dpi rendered page; difficult glyphs rechecked at 1200 dpi	2026-08-28	hand-keyed-from-rendered-source; OCR-not-copied
94	sheep	DHA	Dharba	19	14	3	meɳɖa	attested	high		manual visual inspection of 600-dpi rendered page; difficult glyphs rechecked at 1200 dpi	2026-08-28	hand-keyed-from-rendered-source; OCR-not-copied
94	sheep	KUK	Kukanar	19	14	4	meɳɖa	attested	high		manual visual inspection of 600-dpi rendered page; difficult glyphs rechecked at 1200 dpi	2026-08-28	hand-keyed-from-rendered-source; OCR-not-copied
94	sheep	U5	Unlabeled fifth printed column	19	14	5	meɳɖa	attested	high		manual visual inspection of 600-dpi rendered page; difficult glyphs rechecked at 1200 dpi	2026-08-28	hand-keyed-from-rendered-source; OCR-not-copied
95	dog	TIR	Tiriya	19	14	1	nɛʈ:a	attested	high		manual visual inspection of 600-dpi rendered page; difficult glyphs rechecked at 1200 dpi	2026-08-28	hand-keyed-from-rendered-source; OCR-not-copied
95	dog	NET	Nethanar	19	14	2	nɛʈ:a	attested	high		manual visual inspection of 600-dpi rendered page; difficult glyphs rechecked at 1200 dpi	2026-08-28	hand-keyed-from-rendered-source; OCR-not-copied
95	dog	DHA	Dharba	19	14	3	nɛʈ:a	attested	high		manual visual inspection of 600-dpi rendered page; difficult glyphs rechecked at 1200 dpi	2026-08-28	hand-keyed-from-rendered-source; OCR-not-copied
95	dog	KUK	Kukanar	19	14	4	nɛʈ:a	attested	high		manual visual inspection of 600-dpi rendered page; difficult glyphs rechecked at 1200 dpi	2026-08-28	hand-keyed-from-rendered-source; OCR-not-copied
95	dog	U5	Unlabeled fifth printed column	19	14	5	nɛʈ:a	attested	high		manual visual inspection of 600-dpi rendered page; difficult glyphs rechecked at 1200 dpi	2026-08-28	hand-keyed-from-rendered-source; OCR-not-copied
96	mosquito	TIR	Tiriya	19	14	1	nurñyi	attested	high		manual visual inspection of 600-dpi rendered page; difficult glyphs rechecked at 1200 dpi	2026-08-28	hand-keyed-from-rendered-source; OCR-not-copied
96	mosquito	NET	Nethanar	19	14	2	kerkot:il	attested	high		manual visual inspection of 600-dpi rendered page; difficult glyphs rechecked at 1200 dpi	2026-08-28	hand-keyed-from-rendered-source; OCR-not-copied
96	mosquito	DHA	Dharba	19	14	3	kergoti	attested	high		manual visual inspection of 600-dpi rendered page; difficult glyphs rechecked at 1200 dpi	2026-08-28	hand-keyed-from-rendered-source; OCR-not-copied
96	mosquito	KUK	Kukanar	19	14	4	urñyil	attested	high		manual visual inspection of 600-dpi rendered page; difficult glyphs rechecked at 1200 dpi	2026-08-28	hand-keyed-from-rendered-source; OCR-not-copied
96	mosquito	U5	Unlabeled fifth printed column	19	14	5	urñdʒil	attested	high		manual visual inspection of 600-dpi rendered page; difficult glyphs rechecked at 1200 dpi	2026-08-28	hand-keyed-from-rendered-source; OCR-not-copied
97	rat	TIR	Tiriya	19	14	1	ɛl	attested	high		manual visual inspection of 600-dpi rendered page; difficult glyphs rechecked at 1200 dpi	2026-08-28	hand-keyed-from-rendered-source; OCR-not-copied
97	rat	NET	Nethanar	19	14	2	ɛl:u	attested	high		manual visual inspection of 600-dpi rendered page; difficult glyphs rechecked at 1200 dpi	2026-08-28	hand-keyed-from-rendered-source; OCR-not-copied
97	rat	DHA	Dharba	19	14	3	ɛl	attested	high		manual visual inspection of 600-dpi rendered page; difficult glyphs rechecked at 1200 dpi	2026-08-28	hand-keyed-from-rendered-source; OCR-not-copied
97	rat	KUK	Kukanar	19	14	4	ɛl:u	attested	high		manual visual inspection of 600-dpi rendered page; difficult glyphs rechecked at 1200 dpi	2026-08-28	hand-keyed-from-rendered-source; OCR-not-copied
97	rat	U5	Unlabeled fifth printed column	19	14	5	ɛl:u	attested	high		manual visual inspection of 600-dpi rendered page; difficult glyphs rechecked at 1200 dpi	2026-08-28	hand-keyed-from-rendered-source; OCR-not-copied
98	ant	TIR	Tiriya	19	14	1	coɖ:a	attested	high		manual visual inspection of 600-dpi rendered page; difficult glyphs rechecked at 1200 dpi	2026-08-28	hand-keyed-from-rendered-source; OCR-not-copied
98	ant	NET	Nethanar	19	14	2	coɖ:a	attested	high		manual visual inspection of 600-dpi rendered page; difficult glyphs rechecked at 1200 dpi	2026-08-28	hand-keyed-from-rendered-source; OCR-not-copied
98	ant	DHA	Dharba	19	14	3	coɖ:a	attested	high		manual visual inspection of 600-dpi rendered page; difficult glyphs rechecked at 1200 dpi	2026-08-28	hand-keyed-from-rendered-source; OCR-not-copied
98	ant	KUK	Kukanar	19	14	4	coɖ:a	attested	high		manual visual inspection of 600-dpi rendered page; difficult glyphs rechecked at 1200 dpi	2026-08-28	hand-keyed-from-rendered-source; OCR-not-copied
98	ant	U5	Unlabeled fifth printed column	19	14	5	coɖ:a	attested	high		manual visual inspection of 600-dpi rendered page; difficult glyphs rechecked at 1200 dpi	2026-08-28	hand-keyed-from-rendered-source; OCR-not-copied
99	spider	TIR	Tiriya	19	14	1	makɖa ɖaɖi	attested	high		manual visual inspection of 600-dpi rendered page; difficult glyphs rechecked at 1200 dpi	2026-08-28	hand-keyed-from-rendered-source; OCR-not-copied
99	spider	NET	Nethanar	19	14	2	makɖa ɖadi	attested	high		manual visual inspection of 600-dpi rendered page; difficult glyphs rechecked at 1200 dpi	2026-08-28	hand-keyed-from-rendered-source; OCR-not-copied
99	spider	DHA	Dharba	19	14	3	makɖa ɖaɖi	attested	high		manual visual inspection of 600-dpi rendered page; difficult glyphs rechecked at 1200 dpi	2026-08-28	hand-keyed-from-rendered-source; OCR-not-copied
99	spider	KUK	Kukanar	19	14	4	pɛlaj baɳdur	attested	high		manual visual inspection of 600-dpi rendered page; difficult glyphs rechecked at 1200 dpi	2026-08-28	hand-keyed-from-rendered-source; OCR-not-copied
99	spider	U5	Unlabeled fifth printed column	19	14	5	bala	attested	high		manual visual inspection of 600-dpi rendered page; difficult glyphs rechecked at 1200 dpi	2026-08-28	hand-keyed-from-rendered-source; OCR-not-copied
100	person	TIR	Tiriya	19	14	1	mañdʒa	attested	high		manual visual inspection of 600-dpi rendered page; difficult glyphs rechecked at 1200 dpi	2026-08-28	hand-keyed-from-rendered-source; OCR-not-copied
100	person	NET	Nethanar	19	14	2	mañja	attested	high		manual visual inspection of 600-dpi rendered page; difficult glyphs rechecked at 1200 dpi	2026-08-28	hand-keyed-from-rendered-source; OCR-not-copied
100	person	DHA	Dharba	19	14	3	mañja	attested	high		manual visual inspection of 600-dpi rendered page; difficult glyphs rechecked at 1200 dpi	2026-08-28	hand-keyed-from-rendered-source; OCR-not-copied
100	person	KUK	Kukanar	19	14	4	mañja	attested	high		manual visual inspection of 600-dpi rendered page; difficult glyphs rechecked at 1200 dpi	2026-08-28	hand-keyed-from-rendered-source; OCR-not-copied
100	person	U5	Unlabeled fifth printed column	19	14	5	mʌñe	attested	high		manual visual inspection of 600-dpi rendered page; difficult glyphs rechecked at 1200 dpi	2026-08-28	hand-keyed-from-rendered-source; OCR-not-copied
101	man	TIR	Tiriya	19	14	1	mayid	attested	high		manual visual inspection of 600-dpi rendered page; difficult glyphs rechecked at 1200 dpi	2026-08-28	hand-keyed-from-rendered-source; OCR-not-copied
101	man	NET	Nethanar	19	14	2	mʌyɖ	attested	high		manual visual inspection of 600-dpi rendered page; difficult glyphs rechecked at 1200 dpi	2026-08-28	hand-keyed-from-rendered-source; OCR-not-copied
101	man	DHA	Dharba	19	14	3	mʌyɖ	attested	high		manual visual inspection of 600-dpi rendered page; difficult glyphs rechecked at 1200 dpi	2026-08-28	hand-keyed-from-rendered-source; OCR-not-copied
101	man	KUK	Kukanar	19	14	4	mʌyɖ	attested	high		manual visual inspection of 600-dpi rendered page; difficult glyphs rechecked at 1200 dpi	2026-08-28	hand-keyed-from-rendered-source; OCR-not-copied
101	man	U5	Unlabeled fifth printed column	19	14	5	mʌyɖ	attested	high		manual visual inspection of 600-dpi rendered page; difficult glyphs rechecked at 1200 dpi	2026-08-28	hand-keyed-from-rendered-source; OCR-not-copied
102	woman	TIR	Tiriya	19	14	1	ayal	attested	high		manual visual inspection of 600-dpi rendered page; difficult glyphs rechecked at 1200 dpi	2026-08-28	hand-keyed-from-rendered-source; OCR-not-copied
102	woman	NET	Nethanar	19	14	2	ayal	attested	high		manual visual inspection of 600-dpi rendered page; difficult glyphs rechecked at 1200 dpi	2026-08-28	hand-keyed-from-rendered-source; OCR-not-copied
102	woman	DHA	Dharba	19	14	3	ayal	attested	high		manual visual inspection of 600-dpi rendered page; difficult glyphs rechecked at 1200 dpi	2026-08-28	hand-keyed-from-rendered-source; OCR-not-copied
102	woman	KUK	Kukanar	19	14	4	ayal	attested	high		manual visual inspection of 600-dpi rendered page; difficult glyphs rechecked at 1200 dpi	2026-08-28	hand-keyed-from-rendered-source; OCR-not-copied
102	woman	U5	Unlabeled fifth printed column	19	14	5	ayal	attested	high		manual visual inspection of 600-dpi rendered page; difficult glyphs rechecked at 1200 dpi	2026-08-28	hand-keyed-from-rendered-source; OCR-not-copied
103	child	TIR	Tiriya	19	14	1	pap	attested	high		manual visual inspection of 600-dpi rendered page; difficult glyphs rechecked at 1200 dpi	2026-08-28	hand-keyed-from-rendered-source; OCR-not-copied
103	child	NET	Nethanar	19	14	2	pap	attested	high		manual visual inspection of 600-dpi rendered page; difficult glyphs rechecked at 1200 dpi	2026-08-28	hand-keyed-from-rendered-source; OCR-not-copied
103	child	DHA	Dharba	19	14	3	pap	attested	high		manual visual inspection of 600-dpi rendered page; difficult glyphs rechecked at 1200 dpi	2026-08-28	hand-keyed-from-rendered-source; OCR-not-copied
103	child	KUK	Kukanar	19	14	4	pap	attested	high		manual visual inspection of 600-dpi rendered page; difficult glyphs rechecked at 1200 dpi	2026-08-28	hand-keyed-from-rendered-source; OCR-not-copied
103	child	U5	Unlabeled fifth printed column	19	14	5	papu	attested	high		manual visual inspection of 600-dpi rendered page; difficult glyphs rechecked at 1200 dpi	2026-08-28	hand-keyed-from-rendered-source; OCR-not-copied
104	father	TIR	Tiriya	19	14	1	bual	attested	high		manual visual inspection of 600-dpi rendered page; difficult glyphs rechecked at 1200 dpi	2026-08-28	hand-keyed-from-rendered-source; OCR-not-copied
104	father	NET	Nethanar	19	14	2	bual	attested	high		manual visual inspection of 600-dpi rendered page; difficult glyphs rechecked at 1200 dpi	2026-08-28	hand-keyed-from-rendered-source; OCR-not-copied
104	father	DHA	Dharba	19	14	3	bual	attested	high		manual visual inspection of 600-dpi rendered page; difficult glyphs rechecked at 1200 dpi	2026-08-28	hand-keyed-from-rendered-source; OCR-not-copied
104	father	KUK	Kukanar	19	14	4	ʈaʈa	attested	high		manual visual inspection of 600-dpi rendered page; difficult glyphs rechecked at 1200 dpi	2026-08-28	hand-keyed-from-rendered-source; OCR-not-copied
104	father	U5	Unlabeled fifth printed column	19	14	5	ʈaʈa	attested	high		manual visual inspection of 600-dpi rendered page; difficult glyphs rechecked at 1200 dpi	2026-08-28	hand-keyed-from-rendered-source; OCR-not-copied
105	mother	TIR	Tiriya	19	14	1	iya	attested	high		manual visual inspection of 600-dpi rendered page; difficult glyphs rechecked at 1200 dpi	2026-08-28	hand-keyed-from-rendered-source; OCR-not-copied
105	mother	NET	Nethanar	19	14	2	iya	attested	high		manual visual inspection of 600-dpi rendered page; difficult glyphs rechecked at 1200 dpi	2026-08-28	hand-keyed-from-rendered-source; OCR-not-copied
105	mother	DHA	Dharba	19	14	3	iya	attested	high		manual visual inspection of 600-dpi rendered page; difficult glyphs rechecked at 1200 dpi	2026-08-28	hand-keyed-from-rendered-source; OCR-not-copied
105	mother	KUK	Kukanar	19	14	4	iya/ʈʌl	attested	high		manual visual inspection of 600-dpi rendered page; difficult glyphs rechecked at 1200 dpi	2026-08-28	hand-keyed-from-rendered-source; OCR-not-copied
105	mother	U5	Unlabeled fifth printed column	19	14	5	iya	attested	high		manual visual inspection of 600-dpi rendered page; difficult glyphs rechecked at 1200 dpi	2026-08-28	hand-keyed-from-rendered-source; OCR-not-copied
106	brother	TIR	Tiriya	19	14	1	ʈol:eɖ	attested	high		manual visual inspection of 600-dpi rendered page; difficult glyphs rechecked at 1200 dpi	2026-08-28	hand-keyed-from-rendered-source; OCR-not-copied
106	brother	NET	Nethanar	19	14	2	ʈol:eɖ	attested	high		manual visual inspection of 600-dpi rendered page; difficult glyphs rechecked at 1200 dpi	2026-08-28	hand-keyed-from-rendered-source; OCR-not-copied
106	brother	DHA	Dharba	19	14	3	ʈol:eɖ	attested	high		manual visual inspection of 600-dpi rendered page; difficult glyphs rechecked at 1200 dpi	2026-08-28	hand-keyed-from-rendered-source; OCR-not-copied
106	brother	KUK	Kukanar	19	14	4	ʈol:eɖ	attested	high		manual visual inspection of 600-dpi rendered page; difficult glyphs rechecked at 1200 dpi	2026-08-28	hand-keyed-from-rendered-source; OCR-not-copied
106	brother	U5	Unlabeled fifth printed column	19	14	5	ʈol:eɖ	attested	high		manual visual inspection of 600-dpi rendered page; difficult glyphs rechecked at 1200 dpi	2026-08-28	hand-keyed-from-rendered-source; OCR-not-copied
107	sister	TIR	Tiriya	19	14	1	calal	attested	high		manual visual inspection of 600-dpi rendered page; difficult glyphs rechecked at 1200 dpi	2026-08-28	hand-keyed-from-rendered-source; OCR-not-copied
107	sister	NET	Nethanar	19	14	2	calal	attested	high		manual visual inspection of 600-dpi rendered page; difficult glyphs rechecked at 1200 dpi	2026-08-28	hand-keyed-from-rendered-source; OCR-not-copied
107	sister	DHA	Dharba	19	14	3	calal	attested	high		manual visual inspection of 600-dpi rendered page; difficult glyphs rechecked at 1200 dpi	2026-08-28	hand-keyed-from-rendered-source; OCR-not-copied
107	sister	KUK	Kukanar	19	14	4	calal	attested	high		manual visual inspection of 600-dpi rendered page; difficult glyphs rechecked at 1200 dpi	2026-08-28	hand-keyed-from-rendered-source; OCR-not-copied
107	sister	U5	Unlabeled fifth printed column	19	14	5	calal	attested	high		manual visual inspection of 600-dpi rendered page; difficult glyphs rechecked at 1200 dpi	2026-08-28	hand-keyed-from-rendered-source; OCR-not-copied
108	son	TIR	Tiriya	19	14	1	cinɖu	attested	high		manual visual inspection of 600-dpi rendered page; difficult glyphs rechecked at 1200 dpi	2026-08-28	hand-keyed-from-rendered-source; OCR-not-copied
108	son	NET	Nethanar	19	14	2	cinɖ	attested	high		manual visual inspection of 600-dpi rendered page; difficult glyphs rechecked at 1200 dpi	2026-08-28	hand-keyed-from-rendered-source; OCR-not-copied
108	son	DHA	Dharba	19	14	3	ciɳɖ	attested	high		manual visual inspection of 600-dpi rendered page; difficult glyphs rechecked at 1200 dpi	2026-08-28	hand-keyed-from-rendered-source; OCR-not-copied
108	son	KUK	Kukanar	19	14	4	ciɳɖ	attested	high		manual visual inspection of 600-dpi rendered page; difficult glyphs rechecked at 1200 dpi	2026-08-28	hand-keyed-from-rendered-source; OCR-not-copied
108	son	U5	Unlabeled fifth printed column	19	14	5	ciɳɖu	attested	high		manual visual inspection of 600-dpi rendered page; difficult glyphs rechecked at 1200 dpi	2026-08-28	hand-keyed-from-rendered-source; OCR-not-copied
109	daughter	TIR	Tiriya	19	14	1	mal	attested	high		manual visual inspection of 600-dpi rendered page; difficult glyphs rechecked at 1200 dpi	2026-08-28	hand-keyed-from-rendered-source; OCR-not-copied
109	daughter	NET	Nethanar	19	14	2	mal	attested	high		manual visual inspection of 600-dpi rendered page; difficult glyphs rechecked at 1200 dpi	2026-08-28	hand-keyed-from-rendered-source; OCR-not-copied
109	daughter	DHA	Dharba	19	14	3	mal	attested	high		manual visual inspection of 600-dpi rendered page; difficult glyphs rechecked at 1200 dpi	2026-08-28	hand-keyed-from-rendered-source; OCR-not-copied
109	daughter	KUK	Kukanar	19	14	4	mal	attested	high		manual visual inspection of 600-dpi rendered page; difficult glyphs rechecked at 1200 dpi	2026-08-28	hand-keyed-from-rendered-source; OCR-not-copied
109	daughter	U5	Unlabeled fifth printed column	19	14	5	mal	attested	high		manual visual inspection of 600-dpi rendered page; difficult glyphs rechecked at 1200 dpi	2026-08-28	hand-keyed-from-rendered-source; OCR-not-copied
110	husband	TIR	Tiriya	19	14	1	mayɖ	attested	high		manual visual inspection of 600-dpi rendered page; difficult glyphs rechecked at 1200 dpi	2026-08-28	hand-keyed-from-rendered-source; OCR-not-copied
110	husband	NET	Nethanar	19	14	2	mayɖ	attested	high		manual visual inspection of 600-dpi rendered page; difficult glyphs rechecked at 1200 dpi	2026-08-28	hand-keyed-from-rendered-source; OCR-not-copied
110	husband	DHA	Dharba	19	14	3	mayɖ	attested	high		manual visual inspection of 600-dpi rendered page; difficult glyphs rechecked at 1200 dpi	2026-08-28	hand-keyed-from-rendered-source; OCR-not-copied
110	husband	KUK	Kukanar	19	14	4	mayɖ	attested	high		manual visual inspection of 600-dpi rendered page; difficult glyphs rechecked at 1200 dpi	2026-08-28	hand-keyed-from-rendered-source; OCR-not-copied
110	husband	U5	Unlabeled fifth printed column	19	14	5	ʌreɖ	attested	high		manual visual inspection of 600-dpi rendered page; difficult glyphs rechecked at 1200 dpi	2026-08-28	hand-keyed-from-rendered-source; OCR-not-copied
111	wife	TIR	Tiriya	19	14	1	ayal	attested	high		manual visual inspection of 600-dpi rendered page; difficult glyphs rechecked at 1200 dpi	2026-08-28	hand-keyed-from-rendered-source; OCR-not-copied
111	wife	NET	Nethanar	19	14	2	ayal	attested	high		manual visual inspection of 600-dpi rendered page; difficult glyphs rechecked at 1200 dpi	2026-08-28	hand-keyed-from-rendered-source; OCR-not-copied
111	wife	DHA	Dharba	19	14	3	ayal	attested	high		manual visual inspection of 600-dpi rendered page; difficult glyphs rechecked at 1200 dpi	2026-08-28	hand-keyed-from-rendered-source; OCR-not-copied
111	wife	KUK	Kukanar	19	14	4	ayal	attested	high		manual visual inspection of 600-dpi rendered page; difficult glyphs rechecked at 1200 dpi	2026-08-28	hand-keyed-from-rendered-source; OCR-not-copied
111	wife	U5	Unlabeled fifth printed column	19	14	5	ʌre	attested	high		manual visual inspection of 600-dpi rendered page; difficult glyphs rechecked at 1200 dpi	2026-08-28	hand-keyed-from-rendered-source; OCR-not-copied
112	shrine	TIR	Tiriya	19	14	1	guɖ:i	attested	high		manual visual inspection of 600-dpi rendered page; difficult glyphs rechecked at 1200 dpi	2026-08-28	hand-keyed-from-rendered-source; OCR-not-copied
112	shrine	NET	Nethanar	19	14	2	guɖ:i	attested	high		manual visual inspection of 600-dpi rendered page; difficult glyphs rechecked at 1200 dpi	2026-08-28	hand-keyed-from-rendered-source; OCR-not-copied
112	shrine	DHA	Dharba	19	14	3	guɖ:i	attested	high		manual visual inspection of 600-dpi rendered page; difficult glyphs rechecked at 1200 dpi	2026-08-28	hand-keyed-from-rendered-source; OCR-not-copied
112	shrine	KUK	Kukanar	19	14	4	guɖ:i	attested	high		manual visual inspection of 600-dpi rendered page; difficult glyphs rechecked at 1200 dpi	2026-08-28	hand-keyed-from-rendered-source; OCR-not-copied
112	shrine	U5	Unlabeled fifth printed column	19	14	5	guɖ:i	attested	high		manual visual inspection of 600-dpi rendered page; difficult glyphs rechecked at 1200 dpi	2026-08-28	hand-keyed-from-rendered-source; OCR-not-copied
113	festival	TIR	Tiriya	19	14	1	tiyar	attested	high		manual visual inspection of 600-dpi rendered page; difficult glyphs rechecked at 1200 dpi	2026-08-28	hand-keyed-from-rendered-source; OCR-not-copied
113	festival	NET	Nethanar	19	14	2	ʈiyar	attested	high		manual visual inspection of 600-dpi rendered page; difficult glyphs rechecked at 1200 dpi	2026-08-28	hand-keyed-from-rendered-source; OCR-not-copied
113	festival	DHA	Dharba	19	14	3	ʈiyar	attested	high		manual visual inspection of 600-dpi rendered page; difficult glyphs rechecked at 1200 dpi	2026-08-28	hand-keyed-from-rendered-source; OCR-not-copied
113	festival	KUK	Kukanar	19	14	4	ʈiyar	attested	high		manual visual inspection of 600-dpi rendered page; difficult glyphs rechecked at 1200 dpi	2026-08-28	hand-keyed-from-rendered-source; OCR-not-copied
113	festival	U5	Unlabeled fifth printed column	19	14	5	ʈiyar	attested	high		manual visual inspection of 600-dpi rendered page; difficult glyphs rechecked at 1200 dpi	2026-08-28	hand-keyed-from-rendered-source; OCR-not-copied
114	spirit (evil)	TIR	Tiriya	19	14	1	bu:t	attested	high		manual visual inspection of 600-dpi rendered page; difficult glyphs rechecked at 1200 dpi	2026-08-28	hand-keyed-from-rendered-source; OCR-not-copied
114	spirit (evil)	NET	Nethanar	19	14	2	bu:ʈ	attested	high		manual visual inspection of 600-dpi rendered page; difficult glyphs rechecked at 1200 dpi	2026-08-28	hand-keyed-from-rendered-source; OCR-not-copied
114	spirit (evil)	DHA	Dharba	19	14	3	bu:ʈ	attested	high		manual visual inspection of 600-dpi rendered page; difficult glyphs rechecked at 1200 dpi	2026-08-28	hand-keyed-from-rendered-source; OCR-not-copied
114	spirit (evil)	KUK	Kukanar	19	14	4	bu:ʈ	attested	high		manual visual inspection of 600-dpi rendered page; difficult glyphs rechecked at 1200 dpi	2026-08-28	hand-keyed-from-rendered-source; OCR-not-copied
114	spirit (evil)	U5	Unlabeled fifth printed column	19	14	5	bu:ʈ	attested	high		manual visual inspection of 600-dpi rendered page; difficult glyphs rechecked at 1200 dpi	2026-08-28	hand-keyed-from-rendered-source; OCR-not-copied
115	day	TIR	Tiriya	19	14	1	pʌkʈa	attested	high		manual visual inspection of 600-dpi rendered page; difficult glyphs rechecked at 1200 dpi	2026-08-28	hand-keyed-from-rendered-source; OCR-not-copied
115	day	NET	Nethanar	19	14	2	pʌkʈa	attested	high		manual visual inspection of 600-dpi rendered page; difficult glyphs rechecked at 1200 dpi	2026-08-28	hand-keyed-from-rendered-source; OCR-not-copied
115	day	DHA	Dharba	19	14	3	pʌkʈa	attested	high		manual visual inspection of 600-dpi rendered page; difficult glyphs rechecked at 1200 dpi	2026-08-28	hand-keyed-from-rendered-source; OCR-not-copied
115	day	KUK	Kukanar	19	14	4	pʌkʈa	attested	high		manual visual inspection of 600-dpi rendered page; difficult glyphs rechecked at 1200 dpi	2026-08-28	hand-keyed-from-rendered-source; OCR-not-copied
115	day	U5	Unlabeled fifth printed column	19	14	5	pʌkʈa	attested	high		manual visual inspection of 600-dpi rendered page; difficult glyphs rechecked at 1200 dpi	2026-08-28	hand-keyed-from-rendered-source; OCR-not-copied
116	night	TIR	Tiriya	19	14	1	ciʈ:a	attested	high		manual visual inspection of 600-dpi rendered page; difficult glyphs rechecked at 1200 dpi	2026-08-28	hand-keyed-from-rendered-source; OCR-not-copied
116	night	NET	Nethanar	19	14	2	ciʈ:a	attested	high		manual visual inspection of 600-dpi rendered page; difficult glyphs rechecked at 1200 dpi	2026-08-28	hand-keyed-from-rendered-source; OCR-not-copied
116	night	DHA	Dharba	19	14	3	ciʈ:a	attested	high		manual visual inspection of 600-dpi rendered page; difficult glyphs rechecked at 1200 dpi	2026-08-28	hand-keyed-from-rendered-source; OCR-not-copied
116	night	KUK	Kukanar	19	14	4	ciʈ:a	attested	high		manual visual inspection of 600-dpi rendered page; difficult glyphs rechecked at 1200 dpi	2026-08-28	hand-keyed-from-rendered-source; OCR-not-copied
116	night	U5	Unlabeled fifth printed column	19	14	5	ciʈ:a	attested	high		manual visual inspection of 600-dpi rendered page; difficult glyphs rechecked at 1200 dpi	2026-08-28	hand-keyed-from-rendered-source; OCR-not-copied
117	morning	TIR	Tiriya	19	14	1	po:ka	attested	high		manual visual inspection of 600-dpi rendered page; difficult glyphs rechecked at 1200 dpi	2026-08-28	hand-keyed-from-rendered-source; OCR-not-copied
117	morning	NET	Nethanar	19	14	2	po:ka	attested	high		manual visual inspection of 600-dpi rendered page; difficult glyphs rechecked at 1200 dpi	2026-08-28	hand-keyed-from-rendered-source; OCR-not-copied
117	morning	DHA	Dharba	19	14	3	po:ka	attested	high		manual visual inspection of 600-dpi rendered page; difficult glyphs rechecked at 1200 dpi	2026-08-28	hand-keyed-from-rendered-source; OCR-not-copied
117	morning	KUK	Kukanar	19	14	4	po:ka	attested	high		manual visual inspection of 600-dpi rendered page; difficult glyphs rechecked at 1200 dpi	2026-08-28	hand-keyed-from-rendered-source; OCR-not-copied
117	morning	U5	Unlabeled fifth printed column	19	14	5	po:kayi	attested	high		manual visual inspection of 600-dpi rendered page; difficult glyphs rechecked at 1200 dpi	2026-08-28	hand-keyed-from-rendered-source; OCR-not-copied
118	noon	TIR	Tiriya	19	14	1	ʈɪʈ:e ɖɛlkul	attested	high		manual visual inspection of 600-dpi rendered page; difficult glyphs rechecked at 1200 dpi	2026-08-28	hand-keyed-from-rendered-source; OCR-not-copied
118	noon	NET	Nethanar	19	14	2	ʈɪʈ:e ɖɛlkul	attested	high		manual visual inspection of 600-dpi rendered page; difficult glyphs rechecked at 1200 dpi	2026-08-28	hand-keyed-from-rendered-source; OCR-not-copied
118	noon	DHA	Dharba	19	14	3	ʈɪʈ:eɖɛlkul	attested	high		manual visual inspection of 600-dpi rendered page; difficult glyphs rechecked at 1200 dpi	2026-08-28	hand-keyed-from-rendered-source; OCR-not-copied
118	noon	KUK	Kukanar	19	14	4	ʈɪʈ:eɖɛlkul	attested	high		manual visual inspection of 600-dpi rendered page; difficult glyphs rechecked at 1200 dpi	2026-08-28	hand-keyed-from-rendered-source; OCR-not-copied
118	noon	U5	Unlabeled fifth printed column	19	14	5	ʈɛlkul po:kal	attested	high		manual visual inspection of 600-dpi rendered page; difficult glyphs rechecked at 1200 dpi	2026-08-28	hand-keyed-from-rendered-source; OCR-not-copied
119	evening	TIR	Tiriya	19	14	1	aɳɖek	attested	high		manual visual inspection of 600-dpi rendered page; difficult glyphs rechecked at 1200 dpi	2026-08-28	hand-keyed-from-rendered-source; OCR-not-copied
119	evening	NET	Nethanar	19	14	2	aɳɖek	attested	high		manual visual inspection of 600-dpi rendered page; difficult glyphs rechecked at 1200 dpi	2026-08-28	hand-keyed-from-rendered-source; OCR-not-copied
119	evening	DHA	Dharba	19	14	3	aɳɖek	attested	high		manual visual inspection of 600-dpi rendered page; difficult glyphs rechecked at 1200 dpi	2026-08-28	hand-keyed-from-rendered-source; OCR-not-copied
119	evening	KUK	Kukanar	19	14	4	aɳɖek	attested	high		manual visual inspection of 600-dpi rendered page; difficult glyphs rechecked at 1200 dpi	2026-08-28	hand-keyed-from-rendered-source; OCR-not-copied
119	evening	U5	Unlabeled fifth printed column	19	14	5	aɳɖek	attested	high		manual visual inspection of 600-dpi rendered page; difficult glyphs rechecked at 1200 dpi	2026-08-28	hand-keyed-from-rendered-source; OCR-not-copied
120	yesterday	TIR	Tiriya	19	14	1	ari	attested	high		manual visual inspection of 600-dpi rendered page; difficult glyphs rechecked at 1200 dpi	2026-08-28	hand-keyed-from-rendered-source; OCR-not-copied
120	yesterday	NET	Nethanar	19	14	2	ari	attested	high		manual visual inspection of 600-dpi rendered page; difficult glyphs rechecked at 1200 dpi	2026-08-28	hand-keyed-from-rendered-source; OCR-not-copied
120	yesterday	DHA	Dharba	19	14	3	ari	attested	high		manual visual inspection of 600-dpi rendered page; difficult glyphs rechecked at 1200 dpi	2026-08-28	hand-keyed-from-rendered-source; OCR-not-copied
120	yesterday	KUK	Kukanar	19	14	4	ari	attested	high		manual visual inspection of 600-dpi rendered page; difficult glyphs rechecked at 1200 dpi	2026-08-28	hand-keyed-from-rendered-source; OCR-not-copied
120	yesterday	U5	Unlabeled fifth printed column	19	14	5	ari	attested	high		manual visual inspection of 600-dpi rendered page; difficult glyphs rechecked at 1200 dpi	2026-08-28	hand-keyed-from-rendered-source; OCR-not-copied
121	to day	TIR	Tiriya	19	14	1	ɪne	attested	high		manual visual inspection of 600-dpi rendered page; difficult glyphs rechecked at 1200 dpi	2026-08-28	hand-keyed-from-rendered-source; OCR-not-copied
121	to day	NET	Nethanar	19	14	2	ɪne	attested	high		manual visual inspection of 600-dpi rendered page; difficult glyphs rechecked at 1200 dpi	2026-08-28	hand-keyed-from-rendered-source; OCR-not-copied
121	to day	DHA	Dharba	19	14	3	ɪne	attested	high		manual visual inspection of 600-dpi rendered page; difficult glyphs rechecked at 1200 dpi	2026-08-28	hand-keyed-from-rendered-source; OCR-not-copied
121	to day	KUK	Kukanar	19	14	4	ɪne	attested	high		manual visual inspection of 600-dpi rendered page; difficult glyphs rechecked at 1200 dpi	2026-08-28	hand-keyed-from-rendered-source; OCR-not-copied
121	to day	U5	Unlabeled fifth printed column	19	14	5	ɪneni	attested	high		manual visual inspection of 600-dpi rendered page; difficult glyphs rechecked at 1200 dpi	2026-08-28	hand-keyed-from-rendered-source; OCR-not-copied
122	to morrow	TIR	Tiriya	19	14	1	ʈolli	attested	high		manual visual inspection of 600-dpi rendered page; difficult glyphs rechecked at 1200 dpi	2026-08-28	hand-keyed-from-rendered-source; OCR-not-copied
122	to morrow	NET	Nethanar	19	14	2	ʈol:i	attested	high		manual visual inspection of 600-dpi rendered page; difficult glyphs rechecked at 1200 dpi	2026-08-28	hand-keyed-from-rendered-source; OCR-not-copied
122	to morrow	DHA	Dharba	19	14	3	ʈol:i	attested	high		manual visual inspection of 600-dpi rendered page; difficult glyphs rechecked at 1200 dpi	2026-08-28	hand-keyed-from-rendered-source; OCR-not-copied
122	to morrow	KUK	Kukanar	19	14	4	ʈol:i	attested	high		manual visual inspection of 600-dpi rendered page; difficult glyphs rechecked at 1200 dpi	2026-08-28	hand-keyed-from-rendered-source; OCR-not-copied
122	to morrow	U5	Unlabeled fifth printed column	19	14	5	ʈol:i	attested	high		manual visual inspection of 600-dpi rendered page; difficult glyphs rechecked at 1200 dpi	2026-08-28	hand-keyed-from-rendered-source; OCR-not-copied
123	day after tomorrow	TIR	Tiriya	19	14	1	pɪnge	attested	high		manual visual inspection of 600-dpi rendered page; difficult glyphs rechecked at 1200 dpi	2026-08-28	hand-keyed-from-rendered-source; OCR-not-copied
123	day after tomorrow	NET	Nethanar	19	14	2	pɪnge	attested	high		manual visual inspection of 600-dpi rendered page; difficult glyphs rechecked at 1200 dpi	2026-08-28	hand-keyed-from-rendered-source; OCR-not-copied
123	day after tomorrow	DHA	Dharba	19	14	3	pɪnge	attested	high		manual visual inspection of 600-dpi rendered page; difficult glyphs rechecked at 1200 dpi	2026-08-28	hand-keyed-from-rendered-source; OCR-not-copied
123	day after tomorrow	KUK	Kukanar	19	14	4	pɪɖne	attested	high		manual visual inspection of 600-dpi rendered page; difficult glyphs rechecked at 1200 dpi	2026-08-28	hand-keyed-from-rendered-source; OCR-not-copied
123	day after tomorrow	U5	Unlabeled fifth printed column	19	14	5	pɪɖne	attested	high		manual visual inspection of 600-dpi rendered page; difficult glyphs rechecked at 1200 dpi	2026-08-28	hand-keyed-from-rendered-source; OCR-not-copied
124	week	TIR	Tiriya	19	14	1	aʈ ɖina	attested	high		manual visual inspection of 600-dpi rendered page; difficult glyphs rechecked at 1200 dpi	2026-08-28	hand-keyed-from-rendered-source; OCR-not-copied
124	week	NET	Nethanar	19	14	2	ad ɖina	attested	high		manual visual inspection of 600-dpi rendered page; difficult glyphs rechecked at 1200 dpi	2026-08-28	hand-keyed-from-rendered-source; OCR-not-copied
124	week	DHA	Dharba	19	14	3	aʈ ɖina	attested	high		manual visual inspection of 600-dpi rendered page; difficult glyphs rechecked at 1200 dpi	2026-08-28	hand-keyed-from-rendered-source; OCR-not-copied
124	week	KUK	Kukanar	19	14	4	aʈ ɖin	attested	high		manual visual inspection of 600-dpi rendered page; difficult glyphs rechecked at 1200 dpi	2026-08-28	hand-keyed-from-rendered-source; OCR-not-copied
124	week	U5	Unlabeled fifth printed column	19	14	5	aɖ ɖina	attested	high		manual visual inspection of 600-dpi rendered page; difficult glyphs rechecked at 1200 dpi	2026-08-28	hand-keyed-from-rendered-source; OCR-not-copied
